# Blender 4.4.3
# www.blender.org
mtllib CarChasis_Blue.mtl
o Circle.007
v -0.077983 0.388678 0.154338
v -0.077983 0.388678 0.154338
v -0.077983 0.388678 0.154338
v -0.077983 0.388678 0.154338
v -0.077983 0.399746 0.155429
v -0.077983 0.399746 0.155429
v -0.077983 0.399746 0.155429
v -0.077983 0.399746 0.155429
v -0.077983 0.410388 0.158657
v -0.077983 0.410388 0.158657
v -0.077983 0.410388 0.158657
v -0.077983 0.410388 0.158657
v -0.077983 0.420196 0.163899
v -0.077983 0.420196 0.163899
v -0.077983 0.420196 0.163899
v -0.077983 0.420196 0.163899
v -0.077983 0.428793 0.170955
v -0.077983 0.428793 0.170955
v -0.077983 0.428793 0.170955
v -0.077983 0.428793 0.170955
v -0.077983 0.435848 0.179551
v -0.077983 0.435848 0.179551
v -0.077983 0.435848 0.179551
v -0.077983 0.435848 0.179551
v -0.077983 0.441090 0.189359
v -0.077983 0.441090 0.189359
v -0.077983 0.441090 0.189359
v -0.077983 0.441090 0.189359
v -0.077983 0.444319 0.200002
v -0.077983 0.444319 0.200002
v -0.077983 0.444319 0.200002
v -0.077983 0.444319 0.200002
v -0.077983 0.445409 0.211069
v -0.077983 0.445409 0.211069
v -0.077983 0.445409 0.211069
v -0.077983 0.445409 0.211069
v -0.077983 0.444319 0.222137
v -0.077983 0.444319 0.222137
v -0.077983 0.444319 0.222137
v -0.077983 0.444319 0.222137
v -0.077983 0.441090 0.232779
v -0.077983 0.441090 0.232779
v -0.077983 0.441090 0.232779
v -0.077983 0.441090 0.232779
v -0.077983 0.435848 0.242587
v -0.077983 0.435848 0.242587
v -0.077983 0.435848 0.242587
v -0.077983 0.435848 0.242587
v -0.077983 0.428793 0.251184
v -0.077983 0.428793 0.251184
v -0.077983 0.428793 0.251184
v -0.077983 0.428793 0.251184
v -0.077983 0.420196 0.258239
v -0.077983 0.420196 0.258239
v -0.077983 0.420196 0.258239
v -0.077983 0.420196 0.258239
v -0.077983 0.410388 0.263482
v -0.077983 0.410388 0.263482
v -0.077983 0.410388 0.263482
v -0.077983 0.410388 0.263482
v -0.077983 0.399746 0.266710
v -0.077983 0.399746 0.266710
v -0.077983 0.399746 0.266710
v -0.077983 0.399746 0.266710
v -0.077983 0.388678 0.267800
v -0.077983 0.388678 0.267800
v -0.077983 0.388678 0.267800
v -0.077983 0.388678 0.267800
v -0.077983 0.377610 0.266710
v -0.077983 0.377610 0.266710
v -0.077983 0.377610 0.266710
v -0.077983 0.377610 0.266710
v -0.077983 0.366968 0.263482
v -0.077983 0.366968 0.263482
v -0.077983 0.366968 0.263482
v -0.077983 0.366968 0.263482
v -0.077983 0.357160 0.258239
v -0.077983 0.357160 0.258239
v -0.077983 0.357160 0.258239
v -0.077983 0.357160 0.258239
v -0.077983 0.348563 0.251184
v -0.077983 0.348563 0.251184
v -0.077983 0.348563 0.251184
v -0.077983 0.348563 0.251184
v -0.077983 0.341508 0.242587
v -0.077983 0.341508 0.242587
v -0.077983 0.341508 0.242587
v -0.077983 0.341508 0.242587
v -0.077983 0.336265 0.232779
v -0.077983 0.336265 0.232779
v -0.077983 0.336265 0.232779
v -0.077983 0.336265 0.232779
v -0.077983 0.333037 0.222137
v -0.077983 0.333037 0.222137
v -0.077983 0.333037 0.222137
v -0.077983 0.333037 0.222137
v -0.077983 0.331947 0.211069
v -0.077983 0.331947 0.211069
v -0.077983 0.331947 0.211069
v -0.077983 0.331947 0.211069
v -0.077983 0.333037 0.200002
v -0.077983 0.333037 0.200002
v -0.077983 0.333037 0.200002
v -0.077983 0.333037 0.200002
v -0.077983 0.336265 0.189359
v -0.077983 0.336265 0.189359
v -0.077983 0.336265 0.189359
v -0.077983 0.336265 0.189359
v -0.077983 0.341508 0.179551
v -0.077983 0.341508 0.179551
v -0.077983 0.341508 0.179551
v -0.077983 0.341508 0.179551
v -0.077983 0.348563 0.170955
v -0.077983 0.348563 0.170955
v -0.077983 0.348563 0.170955
v -0.077983 0.348563 0.170955
v -0.077983 0.357160 0.163899
v -0.077983 0.357160 0.163899
v -0.077983 0.357160 0.163899
v -0.077983 0.357160 0.163899
v -0.077983 0.366968 0.158657
v -0.077983 0.366968 0.158657
v -0.077983 0.366968 0.158657
v -0.077983 0.366968 0.158657
v -0.077983 0.377610 0.155429
v -0.077983 0.377610 0.155429
v -0.077983 0.377610 0.155429
v -0.077983 0.377610 0.155429
v -0.123402 0.402165 0.143264
v -0.123402 0.402165 0.143264
v -0.123402 0.402165 0.143264
v -0.123402 0.388678 0.141936
v -0.123402 0.388678 0.141936
v -0.123402 0.388678 0.141936
v -0.123402 0.415134 0.147198
v -0.123402 0.415134 0.147198
v -0.123402 0.415134 0.147198
v -0.123402 0.427086 0.153587
v -0.123402 0.427086 0.153587
v -0.123402 0.427086 0.153587
v -0.123402 0.437563 0.162185
v -0.123402 0.437563 0.162185
v -0.123402 0.437563 0.162185
v -0.123402 0.446160 0.172661
v -0.123402 0.446160 0.172661
v -0.123402 0.446160 0.172661
v -0.123402 0.452549 0.184613
v -0.123402 0.452549 0.184613
v -0.123402 0.452549 0.184613
v -0.123402 0.456483 0.197582
v -0.123402 0.456483 0.197582
v -0.123402 0.456483 0.197582
v -0.123402 0.457811 0.211069
v -0.123402 0.457811 0.211069
v -0.123402 0.457811 0.211069
v -0.123402 0.456483 0.224557
v -0.123402 0.456483 0.224557
v -0.123402 0.456483 0.224557
v -0.123402 0.452549 0.237526
v -0.123402 0.452549 0.237526
v -0.123402 0.452549 0.237526
v -0.123402 0.446160 0.249478
v -0.123402 0.446160 0.249478
v -0.123402 0.446160 0.249478
v -0.123402 0.437563 0.259954
v -0.123402 0.437563 0.259954
v -0.123402 0.437563 0.259954
v -0.123402 0.427086 0.268552
v -0.123402 0.427086 0.268552
v -0.123402 0.427086 0.268552
v -0.123402 0.415134 0.274940
v -0.123402 0.415134 0.274940
v -0.123402 0.415134 0.274940
v -0.123402 0.402165 0.278874
v -0.123402 0.402165 0.278874
v -0.123402 0.402165 0.278874
v -0.123402 0.388678 0.280203
v -0.123402 0.388678 0.280203
v -0.123402 0.388678 0.280203
v -0.123402 0.375191 0.278874
v -0.123402 0.375191 0.278874
v -0.123402 0.375191 0.278874
v -0.123402 0.362222 0.274940
v -0.123402 0.362222 0.274940
v -0.123402 0.362222 0.274940
v -0.123402 0.350269 0.268552
v -0.123402 0.350269 0.268552
v -0.123402 0.350269 0.268552
v -0.123402 0.339793 0.259954
v -0.123402 0.339793 0.259954
v -0.123402 0.339793 0.259954
v -0.123402 0.331195 0.249478
v -0.123402 0.331195 0.249478
v -0.123402 0.331195 0.249478
v -0.123402 0.324807 0.237526
v -0.123402 0.324807 0.237526
v -0.123402 0.324807 0.237526
v -0.123402 0.320873 0.224557
v -0.123402 0.320873 0.224557
v -0.123402 0.320873 0.224557
v -0.123402 0.319544 0.211069
v -0.123402 0.319544 0.211069
v -0.123402 0.319544 0.211069
v -0.123402 0.320873 0.197582
v -0.123402 0.320873 0.197582
v -0.123402 0.320873 0.197582
v -0.123402 0.324807 0.184613
v -0.123402 0.324807 0.184613
v -0.123402 0.324807 0.184613
v -0.123402 0.331195 0.172661
v -0.123402 0.331195 0.172661
v -0.123402 0.331195 0.172661
v -0.123402 0.339793 0.162185
v -0.123402 0.339793 0.162185
v -0.123402 0.339793 0.162185
v -0.123402 0.350269 0.153587
v -0.123402 0.350269 0.153587
v -0.123402 0.350269 0.153587
v -0.123402 0.362222 0.147198
v -0.123402 0.362222 0.147198
v -0.123402 0.362222 0.147198
v -0.123402 0.375191 0.143264
v -0.123402 0.375191 0.143264
v -0.123402 0.375191 0.143264
v -0.070684 0.402165 0.143264
v -0.070684 0.402165 0.143264
v -0.070684 0.402165 0.143264
v -0.070684 0.402165 0.143264
v -0.070684 0.388678 0.141936
v -0.070684 0.388678 0.141936
v -0.070684 0.388678 0.141936
v -0.070684 0.388678 0.141936
v -0.070684 0.415134 0.147198
v -0.070684 0.415134 0.147198
v -0.070684 0.415134 0.147198
v -0.070684 0.415134 0.147198
v -0.070684 0.427086 0.153587
v -0.070684 0.427086 0.153587
v -0.070684 0.427086 0.153587
v -0.070684 0.427086 0.153587
v -0.070684 0.437563 0.162185
v -0.070684 0.437563 0.162185
v -0.070684 0.437563 0.162185
v -0.070684 0.437563 0.162185
v -0.070684 0.446160 0.172661
v -0.070684 0.446160 0.172661
v -0.070684 0.446160 0.172661
v -0.070684 0.446160 0.172661
v -0.070684 0.452549 0.184613
v -0.070684 0.452549 0.184613
v -0.070684 0.452549 0.184613
v -0.070684 0.452549 0.184613
v -0.070684 0.456483 0.197582
v -0.070684 0.456483 0.197582
v -0.070684 0.456483 0.197582
v -0.070684 0.456483 0.197582
v -0.070684 0.457811 0.211069
v -0.070684 0.457811 0.211069
v -0.070684 0.457811 0.211069
v -0.070684 0.457811 0.211069
v -0.070684 0.456483 0.224557
v -0.070684 0.456483 0.224557
v -0.070684 0.456483 0.224557
v -0.070684 0.456483 0.224557
v -0.070684 0.452549 0.237526
v -0.070684 0.452549 0.237526
v -0.070684 0.452549 0.237526
v -0.070684 0.452549 0.237526
v -0.070684 0.446160 0.249478
v -0.070684 0.446160 0.249478
v -0.070684 0.446160 0.249478
v -0.070684 0.446160 0.249478
v -0.070684 0.437563 0.259954
v -0.070684 0.437563 0.259954
v -0.070684 0.437563 0.259954
v -0.070684 0.437563 0.259954
v -0.070684 0.427086 0.268552
v -0.070684 0.427086 0.268552
v -0.070684 0.427086 0.268552
v -0.070684 0.427086 0.268552
v -0.070684 0.415134 0.274940
v -0.070684 0.415134 0.274940
v -0.070684 0.415134 0.274940
v -0.070684 0.415134 0.274940
v -0.070684 0.402165 0.278874
v -0.070684 0.402165 0.278874
v -0.070684 0.402165 0.278874
v -0.070684 0.402165 0.278874
v -0.070684 0.388678 0.280203
v -0.070684 0.388678 0.280203
v -0.070684 0.388678 0.280203
v -0.070684 0.388678 0.280203
v -0.070684 0.375191 0.278874
v -0.070684 0.375191 0.278874
v -0.070684 0.375191 0.278874
v -0.070684 0.375191 0.278874
v -0.070684 0.362222 0.274940
v -0.070684 0.362222 0.274940
v -0.070684 0.362222 0.274940
v -0.070684 0.362222 0.274940
v -0.070684 0.350269 0.268552
v -0.070684 0.350269 0.268552
v -0.070684 0.350269 0.268552
v -0.070684 0.350269 0.268552
v -0.070684 0.339793 0.259954
v -0.070684 0.339793 0.259954
v -0.070684 0.339793 0.259954
v -0.070684 0.339793 0.259954
v -0.070684 0.331195 0.249478
v -0.070684 0.331195 0.249478
v -0.070684 0.331195 0.249478
v -0.070684 0.331195 0.249478
v -0.070684 0.324807 0.237526
v -0.070684 0.324807 0.237526
v -0.070684 0.324807 0.237526
v -0.070684 0.324807 0.237526
v -0.070684 0.320873 0.224557
v -0.070684 0.320873 0.224557
v -0.070684 0.320873 0.224557
v -0.070684 0.320873 0.224557
v -0.070684 0.319544 0.211069
v -0.070684 0.319544 0.211069
v -0.070684 0.319544 0.211069
v -0.070684 0.319544 0.211069
v -0.070684 0.320873 0.197582
v -0.070684 0.320873 0.197582
v -0.070684 0.320873 0.197582
v -0.070684 0.320873 0.197582
v -0.070684 0.324807 0.184613
v -0.070684 0.324807 0.184613
v -0.070684 0.324807 0.184613
v -0.070684 0.324807 0.184613
v -0.070684 0.331195 0.172661
v -0.070684 0.331195 0.172661
v -0.070684 0.331195 0.172661
v -0.070684 0.331195 0.172661
v -0.070684 0.339793 0.162185
v -0.070684 0.339793 0.162185
v -0.070684 0.339793 0.162185
v -0.070684 0.339793 0.162185
v -0.070684 0.350269 0.153587
v -0.070684 0.350269 0.153587
v -0.070684 0.350269 0.153587
v -0.070684 0.350269 0.153587
v -0.070684 0.362222 0.147198
v -0.070684 0.362222 0.147198
v -0.070684 0.362222 0.147198
v -0.070684 0.362222 0.147198
v -0.070684 0.375191 0.143264
v -0.070684 0.375191 0.143264
v -0.070684 0.375191 0.143264
v -0.070684 0.375191 0.143264
v -0.082995 0.399746 0.155429
v -0.082995 0.399746 0.155429
v -0.082995 0.388678 0.154338
v -0.082995 0.388678 0.154338
v -0.082995 0.410388 0.158657
v -0.082995 0.410388 0.158657
v -0.082995 0.420196 0.163899
v -0.082995 0.420196 0.163899
v -0.082995 0.428793 0.170955
v -0.082995 0.428793 0.170955
v -0.082995 0.435848 0.179551
v -0.082995 0.435848 0.179551
v -0.082995 0.441090 0.189359
v -0.082995 0.441090 0.189359
v -0.082995 0.444319 0.200002
v -0.082995 0.444319 0.200002
v -0.082995 0.445409 0.211069
v -0.082995 0.445409 0.211069
v -0.082995 0.444319 0.222137
v -0.082995 0.444319 0.222137
v -0.082995 0.441090 0.232779
v -0.082995 0.441090 0.232779
v -0.082995 0.435848 0.242587
v -0.082995 0.435848 0.242587
v -0.082995 0.428793 0.251184
v -0.082995 0.428793 0.251184
v -0.082995 0.420196 0.258239
v -0.082995 0.420196 0.258239
v -0.082995 0.410388 0.263482
v -0.082995 0.410388 0.263482
v -0.082995 0.399746 0.266710
v -0.082995 0.399746 0.266710
v -0.082995 0.388678 0.267800
v -0.082995 0.388678 0.267800
v -0.082995 0.377610 0.266710
v -0.082995 0.377610 0.266710
v -0.082995 0.366968 0.263482
v -0.082995 0.366968 0.263482
v -0.082995 0.357160 0.258239
v -0.082995 0.357160 0.258239
v -0.082995 0.348563 0.251184
v -0.082995 0.348563 0.251184
v -0.082995 0.341508 0.242587
v -0.082995 0.341508 0.242587
v -0.082995 0.336265 0.232779
v -0.082995 0.336265 0.232779
v -0.082995 0.333037 0.222137
v -0.082995 0.333037 0.222137
v -0.082995 0.331947 0.211069
v -0.082995 0.331947 0.211069
v -0.082995 0.333037 0.200002
v -0.082995 0.333037 0.200002
v -0.082995 0.336265 0.189359
v -0.082995 0.336265 0.189359
v -0.082995 0.341508 0.179551
v -0.082995 0.341508 0.179551
v -0.082995 0.348563 0.170955
v -0.082995 0.348563 0.170955
v -0.082995 0.357160 0.163899
v -0.082995 0.357160 0.163899
v -0.082995 0.366968 0.158657
v -0.082995 0.366968 0.158657
v -0.082995 0.377610 0.155429
v -0.082995 0.377610 0.155429
v -0.077983 0.388678 -0.284846
v -0.077983 0.388678 -0.284846
v -0.077983 0.388678 -0.284846
v -0.077983 0.388678 -0.284846
v -0.077983 0.399746 -0.283756
v -0.077983 0.399746 -0.283756
v -0.077983 0.399746 -0.283756
v -0.077983 0.399746 -0.283756
v -0.077983 0.410388 -0.280528
v -0.077983 0.410388 -0.280528
v -0.077983 0.410388 -0.280528
v -0.077983 0.410388 -0.280528
v -0.077983 0.410388 -0.280528
v -0.077983 0.420196 -0.275285
v -0.077983 0.420196 -0.275285
v -0.077983 0.420196 -0.275285
v -0.077983 0.420196 -0.275285
v -0.077983 0.428793 -0.268230
v -0.077983 0.428793 -0.268230
v -0.077983 0.428793 -0.268230
v -0.077983 0.428793 -0.268230
v -0.077983 0.428793 -0.268230
v -0.077983 0.435848 -0.259633
v -0.077983 0.435848 -0.259633
v -0.077983 0.435848 -0.259633
v -0.077983 0.435848 -0.259633
v -0.077983 0.435848 -0.259633
v -0.077983 0.441090 -0.249825
v -0.077983 0.441090 -0.249825
v -0.077983 0.441090 -0.249825
v -0.077983 0.441090 -0.249825
v -0.077983 0.444319 -0.239183
v -0.077983 0.444319 -0.239183
v -0.077983 0.444319 -0.239183
v -0.077983 0.444319 -0.239183
v -0.077983 0.444319 -0.239183
v -0.077983 0.445409 -0.228115
v -0.077983 0.445409 -0.228115
v -0.077983 0.445409 -0.228115
v -0.077983 0.445409 -0.228115
v -0.077983 0.444319 -0.217048
v -0.077983 0.444319 -0.217048
v -0.077983 0.444319 -0.217048
v -0.077983 0.444319 -0.217048
v -0.077983 0.441090 -0.206405
v -0.077983 0.441090 -0.206405
v -0.077983 0.441090 -0.206405
v -0.077983 0.441090 -0.206405
v -0.077983 0.435848 -0.196597
v -0.077983 0.435848 -0.196597
v -0.077983 0.435848 -0.196597
v -0.077983 0.435848 -0.196597
v -0.077983 0.435848 -0.196597
v -0.077983 0.428793 -0.188001
v -0.077983 0.428793 -0.188001
v -0.077983 0.428793 -0.188001
v -0.077983 0.428793 -0.188001
v -0.077983 0.420196 -0.180945
v -0.077983 0.420196 -0.180945
v -0.077983 0.420196 -0.180945
v -0.077983 0.420196 -0.180945
v -0.077983 0.410388 -0.175703
v -0.077983 0.410388 -0.175703
v -0.077983 0.410388 -0.175703
v -0.077983 0.410388 -0.175703
v -0.077983 0.399746 -0.172475
v -0.077983 0.399746 -0.172475
v -0.077983 0.399746 -0.172475
v -0.077983 0.399746 -0.172475
v -0.077983 0.388678 -0.171385
v -0.077983 0.388678 -0.171385
v -0.077983 0.388678 -0.171385
v -0.077983 0.388678 -0.171385
v -0.077983 0.377610 -0.172475
v -0.077983 0.377610 -0.172475
v -0.077983 0.377610 -0.172475
v -0.077983 0.377610 -0.172475
v -0.077983 0.366968 -0.175703
v -0.077983 0.366968 -0.175703
v -0.077983 0.366968 -0.175703
v -0.077983 0.366968 -0.175703
v -0.077983 0.357160 -0.180945
v -0.077983 0.357160 -0.180945
v -0.077983 0.357160 -0.180945
v -0.077983 0.357160 -0.180945
v -0.077983 0.348563 -0.188001
v -0.077983 0.348563 -0.188001
v -0.077983 0.348563 -0.188001
v -0.077983 0.348563 -0.188001
v -0.077983 0.348563 -0.188001
v -0.077983 0.341508 -0.196597
v -0.077983 0.341508 -0.196597
v -0.077983 0.341508 -0.196597
v -0.077983 0.341508 -0.196597
v -0.077983 0.341508 -0.196597
v -0.077983 0.336265 -0.206405
v -0.077983 0.336265 -0.206405
v -0.077983 0.336265 -0.206405
v -0.077983 0.336265 -0.206405
v -0.077983 0.333037 -0.217048
v -0.077983 0.333037 -0.217048
v -0.077983 0.333037 -0.217048
v -0.077983 0.333037 -0.217048
v -0.077983 0.331947 -0.228115
v -0.077983 0.331947 -0.228115
v -0.077983 0.331947 -0.228115
v -0.077983 0.331947 -0.228115
v -0.077983 0.331947 -0.228115
v -0.077983 0.333037 -0.239183
v -0.077983 0.333037 -0.239183
v -0.077983 0.333037 -0.239183
v -0.077983 0.333037 -0.239183
v -0.077983 0.336265 -0.249825
v -0.077983 0.336265 -0.249825
v -0.077983 0.336265 -0.249825
v -0.077983 0.336265 -0.249825
v -0.077983 0.341508 -0.259633
v -0.077983 0.341508 -0.259633
v -0.077983 0.341508 -0.259633
v -0.077983 0.341508 -0.259633
v -0.077983 0.348563 -0.268230
v -0.077983 0.348563 -0.268230
v -0.077983 0.348563 -0.268230
v -0.077983 0.348563 -0.268230
v -0.077983 0.357160 -0.275285
v -0.077983 0.357160 -0.275285
v -0.077983 0.357160 -0.275285
v -0.077983 0.357160 -0.275285
v -0.077983 0.366968 -0.280528
v -0.077983 0.366968 -0.280528
v -0.077983 0.366968 -0.280528
v -0.077983 0.366968 -0.280528
v -0.077983 0.377610 -0.283756
v -0.077983 0.377610 -0.283756
v -0.077983 0.377610 -0.283756
v -0.077983 0.377610 -0.283756
v -0.123402 0.402165 -0.295921
v -0.123402 0.402165 -0.295921
v -0.123402 0.402165 -0.295921
v -0.123402 0.388678 -0.297249
v -0.123402 0.388678 -0.297249
v -0.123402 0.388678 -0.297249
v -0.123402 0.415134 -0.291986
v -0.123402 0.415134 -0.291986
v -0.123402 0.415134 -0.291986
v -0.123402 0.427086 -0.285598
v -0.123402 0.427086 -0.285598
v -0.123402 0.427086 -0.285598
v -0.123402 0.437563 -0.277000
v -0.123402 0.437563 -0.277000
v -0.123402 0.437563 -0.277000
v -0.123402 0.446160 -0.266524
v -0.123402 0.446160 -0.266524
v -0.123402 0.446160 -0.266524
v -0.123402 0.452549 -0.254572
v -0.123402 0.452549 -0.254572
v -0.123402 0.452549 -0.254572
v -0.123402 0.456483 -0.241603
v -0.123402 0.456483 -0.241603
v -0.123402 0.456483 -0.241603
v -0.123402 0.457811 -0.228115
v -0.123402 0.457811 -0.228115
v -0.123402 0.457811 -0.228115
v -0.123402 0.456483 -0.214628
v -0.123402 0.456483 -0.214628
v -0.123402 0.456483 -0.214628
v -0.123402 0.452549 -0.201659
v -0.123402 0.452549 -0.201659
v -0.123402 0.452549 -0.201659
v -0.123402 0.446160 -0.189707
v -0.123402 0.446160 -0.189707
v -0.123402 0.446160 -0.189707
v -0.123402 0.437563 -0.179231
v -0.123402 0.437563 -0.179231
v -0.123402 0.437563 -0.179231
v -0.123402 0.427086 -0.170633
v -0.123402 0.427086 -0.170633
v -0.123402 0.427086 -0.170633
v -0.123402 0.415134 -0.164244
v -0.123402 0.415134 -0.164244
v -0.123402 0.415134 -0.164244
v -0.123402 0.402165 -0.160310
v -0.123402 0.402165 -0.160310
v -0.123402 0.402165 -0.160310
v -0.123402 0.388678 -0.158982
v -0.123402 0.388678 -0.158982
v -0.123402 0.388678 -0.158982
v -0.123402 0.375191 -0.160310
v -0.123402 0.375191 -0.160310
v -0.123402 0.375191 -0.160310
v -0.123402 0.362222 -0.164244
v -0.123402 0.362222 -0.164244
v -0.123402 0.362222 -0.164244
v -0.123402 0.350269 -0.170633
v -0.123402 0.350269 -0.170633
v -0.123402 0.350269 -0.170633
v -0.123402 0.339793 -0.179231
v -0.123402 0.339793 -0.179231
v -0.123402 0.339793 -0.179231
v -0.123402 0.331196 -0.189707
v -0.123402 0.331196 -0.189707
v -0.123402 0.331196 -0.189707
v -0.123402 0.324807 -0.201659
v -0.123402 0.324807 -0.201659
v -0.123402 0.324807 -0.201659
v -0.123402 0.320873 -0.214628
v -0.123402 0.320873 -0.214628
v -0.123402 0.320873 -0.214628
v -0.123402 0.319544 -0.228115
v -0.123402 0.319544 -0.228115
v -0.123402 0.319544 -0.228115
v -0.123402 0.320873 -0.241603
v -0.123402 0.320873 -0.241603
v -0.123402 0.320873 -0.241603
v -0.123402 0.324807 -0.254572
v -0.123402 0.324807 -0.254572
v -0.123402 0.324807 -0.254572
v -0.123402 0.331196 -0.266524
v -0.123402 0.331196 -0.266524
v -0.123402 0.331196 -0.266524
v -0.123402 0.339793 -0.277000
v -0.123402 0.339793 -0.277000
v -0.123402 0.339793 -0.277000
v -0.123402 0.350269 -0.285598
v -0.123402 0.350269 -0.285598
v -0.123402 0.350269 -0.285598
v -0.123402 0.362222 -0.291986
v -0.123402 0.362222 -0.291986
v -0.123402 0.362222 -0.291986
v -0.123402 0.375191 -0.295921
v -0.123402 0.375191 -0.295921
v -0.123402 0.375191 -0.295921
v -0.070684 0.402165 -0.295921
v -0.070684 0.402165 -0.295921
v -0.070684 0.402165 -0.295921
v -0.070684 0.402165 -0.295921
v -0.070684 0.388678 -0.297249
v -0.070684 0.388678 -0.297249
v -0.070684 0.388678 -0.297249
v -0.070684 0.388678 -0.297249
v -0.070684 0.415134 -0.291986
v -0.070684 0.415134 -0.291986
v -0.070684 0.415134 -0.291986
v -0.070684 0.415134 -0.291986
v -0.070684 0.427086 -0.285598
v -0.070684 0.427086 -0.285598
v -0.070684 0.427086 -0.285598
v -0.070684 0.427086 -0.285598
v -0.070684 0.427086 -0.285598
v -0.070684 0.437563 -0.277000
v -0.070684 0.437563 -0.277000
v -0.070684 0.437563 -0.277000
v -0.070684 0.437563 -0.277000
v -0.070684 0.446160 -0.266524
v -0.070684 0.446160 -0.266524
v -0.070684 0.446160 -0.266524
v -0.070684 0.446160 -0.266524
v -0.070684 0.446160 -0.266524
v -0.070684 0.452549 -0.254572
v -0.070684 0.452549 -0.254572
v -0.070684 0.452549 -0.254572
v -0.070684 0.452549 -0.254572
v -0.070684 0.452549 -0.254572
v -0.070684 0.456483 -0.241603
v -0.070684 0.456483 -0.241603
v -0.070684 0.456483 -0.241603
v -0.070684 0.456483 -0.241603
v -0.070684 0.457811 -0.228115
v -0.070684 0.457811 -0.228115
v -0.070684 0.457811 -0.228115
v -0.070684 0.457811 -0.228115
v -0.070684 0.457811 -0.228115
v -0.070684 0.456483 -0.214628
v -0.070684 0.456483 -0.214628
v -0.070684 0.456483 -0.214628
v -0.070684 0.456483 -0.214628
v -0.070684 0.452549 -0.201659
v -0.070684 0.452549 -0.201659
v -0.070684 0.452549 -0.201659
v -0.070684 0.452549 -0.201659
v -0.070684 0.446160 -0.189707
v -0.070684 0.446160 -0.189707
v -0.070684 0.446160 -0.189707
v -0.070684 0.446160 -0.189707
v -0.070684 0.437563 -0.179231
v -0.070684 0.437563 -0.179231
v -0.070684 0.437563 -0.179231
v -0.070684 0.437563 -0.179231
v -0.070684 0.437563 -0.179231
v -0.070684 0.427086 -0.170633
v -0.070684 0.427086 -0.170633
v -0.070684 0.427086 -0.170633
v -0.070684 0.427086 -0.170633
v -0.070684 0.415134 -0.164244
v -0.070684 0.415134 -0.164244
v -0.070684 0.415134 -0.164244
v -0.070684 0.415134 -0.164244
v -0.070684 0.402165 -0.160310
v -0.070684 0.402165 -0.160310
v -0.070684 0.402165 -0.160310
v -0.070684 0.402165 -0.160310
v -0.070684 0.388678 -0.158982
v -0.070684 0.388678 -0.158982
v -0.070684 0.388678 -0.158982
v -0.070684 0.388678 -0.158982
v -0.070684 0.375191 -0.160310
v -0.070684 0.375191 -0.160310
v -0.070684 0.375191 -0.160310
v -0.070684 0.375191 -0.160310
v -0.070684 0.362222 -0.164244
v -0.070684 0.362222 -0.164244
v -0.070684 0.362222 -0.164244
v -0.070684 0.362222 -0.164244
v -0.070684 0.350269 -0.170633
v -0.070684 0.350269 -0.170633
v -0.070684 0.350269 -0.170633
v -0.070684 0.350269 -0.170633
v -0.070684 0.339793 -0.179231
v -0.070684 0.339793 -0.179231
v -0.070684 0.339793 -0.179231
v -0.070684 0.339793 -0.179231
v -0.070684 0.331195 -0.189707
v -0.070684 0.331195 -0.189707
v -0.070684 0.331195 -0.189707
v -0.070684 0.331195 -0.189707
v -0.070684 0.331195 -0.189707
v -0.070684 0.324807 -0.201659
v -0.070684 0.324807 -0.201659
v -0.070684 0.324807 -0.201659
v -0.070684 0.324807 -0.201659
v -0.070684 0.324807 -0.201659
v -0.070684 0.320873 -0.214628
v -0.070684 0.320873 -0.214628
v -0.070684 0.320873 -0.214628
v -0.070684 0.320873 -0.214628
v -0.070684 0.319544 -0.228115
v -0.070684 0.319544 -0.228115
v -0.070684 0.319544 -0.228115
v -0.070684 0.319544 -0.228115
v -0.070684 0.320873 -0.241603
v -0.070684 0.320873 -0.241603
v -0.070684 0.320873 -0.241603
v -0.070684 0.320873 -0.241603
v -0.070684 0.320873 -0.241603
v -0.070684 0.324807 -0.254572
v -0.070684 0.324807 -0.254572
v -0.070684 0.324807 -0.254572
v -0.070684 0.324807 -0.254572
v -0.070684 0.331195 -0.266524
v -0.070684 0.331195 -0.266524
v -0.070684 0.331195 -0.266524
v -0.070684 0.331195 -0.266524
v -0.070684 0.339793 -0.277000
v -0.070684 0.339793 -0.277000
v -0.070684 0.339793 -0.277000
v -0.070684 0.339793 -0.277000
v -0.070684 0.350269 -0.285598
v -0.070684 0.350269 -0.285598
v -0.070684 0.350269 -0.285598
v -0.070684 0.350269 -0.285598
v -0.070684 0.362222 -0.291986
v -0.070684 0.362222 -0.291986
v -0.070684 0.362222 -0.291986
v -0.070684 0.362222 -0.291986
v -0.070684 0.375191 -0.295921
v -0.070684 0.375191 -0.295921
v -0.070684 0.375191 -0.295921
v -0.070684 0.375191 -0.295921
v -0.082995 0.399746 -0.283756
v -0.082995 0.399746 -0.283756
v -0.082995 0.388678 -0.284846
v -0.082995 0.388678 -0.284846
v -0.082995 0.410388 -0.280528
v -0.082995 0.410388 -0.280528
v -0.082995 0.420196 -0.275285
v -0.082995 0.420196 -0.275285
v -0.082995 0.428793 -0.268230
v -0.082995 0.428793 -0.268230
v -0.082995 0.435848 -0.259633
v -0.082995 0.435848 -0.259633
v -0.082995 0.441090 -0.249825
v -0.082995 0.441090 -0.249825
v -0.082995 0.444319 -0.239183
v -0.082995 0.444319 -0.239183
v -0.082995 0.445409 -0.228115
v -0.082995 0.445409 -0.228115
v -0.082995 0.444319 -0.217048
v -0.082995 0.444319 -0.217048
v -0.082995 0.441090 -0.206405
v -0.082995 0.441090 -0.206405
v -0.082995 0.435848 -0.196597
v -0.082995 0.435848 -0.196597
v -0.082995 0.428793 -0.188001
v -0.082995 0.428793 -0.188001
v -0.082995 0.420196 -0.180945
v -0.082995 0.420196 -0.180945
v -0.082995 0.410388 -0.175703
v -0.082995 0.410388 -0.175703
v -0.082995 0.399746 -0.172475
v -0.082995 0.399746 -0.172475
v -0.082995 0.388678 -0.171385
v -0.082995 0.388678 -0.171385
v -0.082995 0.377610 -0.172475
v -0.082995 0.377610 -0.172475
v -0.082995 0.366968 -0.175703
v -0.082995 0.366968 -0.175703
v -0.082995 0.357160 -0.180945
v -0.082995 0.357160 -0.180945
v -0.082995 0.348563 -0.188001
v -0.082995 0.348563 -0.188001
v -0.082995 0.341508 -0.196597
v -0.082995 0.341508 -0.196597
v -0.082995 0.336265 -0.206405
v -0.082995 0.336265 -0.206405
v -0.082995 0.333037 -0.217048
v -0.082995 0.333037 -0.217048
v -0.082995 0.331947 -0.228115
v -0.082995 0.331947 -0.228115
v -0.082995 0.333037 -0.239183
v -0.082995 0.333037 -0.239183
v -0.082995 0.336265 -0.249825
v -0.082995 0.336265 -0.249825
v -0.082995 0.341508 -0.259633
v -0.082995 0.341508 -0.259633
v -0.082995 0.348563 -0.268230
v -0.082995 0.348563 -0.268230
v -0.082995 0.357160 -0.275285
v -0.082995 0.357160 -0.275285
v -0.082995 0.366968 -0.280528
v -0.082995 0.366968 -0.280528
v -0.082995 0.377610 -0.283756
v -0.082995 0.377610 -0.283756
v -0.077983 0.388678 -0.141569
v -0.077983 0.388678 -0.141569
v -0.077983 0.388678 -0.141569
v -0.077983 0.388678 -0.141569
v -0.077983 0.399746 -0.140479
v -0.077983 0.399746 -0.140479
v -0.077983 0.399746 -0.140479
v -0.077983 0.399746 -0.140479
v -0.077983 0.410388 -0.137251
v -0.077983 0.410388 -0.137251
v -0.077983 0.410388 -0.137251
v -0.077983 0.410388 -0.137251
v -0.077983 0.420196 -0.132009
v -0.077983 0.420196 -0.132009
v -0.077983 0.420196 -0.132009
v -0.077983 0.420196 -0.132009
v -0.077983 0.428793 -0.124953
v -0.077983 0.428793 -0.124953
v -0.077983 0.428793 -0.124953
v -0.077983 0.428793 -0.124953
v -0.077983 0.428793 -0.124953
v -0.077983 0.435848 -0.116357
v -0.077983 0.435848 -0.116357
v -0.077983 0.435848 -0.116357
v -0.077983 0.435848 -0.116357
v -0.077983 0.435848 -0.116357
v -0.077983 0.441090 -0.106549
v -0.077983 0.441090 -0.106549
v -0.077983 0.441090 -0.106549
v -0.077983 0.441090 -0.106549
v -0.077983 0.444319 -0.095906
v -0.077983 0.444319 -0.095906
v -0.077983 0.444319 -0.095906
v -0.077983 0.444319 -0.095906
v -0.077983 0.444319 -0.095906
v -0.077983 0.445409 -0.084839
v -0.077983 0.445409 -0.084839
v -0.077983 0.445409 -0.084839
v -0.077983 0.445409 -0.084839
v -0.077983 0.444319 -0.073771
v -0.077983 0.444319 -0.073771
v -0.077983 0.444319 -0.073771
v -0.077983 0.444319 -0.073771
v -0.077983 0.441090 -0.063129
v -0.077983 0.441090 -0.063129
v -0.077983 0.441090 -0.063129
v -0.077983 0.441090 -0.063129
v -0.077983 0.435848 -0.053321
v -0.077983 0.435848 -0.053321
v -0.077983 0.435848 -0.053321
v -0.077983 0.435848 -0.053321
v -0.077983 0.428793 -0.044724
v -0.077983 0.428793 -0.044724
v -0.077983 0.428793 -0.044724
v -0.077983 0.428793 -0.044724
v -0.077983 0.420196 -0.037669
v -0.077983 0.420196 -0.037669
v -0.077983 0.420196 -0.037669
v -0.077983 0.420196 -0.037669
v -0.077983 0.410388 -0.032426
v -0.077983 0.410388 -0.032426
v -0.077983 0.410388 -0.032426
v -0.077983 0.410388 -0.032426
v -0.077983 0.399746 -0.029198
v -0.077983 0.399746 -0.029198
v -0.077983 0.399746 -0.029198
v -0.077983 0.399746 -0.029198
v -0.077983 0.388678 -0.028108
v -0.077983 0.388678 -0.028108
v -0.077983 0.388678 -0.028108
v -0.077983 0.388678 -0.028108
v -0.077983 0.377610 -0.029198
v -0.077983 0.377610 -0.029198
v -0.077983 0.377610 -0.029198
v -0.077983 0.377610 -0.029198
v -0.077983 0.366968 -0.032426
v -0.077983 0.366968 -0.032426
v -0.077983 0.366968 -0.032426
v -0.077983 0.366968 -0.032426
v -0.077983 0.357160 -0.037669
v -0.077983 0.357160 -0.037669
v -0.077983 0.357160 -0.037669
v -0.077983 0.357160 -0.037669
v -0.077983 0.348563 -0.044724
v -0.077983 0.348563 -0.044724
v -0.077983 0.348563 -0.044724
v -0.077983 0.348563 -0.044724
v -0.077983 0.348563 -0.044724
v -0.077983 0.341508 -0.053321
v -0.077983 0.341508 -0.053321
v -0.077983 0.341508 -0.053321
v -0.077983 0.341508 -0.053321
v -0.077983 0.336265 -0.063129
v -0.077983 0.336265 -0.063129
v -0.077983 0.336265 -0.063129
v -0.077983 0.336265 -0.063129
v -0.077983 0.333037 -0.073771
v -0.077983 0.333037 -0.073771
v -0.077983 0.333037 -0.073771
v -0.077983 0.333037 -0.073771
v -0.077983 0.331947 -0.084839
v -0.077983 0.331947 -0.084839
v -0.077983 0.331947 -0.084839
v -0.077983 0.331947 -0.084839
v -0.077983 0.333037 -0.095906
v -0.077983 0.333037 -0.095906
v -0.077983 0.333037 -0.095906
v -0.077983 0.333037 -0.095906
v -0.077983 0.336265 -0.106549
v -0.077983 0.336265 -0.106549
v -0.077983 0.336265 -0.106549
v -0.077983 0.336265 -0.106549
v -0.077983 0.341508 -0.116357
v -0.077983 0.341508 -0.116357
v -0.077983 0.341508 -0.116357
v -0.077983 0.341508 -0.116357
v -0.077983 0.341508 -0.116357
v -0.077983 0.348563 -0.124953
v -0.077983 0.348563 -0.124953
v -0.077983 0.348563 -0.124953
v -0.077983 0.348563 -0.124953
v -0.077983 0.357160 -0.132009
v -0.077983 0.357160 -0.132009
v -0.077983 0.357160 -0.132009
v -0.077983 0.357160 -0.132009
v -0.077983 0.366968 -0.137251
v -0.077983 0.366968 -0.137251
v -0.077983 0.366968 -0.137251
v -0.077983 0.366968 -0.137251
v -0.077983 0.377610 -0.140479
v -0.077983 0.377610 -0.140479
v -0.077983 0.377610 -0.140479
v -0.077983 0.377610 -0.140479
v -0.123402 0.402165 -0.152644
v -0.123402 0.402165 -0.152644
v -0.123402 0.402165 -0.152644
v -0.123402 0.388678 -0.153972
v -0.123402 0.388678 -0.153972
v -0.123402 0.388678 -0.153972
v -0.123402 0.415134 -0.148710
v -0.123402 0.415134 -0.148710
v -0.123402 0.415134 -0.148710
v -0.123402 0.427086 -0.142321
v -0.123402 0.427086 -0.142321
v -0.123402 0.427086 -0.142321
v -0.123402 0.437563 -0.133723
v -0.123402 0.437563 -0.133723
v -0.123402 0.437563 -0.133723
v -0.123402 0.446160 -0.123247
v -0.123402 0.446160 -0.123247
v -0.123402 0.446160 -0.123247
v -0.123402 0.452549 -0.111295
v -0.123402 0.452549 -0.111295
v -0.123402 0.452549 -0.111295
v -0.123402 0.456483 -0.098326
v -0.123402 0.456483 -0.098326
v -0.123402 0.456483 -0.098326
v -0.123402 0.457811 -0.084839
v -0.123402 0.457811 -0.084839
v -0.123402 0.457811 -0.084839
v -0.123402 0.456483 -0.071351
v -0.123402 0.456483 -0.071351
v -0.123402 0.456483 -0.071351
v -0.123402 0.452549 -0.058382
v -0.123402 0.452549 -0.058382
v -0.123402 0.452549 -0.058382
v -0.123402 0.446160 -0.046430
v -0.123402 0.446160 -0.046430
v -0.123402 0.446160 -0.046430
v -0.123402 0.437563 -0.035954
v -0.123402 0.437563 -0.035954
v -0.123402 0.437563 -0.035954
v -0.123402 0.427086 -0.027356
v -0.123402 0.427086 -0.027356
v -0.123402 0.427086 -0.027356
v -0.123402 0.415134 -0.020968
v -0.123402 0.415134 -0.020968
v -0.123402 0.415134 -0.020968
v -0.123402 0.402165 -0.017034
v -0.123402 0.402165 -0.017034
v -0.123402 0.402165 -0.017034
v -0.123402 0.388678 -0.015705
v -0.123402 0.388678 -0.015705
v -0.123402 0.388678 -0.015705
v -0.123402 0.375191 -0.017034
v -0.123402 0.375191 -0.017034
v -0.123402 0.375191 -0.017034
v -0.123402 0.362222 -0.020968
v -0.123402 0.362222 -0.020968
v -0.123402 0.362222 -0.020968
v -0.123402 0.350269 -0.027356
v -0.123402 0.350269 -0.027356
v -0.123402 0.350269 -0.027356
v -0.123402 0.339793 -0.035954
v -0.123402 0.339793 -0.035954
v -0.123402 0.339793 -0.035954
v -0.123402 0.331196 -0.046430
v -0.123402 0.331196 -0.046430
v -0.123402 0.331196 -0.046430
v -0.123402 0.324807 -0.058382
v -0.123402 0.324807 -0.058382
v -0.123402 0.324807 -0.058382
v -0.123402 0.320873 -0.071351
v -0.123402 0.320873 -0.071351
v -0.123402 0.320873 -0.071351
v -0.123402 0.319544 -0.084839
v -0.123402 0.319544 -0.084839
v -0.123402 0.319544 -0.084839
v -0.123402 0.320873 -0.098326
v -0.123402 0.320873 -0.098326
v -0.123402 0.320873 -0.098326
v -0.123402 0.324807 -0.111295
v -0.123402 0.324807 -0.111295
v -0.123402 0.324807 -0.111295
v -0.123402 0.331196 -0.123247
v -0.123402 0.331196 -0.123247
v -0.123402 0.331196 -0.123247
v -0.123402 0.339793 -0.133723
v -0.123402 0.339793 -0.133723
v -0.123402 0.339793 -0.133723
v -0.123402 0.350269 -0.142321
v -0.123402 0.350269 -0.142321
v -0.123402 0.350269 -0.142321
v -0.123402 0.362222 -0.148710
v -0.123402 0.362222 -0.148710
v -0.123402 0.362222 -0.148710
v -0.123402 0.375191 -0.152644
v -0.123402 0.375191 -0.152644
v -0.123402 0.375191 -0.152644
v -0.070684 0.402165 -0.152644
v -0.070684 0.402165 -0.152644
v -0.070684 0.402165 -0.152644
v -0.070684 0.402165 -0.152644
v -0.070684 0.388678 -0.153972
v -0.070684 0.388678 -0.153972
v -0.070684 0.388678 -0.153972
v -0.070684 0.388678 -0.153972
v -0.070684 0.415134 -0.148710
v -0.070684 0.415134 -0.148710
v -0.070684 0.415134 -0.148710
v -0.070684 0.415134 -0.148710
v -0.070684 0.427086 -0.142321
v -0.070684 0.427086 -0.142321
v -0.070684 0.427086 -0.142321
v -0.070684 0.427086 -0.142321
v -0.070684 0.437563 -0.133723
v -0.070684 0.437563 -0.133723
v -0.070684 0.437563 -0.133723
v -0.070684 0.437563 -0.133723
v -0.070684 0.446160 -0.123247
v -0.070684 0.446160 -0.123247
v -0.070684 0.446160 -0.123247
v -0.070684 0.446160 -0.123247
v -0.070684 0.446160 -0.123247
v -0.070684 0.452549 -0.111295
v -0.070684 0.452549 -0.111295
v -0.070684 0.452549 -0.111295
v -0.070684 0.452549 -0.111295
v -0.070684 0.452549 -0.111295
v -0.070684 0.456483 -0.098326
v -0.070684 0.456483 -0.098326
v -0.070684 0.456483 -0.098326
v -0.070684 0.456483 -0.098326
v -0.070684 0.457811 -0.084839
v -0.070684 0.457811 -0.084839
v -0.070684 0.457811 -0.084839
v -0.070684 0.457811 -0.084839
v -0.070684 0.457811 -0.084839
v -0.070684 0.456483 -0.071351
v -0.070684 0.456483 -0.071351
v -0.070684 0.456483 -0.071351
v -0.070684 0.456483 -0.071351
v -0.070684 0.452549 -0.058382
v -0.070684 0.452549 -0.058382
v -0.070684 0.452549 -0.058382
v -0.070684 0.452549 -0.058382
v -0.070684 0.446160 -0.046430
v -0.070684 0.446160 -0.046430
v -0.070684 0.446160 -0.046430
v -0.070684 0.446160 -0.046430
v -0.070684 0.437563 -0.035954
v -0.070684 0.437563 -0.035954
v -0.070684 0.437563 -0.035954
v -0.070684 0.437563 -0.035954
v -0.070684 0.427086 -0.027356
v -0.070684 0.427086 -0.027356
v -0.070684 0.427086 -0.027356
v -0.070684 0.427086 -0.027356
v -0.070684 0.415134 -0.020968
v -0.070684 0.415134 -0.020968
v -0.070684 0.415134 -0.020968
v -0.070684 0.415134 -0.020968
v -0.070684 0.402165 -0.017034
v -0.070684 0.402165 -0.017034
v -0.070684 0.402165 -0.017034
v -0.070684 0.402165 -0.017034
v -0.070684 0.388678 -0.015705
v -0.070684 0.388678 -0.015705
v -0.070684 0.388678 -0.015705
v -0.070684 0.388678 -0.015705
v -0.070684 0.375191 -0.017034
v -0.070684 0.375191 -0.017034
v -0.070684 0.375191 -0.017034
v -0.070684 0.375191 -0.017034
v -0.070684 0.362222 -0.020968
v -0.070684 0.362222 -0.020968
v -0.070684 0.362222 -0.020968
v -0.070684 0.362222 -0.020968
v -0.070684 0.350269 -0.027356
v -0.070684 0.350269 -0.027356
v -0.070684 0.350269 -0.027356
v -0.070684 0.350269 -0.027356
v -0.070684 0.339793 -0.035954
v -0.070684 0.339793 -0.035954
v -0.070684 0.339793 -0.035954
v -0.070684 0.339793 -0.035954
v -0.070684 0.331195 -0.046430
v -0.070684 0.331195 -0.046430
v -0.070684 0.331195 -0.046430
v -0.070684 0.331195 -0.046430
v -0.070684 0.331195 -0.046430
v -0.070684 0.324807 -0.058382
v -0.070684 0.324807 -0.058382
v -0.070684 0.324807 -0.058382
v -0.070684 0.324807 -0.058382
v -0.070684 0.320873 -0.071351
v -0.070684 0.320873 -0.071351
v -0.070684 0.320873 -0.071351
v -0.070684 0.320873 -0.071351
v -0.070684 0.319544 -0.084839
v -0.070684 0.319544 -0.084839
v -0.070684 0.319544 -0.084839
v -0.070684 0.319544 -0.084839
v -0.070684 0.320873 -0.098326
v -0.070684 0.320873 -0.098326
v -0.070684 0.320873 -0.098326
v -0.070684 0.320873 -0.098326
v -0.070684 0.324807 -0.111295
v -0.070684 0.324807 -0.111295
v -0.070684 0.324807 -0.111295
v -0.070684 0.324807 -0.111295
v -0.070684 0.331195 -0.123247
v -0.070684 0.331195 -0.123247
v -0.070684 0.331195 -0.123247
v -0.070684 0.331195 -0.123247
v -0.070684 0.339793 -0.133723
v -0.070684 0.339793 -0.133723
v -0.070684 0.339793 -0.133723
v -0.070684 0.339793 -0.133723
v -0.070684 0.339793 -0.133723
v -0.070684 0.350269 -0.142321
v -0.070684 0.350269 -0.142321
v -0.070684 0.350269 -0.142321
v -0.070684 0.350269 -0.142321
v -0.070684 0.362222 -0.148710
v -0.070684 0.362222 -0.148710
v -0.070684 0.362222 -0.148710
v -0.070684 0.362222 -0.148710
v -0.070684 0.375191 -0.152644
v -0.070684 0.375191 -0.152644
v -0.070684 0.375191 -0.152644
v -0.070684 0.375191 -0.152644
v -0.082995 0.399746 -0.140479
v -0.082995 0.399746 -0.140479
v -0.082995 0.388678 -0.141569
v -0.082995 0.388678 -0.141569
v -0.082995 0.410388 -0.137251
v -0.082995 0.410388 -0.137251
v -0.082995 0.420196 -0.132009
v -0.082995 0.420196 -0.132009
v -0.082995 0.428793 -0.124953
v -0.082995 0.428793 -0.124953
v -0.082995 0.435848 -0.116357
v -0.082995 0.435848 -0.116357
v -0.082995 0.441090 -0.106549
v -0.082995 0.441090 -0.106549
v -0.082995 0.444319 -0.095906
v -0.082995 0.444319 -0.095906
v -0.082995 0.445409 -0.084839
v -0.082995 0.445409 -0.084839
v -0.082995 0.444319 -0.073771
v -0.082995 0.444319 -0.073771
v -0.082995 0.441090 -0.063129
v -0.082995 0.441090 -0.063129
v -0.082995 0.435848 -0.053321
v -0.082995 0.435848 -0.053321
v -0.082995 0.428793 -0.044724
v -0.082995 0.428793 -0.044724
v -0.082995 0.420196 -0.037669
v -0.082995 0.420196 -0.037669
v -0.082995 0.410388 -0.032426
v -0.082995 0.410388 -0.032426
v -0.082995 0.399746 -0.029198
v -0.082995 0.399746 -0.029198
v -0.082995 0.388678 -0.028108
v -0.082995 0.388678 -0.028108
v -0.082995 0.377610 -0.029198
v -0.082995 0.377610 -0.029198
v -0.082995 0.366968 -0.032426
v -0.082995 0.366968 -0.032426
v -0.082995 0.357160 -0.037669
v -0.082995 0.357160 -0.037669
v -0.082995 0.348563 -0.044724
v -0.082995 0.348563 -0.044724
v -0.082995 0.341508 -0.053321
v -0.082995 0.341508 -0.053321
v -0.082995 0.336265 -0.063129
v -0.082995 0.336265 -0.063129
v -0.082995 0.333037 -0.073771
v -0.082995 0.333037 -0.073771
v -0.082995 0.331947 -0.084839
v -0.082995 0.331947 -0.084839
v -0.082995 0.333037 -0.095906
v -0.082995 0.333037 -0.095906
v -0.082995 0.336265 -0.106549
v -0.082995 0.336265 -0.106549
v -0.082995 0.341508 -0.116357
v -0.082995 0.341508 -0.116357
v -0.082995 0.348563 -0.124953
v -0.082995 0.348563 -0.124953
v -0.082995 0.357160 -0.132009
v -0.082995 0.357160 -0.132009
v -0.082995 0.366968 -0.137251
v -0.082995 0.366968 -0.137251
v -0.082995 0.377610 -0.140479
v -0.082995 0.377610 -0.140479
v -0.077983 0.388678 0.003673
v -0.077983 0.388678 0.003673
v -0.077983 0.388678 0.003673
v -0.077983 0.388678 0.003673
v -0.077983 0.399746 0.004763
v -0.077983 0.399746 0.004763
v -0.077983 0.399746 0.004763
v -0.077983 0.399746 0.004763
v -0.077983 0.410388 0.007991
v -0.077983 0.410388 0.007991
v -0.077983 0.410388 0.007991
v -0.077983 0.410388 0.007991
v -0.077983 0.420196 0.013234
v -0.077983 0.420196 0.013234
v -0.077983 0.420196 0.013234
v -0.077983 0.420196 0.013234
v -0.077983 0.428793 0.020289
v -0.077983 0.428793 0.020289
v -0.077983 0.428793 0.020289
v -0.077983 0.428793 0.020289
v -0.077983 0.435848 0.028886
v -0.077983 0.435848 0.028886
v -0.077983 0.435848 0.028886
v -0.077983 0.435848 0.028886
v -0.077983 0.441090 0.038694
v -0.077983 0.441090 0.038694
v -0.077983 0.441090 0.038694
v -0.077983 0.441090 0.038694
v -0.077983 0.444319 0.049336
v -0.077983 0.444319 0.049336
v -0.077983 0.444319 0.049336
v -0.077983 0.444319 0.049336
v -0.077983 0.445409 0.060404
v -0.077983 0.445409 0.060404
v -0.077983 0.445409 0.060404
v -0.077983 0.445409 0.060404
v -0.077983 0.444319 0.071471
v -0.077983 0.444319 0.071471
v -0.077983 0.444319 0.071471
v -0.077983 0.444319 0.071471
v -0.077983 0.441090 0.082114
v -0.077983 0.441090 0.082114
v -0.077983 0.441090 0.082114
v -0.077983 0.441090 0.082114
v -0.077983 0.435848 0.091922
v -0.077983 0.435848 0.091922
v -0.077983 0.435848 0.091922
v -0.077983 0.435848 0.091922
v -0.077983 0.428793 0.100518
v -0.077983 0.428793 0.100518
v -0.077983 0.428793 0.100518
v -0.077983 0.428793 0.100518
v -0.077983 0.420196 0.107574
v -0.077983 0.420196 0.107574
v -0.077983 0.420196 0.107574
v -0.077983 0.420196 0.107574
v -0.077983 0.410388 0.112816
v -0.077983 0.410388 0.112816
v -0.077983 0.410388 0.112816
v -0.077983 0.410388 0.112816
v -0.077983 0.399746 0.116044
v -0.077983 0.399746 0.116044
v -0.077983 0.399746 0.116044
v -0.077983 0.399746 0.116044
v -0.077983 0.388678 0.117135
v -0.077983 0.388678 0.117135
v -0.077983 0.388678 0.117135
v -0.077983 0.388678 0.117135
v -0.077983 0.377610 0.116044
v -0.077983 0.377610 0.116044
v -0.077983 0.377610 0.116044
v -0.077983 0.377610 0.116044
v -0.077983 0.366968 0.112816
v -0.077983 0.366968 0.112816
v -0.077983 0.366968 0.112816
v -0.077983 0.366968 0.112816
v -0.077983 0.357160 0.107574
v -0.077983 0.357160 0.107574
v -0.077983 0.357160 0.107574
v -0.077983 0.357160 0.107574
v -0.077983 0.348563 0.100518
v -0.077983 0.348563 0.100518
v -0.077983 0.348563 0.100518
v -0.077983 0.348563 0.100518
v -0.077983 0.341508 0.091922
v -0.077983 0.341508 0.091922
v -0.077983 0.341508 0.091922
v -0.077983 0.341508 0.091922
v -0.077983 0.336265 0.082114
v -0.077983 0.336265 0.082114
v -0.077983 0.336265 0.082114
v -0.077983 0.336265 0.082114
v -0.077983 0.333037 0.071471
v -0.077983 0.333037 0.071471
v -0.077983 0.333037 0.071471
v -0.077983 0.333037 0.071471
v -0.077983 0.331947 0.060404
v -0.077983 0.331947 0.060404
v -0.077983 0.331947 0.060404
v -0.077983 0.331947 0.060404
v -0.077983 0.333037 0.049336
v -0.077983 0.333037 0.049336
v -0.077983 0.333037 0.049336
v -0.077983 0.333037 0.049336
v -0.077983 0.336265 0.038694
v -0.077983 0.336265 0.038694
v -0.077983 0.336265 0.038694
v -0.077983 0.336265 0.038694
v -0.077983 0.341508 0.028886
v -0.077983 0.341508 0.028886
v -0.077983 0.341508 0.028886
v -0.077983 0.341508 0.028886
v -0.077983 0.348563 0.020289
v -0.077983 0.348563 0.020289
v -0.077983 0.348563 0.020289
v -0.077983 0.348563 0.020289
v -0.077983 0.357160 0.013234
v -0.077983 0.357160 0.013234
v -0.077983 0.357160 0.013234
v -0.077983 0.357160 0.013234
v -0.077983 0.366968 0.007991
v -0.077983 0.366968 0.007991
v -0.077983 0.366968 0.007991
v -0.077983 0.366968 0.007991
v -0.077983 0.377610 0.004763
v -0.077983 0.377610 0.004763
v -0.077983 0.377610 0.004763
v -0.077983 0.377610 0.004763
v -0.123402 0.402165 -0.007401
v -0.123402 0.402165 -0.007401
v -0.123402 0.402165 -0.007401
v -0.123402 0.388678 -0.008730
v -0.123402 0.388678 -0.008730
v -0.123402 0.388678 -0.008730
v -0.123402 0.415134 -0.003467
v -0.123402 0.415134 -0.003467
v -0.123402 0.415134 -0.003467
v -0.123402 0.427086 0.002921
v -0.123402 0.427086 0.002921
v -0.123402 0.427086 0.002921
v -0.123402 0.437563 0.011519
v -0.123402 0.437563 0.011519
v -0.123402 0.437563 0.011519
v -0.123402 0.446160 0.021995
v -0.123402 0.446160 0.021995
v -0.123402 0.446160 0.021995
v -0.123402 0.452549 0.033947
v -0.123402 0.452549 0.033947
v -0.123402 0.452549 0.033947
v -0.123402 0.456483 0.046916
v -0.123402 0.456483 0.046916
v -0.123402 0.456483 0.046916
v -0.123402 0.457811 0.060404
v -0.123402 0.457811 0.060404
v -0.123402 0.457811 0.060404
v -0.123402 0.456483 0.073891
v -0.123402 0.456483 0.073891
v -0.123402 0.456483 0.073891
v -0.123402 0.452549 0.086860
v -0.123402 0.452549 0.086860
v -0.123402 0.452549 0.086860
v -0.123402 0.446160 0.098812
v -0.123402 0.446160 0.098812
v -0.123402 0.446160 0.098812
v -0.123402 0.437563 0.109288
v -0.123402 0.437563 0.109288
v -0.123402 0.437563 0.109288
v -0.123402 0.427086 0.117886
v -0.123402 0.427086 0.117886
v -0.123402 0.427086 0.117886
v -0.123402 0.415134 0.124275
v -0.123402 0.415134 0.124275
v -0.123402 0.415134 0.124275
v -0.123402 0.402165 0.128209
v -0.123402 0.402165 0.128209
v -0.123402 0.402165 0.128209
v -0.123402 0.388678 0.129537
v -0.123402 0.388678 0.129537
v -0.123402 0.388678 0.129537
v -0.123402 0.375191 0.128209
v -0.123402 0.375191 0.128209
v -0.123402 0.375191 0.128209
v -0.123402 0.362222 0.124275
v -0.123402 0.362222 0.124275
v -0.123402 0.362222 0.124275
v -0.123402 0.350269 0.117886
v -0.123402 0.350269 0.117886
v -0.123402 0.350269 0.117886
v -0.123402 0.339793 0.109288
v -0.123402 0.339793 0.109288
v -0.123402 0.339793 0.109288
v -0.123402 0.331196 0.098812
v -0.123402 0.331196 0.098812
v -0.123402 0.331196 0.098812
v -0.123402 0.324807 0.086860
v -0.123402 0.324807 0.086860
v -0.123402 0.324807 0.086860
v -0.123402 0.320873 0.073891
v -0.123402 0.320873 0.073891
v -0.123402 0.320873 0.073891
v -0.123402 0.319544 0.060404
v -0.123402 0.319544 0.060404
v -0.123402 0.319544 0.060404
v -0.123402 0.320873 0.046916
v -0.123402 0.320873 0.046916
v -0.123402 0.320873 0.046916
v -0.123402 0.324807 0.033947
v -0.123402 0.324807 0.033947
v -0.123402 0.324807 0.033947
v -0.123402 0.331196 0.021995
v -0.123402 0.331196 0.021995
v -0.123402 0.331196 0.021995
v -0.123402 0.339793 0.011519
v -0.123402 0.339793 0.011519
v -0.123402 0.339793 0.011519
v -0.123402 0.350269 0.002921
v -0.123402 0.350269 0.002921
v -0.123402 0.350269 0.002921
v -0.123402 0.362222 -0.003467
v -0.123402 0.362222 -0.003467
v -0.123402 0.362222 -0.003467
v -0.123402 0.375191 -0.007401
v -0.123402 0.375191 -0.007401
v -0.123402 0.375191 -0.007401
v -0.070684 0.402165 -0.007401
v -0.070684 0.402165 -0.007401
v -0.070684 0.402165 -0.007401
v -0.070684 0.402165 -0.007401
v -0.070684 0.388678 -0.008730
v -0.070684 0.388678 -0.008730
v -0.070684 0.388678 -0.008730
v -0.070684 0.388678 -0.008730
v -0.070684 0.415134 -0.003467
v -0.070684 0.415134 -0.003467
v -0.070684 0.415134 -0.003467
v -0.070684 0.415134 -0.003467
v -0.070684 0.427086 0.002921
v -0.070684 0.427086 0.002921
v -0.070684 0.427086 0.002921
v -0.070684 0.427086 0.002921
v -0.070684 0.437563 0.011519
v -0.070684 0.437563 0.011519
v -0.070684 0.437563 0.011519
v -0.070684 0.437563 0.011519
v -0.070684 0.446160 0.021995
v -0.070684 0.446160 0.021995
v -0.070684 0.446160 0.021995
v -0.070684 0.446160 0.021995
v -0.070684 0.452549 0.033947
v -0.070684 0.452549 0.033947
v -0.070684 0.452549 0.033947
v -0.070684 0.452549 0.033947
v -0.070684 0.456483 0.046916
v -0.070684 0.456483 0.046916
v -0.070684 0.456483 0.046916
v -0.070684 0.456483 0.046916
v -0.070684 0.457811 0.060404
v -0.070684 0.457811 0.060404
v -0.070684 0.457811 0.060404
v -0.070684 0.457811 0.060404
v -0.070684 0.456483 0.073891
v -0.070684 0.456483 0.073891
v -0.070684 0.456483 0.073891
v -0.070684 0.456483 0.073891
v -0.070684 0.452549 0.086860
v -0.070684 0.452549 0.086860
v -0.070684 0.452549 0.086860
v -0.070684 0.452549 0.086860
v -0.070684 0.446160 0.098812
v -0.070684 0.446160 0.098812
v -0.070684 0.446160 0.098812
v -0.070684 0.446160 0.098812
v -0.070684 0.437563 0.109288
v -0.070684 0.437563 0.109288
v -0.070684 0.437563 0.109288
v -0.070684 0.437563 0.109288
v -0.070684 0.427086 0.117886
v -0.070684 0.427086 0.117886
v -0.070684 0.427086 0.117886
v -0.070684 0.427086 0.117886
v -0.070684 0.415134 0.124275
v -0.070684 0.415134 0.124275
v -0.070684 0.415134 0.124275
v -0.070684 0.415134 0.124275
v -0.070684 0.402165 0.128209
v -0.070684 0.402165 0.128209
v -0.070684 0.402165 0.128209
v -0.070684 0.402165 0.128209
v -0.070684 0.388678 0.129537
v -0.070684 0.388678 0.129537
v -0.070684 0.388678 0.129537
v -0.070684 0.388678 0.129537
v -0.070684 0.375191 0.128209
v -0.070684 0.375191 0.128209
v -0.070684 0.375191 0.128209
v -0.070684 0.375191 0.128209
v -0.070684 0.362222 0.124275
v -0.070684 0.362222 0.124275
v -0.070684 0.362222 0.124275
v -0.070684 0.362222 0.124275
v -0.070684 0.350269 0.117886
v -0.070684 0.350269 0.117886
v -0.070684 0.350269 0.117886
v -0.070684 0.350269 0.117886
v -0.070684 0.339793 0.109288
v -0.070684 0.339793 0.109288
v -0.070684 0.339793 0.109288
v -0.070684 0.339793 0.109288
v -0.070684 0.331195 0.098812
v -0.070684 0.331195 0.098812
v -0.070684 0.331195 0.098812
v -0.070684 0.331195 0.098812
v -0.070684 0.324807 0.086860
v -0.070684 0.324807 0.086860
v -0.070684 0.324807 0.086860
v -0.070684 0.324807 0.086860
v -0.070684 0.320873 0.073891
v -0.070684 0.320873 0.073891
v -0.070684 0.320873 0.073891
v -0.070684 0.320873 0.073891
v -0.070684 0.319544 0.060404
v -0.070684 0.319544 0.060404
v -0.070684 0.319544 0.060404
v -0.070684 0.319544 0.060404
v -0.070684 0.320873 0.046916
v -0.070684 0.320873 0.046916
v -0.070684 0.320873 0.046916
v -0.070684 0.320873 0.046916
v -0.070684 0.324807 0.033947
v -0.070684 0.324807 0.033947
v -0.070684 0.324807 0.033947
v -0.070684 0.324807 0.033947
v -0.070684 0.331195 0.021995
v -0.070684 0.331195 0.021995
v -0.070684 0.331195 0.021995
v -0.070684 0.331195 0.021995
v -0.070684 0.339793 0.011519
v -0.070684 0.339793 0.011519
v -0.070684 0.339793 0.011519
v -0.070684 0.339793 0.011519
v -0.070684 0.350269 0.002921
v -0.070684 0.350269 0.002921
v -0.070684 0.350269 0.002921
v -0.070684 0.350269 0.002921
v -0.070684 0.362222 -0.003467
v -0.070684 0.362222 -0.003467
v -0.070684 0.362222 -0.003467
v -0.070684 0.362222 -0.003467
v -0.070684 0.375191 -0.007401
v -0.070684 0.375191 -0.007401
v -0.070684 0.375191 -0.007401
v -0.070684 0.375191 -0.007401
v -0.082995 0.399746 0.004763
v -0.082995 0.399746 0.004763
v -0.082995 0.388678 0.003673
v -0.082995 0.388678 0.003673
v -0.082995 0.410388 0.007991
v -0.082995 0.410388 0.007991
v -0.082995 0.420196 0.013234
v -0.082995 0.420196 0.013234
v -0.082995 0.428793 0.020289
v -0.082995 0.428793 0.020289
v -0.082995 0.435848 0.028886
v -0.082995 0.435848 0.028886
v -0.082995 0.441090 0.038694
v -0.082995 0.441090 0.038694
v -0.082995 0.444319 0.049336
v -0.082995 0.444319 0.049336
v -0.082995 0.445409 0.060404
v -0.082995 0.445409 0.060404
v -0.082995 0.444319 0.071471
v -0.082995 0.444319 0.071471
v -0.082995 0.441090 0.082114
v -0.082995 0.441090 0.082114
v -0.082995 0.435848 0.091922
v -0.082995 0.435848 0.091922
v -0.082995 0.428793 0.100518
v -0.082995 0.428793 0.100518
v -0.082995 0.420196 0.107574
v -0.082995 0.420196 0.107574
v -0.082995 0.410388 0.112816
v -0.082995 0.410388 0.112816
v -0.082995 0.399746 0.116044
v -0.082995 0.399746 0.116044
v -0.082995 0.388678 0.117135
v -0.082995 0.388678 0.117135
v -0.082995 0.377610 0.116044
v -0.082995 0.377610 0.116044
v -0.082995 0.366968 0.112816
v -0.082995 0.366968 0.112816
v -0.082995 0.357160 0.107574
v -0.082995 0.357160 0.107574
v -0.082995 0.348563 0.100518
v -0.082995 0.348563 0.100518
v -0.082995 0.341508 0.091922
v -0.082995 0.341508 0.091922
v -0.082995 0.336265 0.082114
v -0.082995 0.336265 0.082114
v -0.082995 0.333037 0.071471
v -0.082995 0.333037 0.071471
v -0.082995 0.331947 0.060404
v -0.082995 0.331947 0.060404
v -0.082995 0.333037 0.049336
v -0.082995 0.333037 0.049336
v -0.082995 0.336265 0.038694
v -0.082995 0.336265 0.038694
v -0.082995 0.341508 0.028886
v -0.082995 0.341508 0.028886
v -0.082995 0.348563 0.020289
v -0.082995 0.348563 0.020289
v -0.082995 0.357160 0.013234
v -0.082995 0.357160 0.013234
v -0.082995 0.366968 0.007991
v -0.082995 0.366968 0.007991
v -0.082995 0.377610 0.004763
v -0.082995 0.377610 0.004763
v -0.082995 0.399746 0.155429
v -0.082995 0.388678 0.154338
v -0.082995 0.410388 0.158657
v -0.082995 0.420196 0.163899
v -0.082995 0.428793 0.170955
v -0.082995 0.435848 0.179551
v -0.082995 0.441090 0.189359
v -0.082995 0.444319 0.200002
v -0.082995 0.445409 0.211069
v -0.082995 0.444319 0.222137
v -0.082995 0.441090 0.232779
v -0.082995 0.435848 0.242587
v -0.082995 0.428793 0.251184
v -0.082995 0.420196 0.258239
v -0.082995 0.410388 0.263482
v -0.082995 0.399746 0.266710
v -0.082995 0.388678 0.267800
v -0.082995 0.377610 0.266710
v -0.082995 0.366968 0.263482
v -0.082995 0.357160 0.258239
v -0.082995 0.348563 0.251184
v -0.082995 0.341508 0.242587
v -0.082995 0.336265 0.232779
v -0.082995 0.333037 0.222137
v -0.082995 0.331947 0.211069
v -0.082995 0.333037 0.200002
v -0.082995 0.336265 0.189359
v -0.082995 0.341508 0.179551
v -0.082995 0.348563 0.170955
v -0.082995 0.357160 0.163899
v -0.082995 0.366968 0.158657
v -0.082995 0.377610 0.155429
v -0.082995 0.399746 -0.283756
v -0.082995 0.388678 -0.284846
v -0.082995 0.410388 -0.280528
v -0.082995 0.420196 -0.275285
v -0.082995 0.428793 -0.268230
v -0.082995 0.435848 -0.259633
v -0.082995 0.441090 -0.249825
v -0.082995 0.444319 -0.239183
v -0.082995 0.445409 -0.228115
v -0.082995 0.444319 -0.217048
v -0.082995 0.441090 -0.206405
v -0.082995 0.435848 -0.196597
v -0.082995 0.428793 -0.188001
v -0.082995 0.420196 -0.180945
v -0.082995 0.410388 -0.175703
v -0.082995 0.399746 -0.172475
v -0.082995 0.388678 -0.171385
v -0.082995 0.377610 -0.172475
v -0.082995 0.366968 -0.175703
v -0.082995 0.357160 -0.180945
v -0.082995 0.348563 -0.188001
v -0.082995 0.341508 -0.196597
v -0.082995 0.336265 -0.206405
v -0.082995 0.333037 -0.217048
v -0.082995 0.331947 -0.228115
v -0.082995 0.333037 -0.239183
v -0.082995 0.336265 -0.249825
v -0.082995 0.341508 -0.259633
v -0.082995 0.348563 -0.268230
v -0.082995 0.357160 -0.275285
v -0.082995 0.366968 -0.280528
v -0.082995 0.377610 -0.283756
v -0.082995 0.399746 -0.140479
v -0.082995 0.388678 -0.141569
v -0.082995 0.410388 -0.137251
v -0.082995 0.420196 -0.132009
v -0.082995 0.428793 -0.124953
v -0.082995 0.435848 -0.116357
v -0.082995 0.441090 -0.106549
v -0.082995 0.444319 -0.095906
v -0.082995 0.445409 -0.084839
v -0.082995 0.444319 -0.073771
v -0.082995 0.441090 -0.063129
v -0.082995 0.435848 -0.053321
v -0.082995 0.428793 -0.044724
v -0.082995 0.420196 -0.037669
v -0.082995 0.410388 -0.032426
v -0.082995 0.399746 -0.029198
v -0.082995 0.388678 -0.028108
v -0.082995 0.377610 -0.029198
v -0.082995 0.366968 -0.032426
v -0.082995 0.357160 -0.037669
v -0.082995 0.348563 -0.044724
v -0.082995 0.341508 -0.053321
v -0.082995 0.336265 -0.063129
v -0.082995 0.333037 -0.073771
v -0.082995 0.331947 -0.084839
v -0.082995 0.333037 -0.095906
v -0.082995 0.336265 -0.106549
v -0.082995 0.341508 -0.116357
v -0.082995 0.348563 -0.124953
v -0.082995 0.357160 -0.132009
v -0.082995 0.366968 -0.137251
v -0.082995 0.377610 -0.140479
v -0.082995 0.399746 0.004763
v -0.082995 0.388678 0.003673
v -0.082995 0.410388 0.007991
v -0.082995 0.420196 0.013234
v -0.082995 0.428793 0.020289
v -0.082995 0.435848 0.028886
v -0.082995 0.441090 0.038694
v -0.082995 0.444319 0.049336
v -0.082995 0.445409 0.060404
v -0.082995 0.444319 0.071471
v -0.082995 0.441090 0.082114
v -0.082995 0.435848 0.091922
v -0.082995 0.428793 0.100518
v -0.082995 0.420196 0.107574
v -0.082995 0.410388 0.112816
v -0.082995 0.399746 0.116044
v -0.082995 0.388678 0.117135
v -0.082995 0.377610 0.116044
v -0.082995 0.366968 0.112816
v -0.082995 0.357160 0.107574
v -0.082995 0.348563 0.100518
v -0.082995 0.341508 0.091922
v -0.082995 0.336265 0.082114
v -0.082995 0.333037 0.071471
v -0.082995 0.331947 0.060404
v -0.082995 0.333037 0.049336
v -0.082995 0.336265 0.038694
v -0.082995 0.341508 0.028886
v -0.082995 0.348563 0.020289
v -0.082995 0.357160 0.013234
v -0.082995 0.366968 0.007991
v -0.082995 0.377610 0.004763
vn -0.0000 -0.9569 0.2903
vn 1.0000 -0.0000 -0.0000
vn -0.0000 -0.2903 0.9569
vn -0.0000 0.6344 0.7730
vn -0.0000 -0.0981 -0.9952
vn -0.0000 -0.4714 0.8819
vn -0.0000 0.4714 0.8819
vn -0.0000 0.0981 -0.9952
vn -0.0000 -0.6344 0.7730
vn -0.0000 0.2903 0.9569
vn -0.0000 0.2903 -0.9569
vn -0.0000 -0.7730 0.6344
vn -0.0000 0.0980 0.9952
vn -0.0000 0.4713 -0.8820
vn -0.0000 -0.8819 0.4714
vn -0.0000 0.6344 -0.7730
vn -0.0000 0.7730 -0.6344
vn -0.0000 -0.9952 0.0980
vn -0.0000 0.8819 -0.4714
vn -0.0000 -0.9952 -0.0980
vn -0.0000 0.9569 -0.2903
vn -0.0000 -0.9569 -0.2903
vn -0.0000 0.9952 -0.0981
vn -0.0000 -0.8819 -0.4714
vn -0.0000 0.9952 0.0981
vn -0.0000 -0.7730 -0.6344
vn -0.0000 0.9569 0.2903
vn -0.0000 -0.6344 -0.7730
vn -0.0000 0.8819 0.4714
vn -0.0000 -0.4714 -0.8819
vn -0.0000 -0.0980 0.9952
vn -0.0000 0.7730 0.6344
vn -0.0000 -0.2903 -0.9569
vn -0.8608 0.0499 -0.5066
vn -0.8608 0.0499 -0.5065
vn -0.8607 0.0499 -0.5066
vn -0.8608 0.1477 -0.4871
vn -0.8608 0.1478 -0.4871
vn -0.8608 0.2399 -0.4489
vn -0.8607 0.2399 -0.4489
vn -0.8608 0.2400 -0.4489
vn -0.8608 0.3229 -0.3935
vn -0.8607 0.3229 -0.3935
vn -0.8608 0.3935 -0.3229
vn -0.8607 0.3935 -0.3229
vn -0.8608 0.4489 -0.2399
vn -0.8608 0.4489 -0.2400
vn -0.8607 0.4489 -0.2400
vn -0.8608 0.4871 -0.1478
vn -0.8608 0.5066 -0.0499
vn -0.8607 0.5066 -0.0499
vn -0.8608 0.5066 0.0499
vn -0.8607 0.5066 0.0499
vn -0.8608 0.4871 0.1478
vn -0.8608 0.4489 0.2399
vn -0.8608 0.4489 0.2400
vn -0.8608 0.3935 0.3229
vn -0.8608 0.3229 0.3935
vn -0.8608 0.2400 0.4489
vn -0.8607 0.2400 0.4489
vn -0.8608 0.2399 0.4489
vn -0.8608 0.1478 0.4871
vn -0.8608 0.0499 0.5066
vn -0.8608 0.0499 0.5065
vn -0.8608 -0.0499 0.5066
vn -0.8608 -0.0499 0.5065
vn -0.8608 -0.1478 0.4871
vn -0.8608 -0.2399 0.4489
vn -0.8608 -0.2400 0.4489
vn -0.8608 -0.3229 0.3935
vn -0.8608 -0.3229 0.3934
vn -0.8608 -0.3935 0.3229
vn -0.8608 -0.4489 0.2399
vn -0.8608 -0.4489 0.2400
vn -0.8608 -0.4871 0.1478
vn -0.8608 -0.5066 0.0499
vn -0.8608 -0.5065 0.0499
vn -0.8608 -0.5066 -0.0499
vn -0.8608 -0.5065 -0.0499
vn -0.8608 -0.4871 -0.1477
vn -0.8607 -0.4871 -0.1477
vn -0.8608 -0.4871 -0.1478
vn -0.8608 -0.4489 -0.2400
vn -0.8608 -0.4489 -0.2399
vn -0.8607 -0.4489 -0.2399
vn -0.8608 -0.3935 -0.3229
vn -0.8608 -0.3229 -0.3935
vn -0.8608 -0.2399 -0.4489
vn -0.8608 -0.1477 -0.4871
vn -0.8608 -0.1478 -0.4871
vn -0.8608 -0.0499 -0.5066
vn -0.8607 -0.0499 -0.5066
vn -0.8608 -0.0499 -0.5065
vn -0.0000 0.9569 0.2904
vn -0.0000 -0.9570 -0.2902
vn -0.0000 0.4714 -0.8819
vn -0.0000 0.9952 -0.0980
vn -0.0000 0.9952 0.0980
vn -0.0000 -0.9570 0.2902
vn -0.0000 -0.0980 -0.9952
vn -0.0000 0.4713 0.8820
vn -0.0000 0.0980 -0.9952
vn -0.8607 0.1478 -0.4871
vn -0.8608 0.4871 -0.1477
vn -0.8607 0.4489 0.2399
vn -0.8607 0.3935 0.3229
vn -0.8607 0.3229 0.3935
vn -0.8608 0.1477 0.4871
vn -0.8608 -0.1477 0.4871
vn -0.8607 -0.4489 0.2400
vn -0.8608 -0.4871 0.1477
vn -0.8607 -0.4871 0.1478
vn -0.8608 -0.3934 -0.3229
vn -0.8607 -0.2400 -0.4489
vn -0.8607 -0.1478 -0.4871
vn -0.0000 0.9569 -0.2904
vn -0.8607 0.1478 0.4871
vn -0.8607 -0.1478 0.4871
vn -0.0000 0.0981 0.9952
vn -0.0000 -0.0981 0.9952
vn -0.8607 0.0499 0.5066
vn -0.8607 -0.0499 0.5066
vn -1.0000 -0.0000 -0.0000
vt 0.000000 0.000000
s 1
usemtl Material.001
f 95/1/1 92/1/1 398/1/1
f 95/1/1 398/1/1 399/1/1
f 132/1/2 129/1/2 135/1/2
f 135/1/2 138/1/2 141/1/2
f 141/1/2 144/1/2 147/1/2
f 147/1/2 150/1/2 153/1/2
f 153/1/2 156/1/2 159/1/2
f 159/1/2 162/1/2 165/1/2
f 165/1/2 168/1/2 171/1/2
f 171/1/2 174/1/2 177/1/2
f 177/1/2 180/1/2 183/1/2
f 183/1/2 186/1/2 189/1/2
f 189/1/2 192/1/2 195/1/2
f 195/1/2 198/1/2 201/1/2
f 201/1/2 204/1/2 207/1/2
f 207/1/2 210/1/2 213/1/2
f 213/1/2 216/1/2 219/1/2
f 219/1/2 222/1/2 132/1/2
f 132/1/2 135/1/2 141/1/2
f 141/1/2 147/1/2 153/1/2
f 153/1/2 159/1/2 165/1/2
f 165/1/2 171/1/2 177/1/2
f 177/1/2 183/1/2 189/1/2
f 189/1/2 195/1/2 201/1/2
f 201/1/2 207/1/2 213/1/2
f 213/1/2 219/1/2 132/1/2
f 132/1/2 141/1/2 153/1/2
f 153/1/2 165/1/2 177/1/2
f 177/1/2 189/1/2 201/1/2
f 201/1/2 213/1/2 132/1/2
f 132/1/2 153/1/2 177/1/2
f 177/1/2 201/1/2 132/1/2
f 226/1/3 233/1/3 136/1/3
f 226/1/3 136/1/3 131/1/3
f 339/1/4 344/1/4 218/1/4
f 339/1/4 218/1/4 214/1/4
f 285/1/5 290/1/5 178/1/5
f 285/1/5 178/1/5 175/1/5
f 234/1/6 237/1/6 139/1/6
f 234/1/6 139/1/6 137/1/6
f 343/1/7 348/1/7 221/1/7
f 343/1/7 221/1/7 217/1/7
f 292/1/8 295/1/8 181/1/8
f 292/1/8 181/1/8 179/1/8
f 238/1/9 241/1/9 142/1/9
f 238/1/9 142/1/9 140/1/9
f 347/1/10 352/1/10 224/1/10
f 347/1/10 224/1/10 220/1/10
f 296/1/11 299/1/11 184/1/11
f 296/1/11 184/1/11 182/1/11
f 242/1/12 245/1/12 145/1/12
f 242/1/12 145/1/12 143/1/12
f 351/1/13 232/1/13 134/1/13
f 351/1/13 134/1/13 223/1/13
f 300/1/14 303/1/14 187/1/14
f 300/1/14 187/1/14 185/1/14
f 246/1/15 249/1/15 148/1/15
f 246/1/15 148/1/15 146/1/15
f 304/1/16 307/1/16 190/1/16
f 304/1/16 190/1/16 188/1/16
f 250/1/1 253/1/1 151/1/1
f 250/1/1 151/1/1 149/1/1
f 308/1/17 311/1/17 193/1/17
f 308/1/17 193/1/17 191/1/17
f 254/1/18 257/1/18 154/1/18
f 254/1/18 154/1/18 152/1/18
f 312/1/19 315/1/19 196/1/19
f 312/1/19 196/1/19 194/1/19
f 258/1/20 262/1/20 158/1/20
f 258/1/20 158/1/20 155/1/20
f 316/1/21 319/1/21 199/1/21
f 316/1/21 199/1/21 197/1/21
f 261/1/22 266/1/22 161/1/22
f 261/1/22 161/1/22 157/1/22
f 320/1/23 324/1/23 203/1/23
f 320/1/23 203/1/23 200/1/23
f 265/1/24 270/1/24 164/1/24
f 265/1/24 164/1/24 160/1/24
f 323/1/25 328/1/25 206/1/25
f 323/1/25 206/1/25 202/1/25
f 269/1/26 274/1/26 167/1/26
f 269/1/26 167/1/26 163/1/26
f 327/1/27 332/1/27 209/1/27
f 327/1/27 209/1/27 205/1/27
f 273/1/28 278/1/28 170/1/28
f 273/1/28 170/1/28 166/1/28
f 331/1/29 336/1/29 212/1/29
f 331/1/29 212/1/29 208/1/29
f 277/1/30 282/1/30 173/1/30
f 277/1/30 173/1/30 169/1/30
f 230/1/31 225/1/31 130/1/31
f 230/1/31 130/1/31 133/1/31
f 335/1/32 340/1/32 215/1/32
f 335/1/32 215/1/32 211/1/32
f 281/1/33 286/1/33 176/1/33
f 281/1/33 176/1/33 172/1/33
f 3/1/34 5/1/35 227/1/34
f 3/1/34 227/1/34 231/1/36
f 7/1/37 9/1/37 235/1/37
f 7/1/37 235/1/37 228/1/38
f 10/1/39 13/1/40 239/1/41
f 10/1/39 239/1/41 236/1/41
f 14/1/42 17/1/42 243/1/42
f 14/1/42 243/1/42 240/1/43
f 18/1/44 21/1/45 247/1/44
f 18/1/44 247/1/44 244/1/44
f 22/1/46 25/1/46 251/1/47
f 22/1/46 251/1/47 248/1/48
f 26/1/49 29/1/49 255/1/49
f 26/1/49 255/1/49 252/1/49
f 30/1/50 34/1/51 260/1/50
f 30/1/50 260/1/50 256/1/50
f 33/1/52 38/1/52 264/1/52
f 33/1/52 264/1/52 259/1/53
f 37/1/54 42/1/54 268/1/54
f 37/1/54 268/1/54 263/1/54
f 41/1/55 46/1/55 272/1/55
f 41/1/55 272/1/55 267/1/56
f 45/1/57 50/1/57 276/1/57
f 45/1/57 276/1/57 271/1/57
f 49/1/58 54/1/58 280/1/58
f 49/1/58 280/1/58 275/1/58
f 53/1/59 58/1/60 284/1/61
f 53/1/59 284/1/61 279/1/61
f 57/1/62 63/1/62 288/1/62
f 57/1/62 288/1/62 283/1/62
f 61/1/63 67/1/64 291/1/63
f 61/1/63 291/1/63 287/1/63
f 65/1/65 69/1/65 293/1/65
f 65/1/65 293/1/65 289/1/66
f 71/1/67 73/1/67 297/1/67
f 71/1/67 297/1/67 294/1/67
f 74/1/68 77/1/69 301/1/68
f 74/1/68 301/1/68 298/1/68
f 78/1/70 81/1/70 305/1/70
f 78/1/70 305/1/70 302/1/71
f 82/1/72 85/1/72 309/1/72
f 82/1/72 309/1/72 306/1/72
f 86/1/73 89/1/74 313/1/73
f 86/1/73 313/1/73 310/1/73
f 90/1/75 93/1/75 317/1/75
f 90/1/75 317/1/75 314/1/75
f 94/1/76 97/1/77 321/1/76
f 94/1/76 321/1/76 318/1/76
f 98/1/78 102/1/78 326/1/78
f 98/1/78 326/1/78 322/1/79
f 101/1/80 106/1/81 330/1/82
f 101/1/80 330/1/82 325/1/82
f 105/1/83 110/1/83 334/1/84
f 105/1/83 334/1/84 329/1/85
f 109/1/86 114/1/86 338/1/86
f 109/1/86 338/1/86 333/1/86
f 113/1/87 118/1/87 342/1/87
f 113/1/87 342/1/87 337/1/87
f 117/1/88 122/1/88 346/1/88
f 117/1/88 346/1/88 341/1/88
f 121/1/89 127/1/89 350/1/89
f 121/1/89 350/1/89 345/1/90
f 125/1/91 1/1/92 229/1/91
f 125/1/91 229/1/91 349/1/93
f 44/1/94 39/1/94 371/1/94
f 44/1/94 371/1/94 374/1/94
f 99/1/18 96/1/18 400/1/18
f 99/1/18 400/1/18 401/1/18
f 48/1/29 43/1/29 373/1/29
f 48/1/29 373/1/29 376/1/29
f 104/1/20 100/1/20 402/1/20
f 104/1/20 402/1/20 404/1/20
f 52/1/32 47/1/32 375/1/32
f 52/1/32 375/1/32 378/1/32
f 108/1/95 103/1/95 403/1/95
f 108/1/95 403/1/95 406/1/95
f 56/1/4 51/1/4 377/1/4
f 56/1/4 377/1/4 380/1/4
f 112/1/24 107/1/24 405/1/24
f 112/1/24 405/1/24 408/1/24
f 60/1/7 55/1/7 379/1/7
f 60/1/7 379/1/7 382/1/7
f 6/1/8 4/1/8 356/1/8
f 6/1/8 356/1/8 353/1/8
f 116/1/26 111/1/26 407/1/26
f 116/1/26 407/1/26 410/1/26
f 64/1/10 59/1/10 381/1/10
f 64/1/10 381/1/10 384/1/10
f 11/1/11 8/1/11 354/1/11
f 11/1/11 354/1/11 357/1/11
f 120/1/28 115/1/28 409/1/28
f 120/1/28 409/1/28 412/1/28
f 68/1/13 62/1/13 383/1/13
f 68/1/13 383/1/13 386/1/13
f 15/1/96 12/1/96 358/1/96
f 15/1/96 358/1/96 359/1/96
f 124/1/30 119/1/30 411/1/30
f 124/1/30 411/1/30 414/1/30
f 70/1/31 66/1/31 385/1/31
f 70/1/31 385/1/31 387/1/31
f 19/1/16 16/1/16 360/1/16
f 19/1/16 360/1/16 361/1/16
f 128/1/33 123/1/33 413/1/33
f 128/1/33 413/1/33 416/1/33
f 75/1/3 72/1/3 388/1/3
f 75/1/3 388/1/3 389/1/3
f 23/1/17 20/1/17 362/1/17
f 23/1/17 362/1/17 363/1/17
f 2/1/5 126/1/5 415/1/5
f 2/1/5 415/1/5 355/1/5
f 79/1/6 76/1/6 390/1/6
f 79/1/6 390/1/6 391/1/6
f 27/1/19 24/1/19 364/1/19
f 27/1/19 364/1/19 365/1/19
f 83/1/9 80/1/9 392/1/9
f 83/1/9 392/1/9 393/1/9
f 31/1/21 28/1/21 366/1/21
f 31/1/21 366/1/21 367/1/21
f 87/1/12 84/1/12 394/1/12
f 87/1/12 394/1/12 395/1/12
f 36/1/97 32/1/97 368/1/97
f 36/1/97 368/1/97 370/1/97
f 91/1/15 88/1/15 396/1/15
f 91/1/15 396/1/15 397/1/15
f 40/1/98 35/1/98 369/1/98
f 40/1/98 369/1/98 372/1/98
f 518/1/99 515/1/99 830/1/99
f 518/1/99 830/1/99 831/1/99
f 556/1/2 553/1/2 559/1/2
f 559/1/2 562/1/2 565/1/2
f 565/1/2 568/1/2 571/1/2
f 571/1/2 574/1/2 577/1/2
f 577/1/2 580/1/2 583/1/2
f 583/1/2 586/1/2 589/1/2
f 589/1/2 592/1/2 595/1/2
f 595/1/2 598/1/2 601/1/2
f 601/1/2 604/1/2 607/1/2
f 607/1/2 610/1/2 613/1/2
f 613/1/2 616/1/2 619/1/2
f 619/1/2 622/1/2 625/1/2
f 625/1/2 628/1/2 631/1/2
f 631/1/2 634/1/2 637/1/2
f 637/1/2 640/1/2 643/1/2
f 643/1/2 646/1/2 556/1/2
f 556/1/2 559/1/2 565/1/2
f 565/1/2 571/1/2 577/1/2
f 577/1/2 583/1/2 589/1/2
f 589/1/2 595/1/2 601/1/2
f 601/1/2 607/1/2 613/1/2
f 613/1/2 619/1/2 625/1/2
f 625/1/2 631/1/2 637/1/2
f 637/1/2 643/1/2 556/1/2
f 556/1/2 565/1/2 577/1/2
f 577/1/2 589/1/2 601/1/2
f 601/1/2 613/1/2 625/1/2
f 625/1/2 637/1/2 556/1/2
f 556/1/2 577/1/2 601/1/2
f 601/1/2 625/1/2 556/1/2
f 650/1/3 657/1/3 560/1/3
f 650/1/3 560/1/3 555/1/3
f 771/1/4 776/1/4 642/1/4
f 771/1/4 642/1/4 638/1/4
f 714/1/100 719/1/100 602/1/100
f 714/1/100 602/1/100 599/1/100
f 658/1/6 661/1/6 563/1/6
f 658/1/6 563/1/6 561/1/6
f 775/1/101 780/1/101 645/1/101
f 775/1/101 645/1/101 641/1/101
f 721/1/102 724/1/102 605/1/102
f 721/1/102 605/1/102 603/1/102
f 662/1/9 666/1/9 566/1/9
f 662/1/9 566/1/9 564/1/9
f 779/1/10 784/1/10 648/1/10
f 779/1/10 648/1/10 644/1/10
f 725/1/11 728/1/11 608/1/11
f 725/1/11 608/1/11 606/1/11
f 667/1/12 670/1/12 569/1/12
f 667/1/12 569/1/12 567/1/12
f 783/1/13 656/1/13 558/1/13
f 783/1/13 558/1/13 647/1/13
f 729/1/96 732/1/96 611/1/96
f 729/1/96 611/1/96 609/1/96
f 671/1/15 675/1/15 572/1/15
f 671/1/15 572/1/15 570/1/15
f 733/1/16 736/1/16 614/1/16
f 733/1/16 614/1/16 612/1/16
f 676/1/1 680/1/1 575/1/1
f 676/1/1 575/1/1 573/1/1
f 737/1/17 741/1/17 617/1/17
f 737/1/17 617/1/17 615/1/17
f 681/1/18 684/1/18 578/1/18
f 681/1/18 578/1/18 576/1/18
f 742/1/19 746/1/19 620/1/19
f 742/1/19 620/1/19 618/1/19
f 685/1/20 690/1/20 582/1/20
f 685/1/20 582/1/20 579/1/20
f 747/1/21 750/1/21 623/1/21
f 747/1/21 623/1/21 621/1/21
f 689/1/22 694/1/22 585/1/22
f 689/1/22 585/1/22 581/1/22
f 751/1/23 755/1/23 627/1/23
f 751/1/23 627/1/23 624/1/23
f 693/1/24 698/1/24 588/1/24
f 693/1/24 588/1/24 584/1/24
f 754/1/25 760/1/25 630/1/25
f 754/1/25 630/1/25 626/1/25
f 697/1/26 702/1/26 591/1/26
f 697/1/26 591/1/26 587/1/26
f 759/1/27 764/1/27 633/1/27
f 759/1/27 633/1/27 629/1/27
f 701/1/28 707/1/28 594/1/28
f 701/1/28 594/1/28 590/1/28
f 763/1/29 768/1/29 636/1/29
f 763/1/29 636/1/29 632/1/29
f 706/1/30 711/1/30 597/1/30
f 706/1/30 597/1/30 593/1/30
f 654/1/31 649/1/31 554/1/31
f 654/1/31 554/1/31 557/1/31
f 767/1/32 772/1/32 639/1/32
f 767/1/32 639/1/32 635/1/32
f 710/1/33 715/1/33 600/1/33
f 710/1/33 600/1/33 596/1/33
f 419/1/35 421/1/35 651/1/35
f 419/1/35 651/1/35 655/1/34
f 423/1/38 425/1/103 659/1/38
f 423/1/38 659/1/38 652/1/38
f 427/1/41 430/1/41 664/1/41
f 426/1/40 663/1/40 660/1/40
f 431/1/42 434/1/42 668/1/42
f 431/1/42 668/1/42 665/1/42
f 436/1/44 439/1/44 673/1/44
f 435/1/44 672/1/44 669/1/44
f 441/1/46 444/1/46 678/1/46
f 440/1/47 677/1/47 674/1/47
f 445/1/49 448/1/49 682/1/49
f 445/1/49 682/1/49 679/1/104
f 449/1/51 454/1/51 687/1/51
f 450/1/50 688/1/50 683/1/50
f 453/1/52 458/1/52 692/1/52
f 453/1/52 692/1/52 686/1/53
f 457/1/54 462/1/54 696/1/54
f 457/1/54 696/1/54 691/1/54
f 461/1/55 467/1/105 700/1/55
f 461/1/55 700/1/55 695/1/56
f 465/1/57 471/1/57 704/1/57
f 466/1/106 705/1/106 699/1/106
f 470/1/58 475/1/107 709/1/58
f 470/1/58 709/1/58 703/1/58
f 474/1/61 479/1/61 713/1/59
f 474/1/61 713/1/59 708/1/60
f 478/1/108 484/1/108 717/1/108
f 478/1/108 717/1/108 712/1/62
f 482/1/64 488/1/64 720/1/64
f 482/1/64 720/1/64 716/1/64
f 486/1/66 490/1/66 722/1/66
f 486/1/66 722/1/66 718/1/66
f 492/1/109 494/1/109 726/1/109
f 492/1/109 726/1/109 723/1/67
f 495/1/68 498/1/68 730/1/68
f 495/1/68 730/1/68 727/1/68
f 499/1/70 502/1/70 734/1/70
f 499/1/70 734/1/70 731/1/70
f 504/1/72 507/1/72 739/1/72
f 503/1/72 738/1/72 735/1/72
f 509/1/110 512/1/110 744/1/110
f 508/1/73 743/1/73 740/1/73
f 513/1/111 516/1/111 748/1/75
f 513/1/111 748/1/75 745/1/112
f 517/1/76 520/1/77 752/1/76
f 517/1/76 752/1/76 749/1/76
f 522/1/78 526/1/78 758/1/78
f 521/1/79 757/1/79 753/1/79
f 525/1/82 530/1/82 762/1/82
f 525/1/82 762/1/82 756/1/82
f 529/1/84 534/1/83 766/1/84
f 529/1/84 766/1/84 761/1/84
f 533/1/86 538/1/86 770/1/86
f 533/1/86 770/1/86 765/1/113
f 537/1/87 542/1/87 774/1/87
f 537/1/87 774/1/87 769/1/87
f 541/1/88 546/1/114 778/1/88
f 541/1/88 778/1/88 773/1/88
f 545/1/90 551/1/89 782/1/90
f 545/1/90 782/1/90 777/1/115
f 549/1/93 417/1/93 653/1/93
f 549/1/93 653/1/93 781/1/93
f 464/1/27 459/1/27 803/1/27
f 464/1/27 803/1/27 806/1/27
f 523/1/18 519/1/18 832/1/18
f 523/1/18 832/1/18 833/1/18
f 469/1/29 463/1/29 805/1/29
f 469/1/29 805/1/29 808/1/29
f 528/1/20 524/1/20 834/1/20
f 528/1/20 834/1/20 836/1/20
f 473/1/32 468/1/32 807/1/32
f 473/1/32 807/1/32 810/1/32
f 532/1/22 527/1/22 835/1/22
f 532/1/22 835/1/22 838/1/22
f 477/1/4 472/1/4 809/1/4
f 477/1/4 809/1/4 812/1/4
f 536/1/24 531/1/24 837/1/24
f 536/1/24 837/1/24 840/1/24
f 481/1/7 476/1/7 811/1/7
f 481/1/7 811/1/7 814/1/7
f 422/1/102 420/1/102 788/1/102
f 422/1/102 788/1/102 785/1/102
f 540/1/26 535/1/26 839/1/26
f 540/1/26 839/1/26 842/1/26
f 485/1/10 480/1/10 813/1/10
f 485/1/10 813/1/10 816/1/10
f 428/1/11 424/1/11 786/1/11
f 428/1/11 786/1/11 789/1/11
f 544/1/28 539/1/28 841/1/28
f 544/1/28 841/1/28 844/1/28
f 489/1/13 483/1/13 815/1/13
f 489/1/13 815/1/13 818/1/13
f 432/1/96 429/1/96 790/1/96
f 432/1/96 790/1/96 791/1/96
f 548/1/30 543/1/30 843/1/30
f 548/1/30 843/1/30 846/1/30
f 491/1/31 487/1/31 817/1/31
f 491/1/31 817/1/31 819/1/31
f 437/1/16 433/1/16 792/1/16
f 437/1/16 792/1/16 793/1/16
f 552/1/33 547/1/33 845/1/33
f 552/1/33 845/1/33 848/1/33
f 496/1/3 493/1/3 820/1/3
f 496/1/3 820/1/3 821/1/3
f 442/1/17 438/1/17 794/1/17
f 442/1/17 794/1/17 795/1/17
f 418/1/100 550/1/100 847/1/100
f 418/1/100 847/1/100 787/1/100
f 500/1/6 497/1/6 822/1/6
f 500/1/6 822/1/6 823/1/6
f 446/1/19 443/1/19 796/1/19
f 446/1/19 796/1/19 797/1/19
f 505/1/9 501/1/9 824/1/9
f 505/1/9 824/1/9 825/1/9
f 451/1/116 447/1/116 798/1/116
f 451/1/116 798/1/116 799/1/116
f 510/1/12 506/1/12 826/1/12
f 510/1/12 826/1/12 827/1/12
f 456/1/97 452/1/97 800/1/97
f 456/1/97 800/1/97 802/1/97
f 514/1/15 511/1/15 828/1/15
f 514/1/15 828/1/15 829/1/15
f 460/1/98 455/1/98 801/1/98
f 460/1/98 801/1/98 804/1/98
f 947/1/1 944/1/1 1256/1/1
f 947/1/1 1256/1/1 1257/1/1
f 985/1/2 982/1/2 988/1/2
f 988/1/2 991/1/2 994/1/2
f 994/1/2 997/1/2 1000/1/2
f 1000/1/2 1003/1/2 1006/1/2
f 1006/1/2 1009/1/2 1012/1/2
f 1012/1/2 1015/1/2 1018/1/2
f 1018/1/2 1021/1/2 1024/1/2
f 1024/1/2 1027/1/2 1030/1/2
f 1030/1/2 1033/1/2 1036/1/2
f 1036/1/2 1039/1/2 1042/1/2
f 1042/1/2 1045/1/2 1048/1/2
f 1048/1/2 1051/1/2 1054/1/2
f 1054/1/2 1057/1/2 1060/1/2
f 1060/1/2 1063/1/2 1066/1/2
f 1066/1/2 1069/1/2 1072/1/2
f 1072/1/2 1075/1/2 985/1/2
f 985/1/2 988/1/2 994/1/2
f 994/1/2 1000/1/2 1006/1/2
f 1006/1/2 1012/1/2 1018/1/2
f 1018/1/2 1024/1/2 1030/1/2
f 1030/1/2 1036/1/2 1042/1/2
f 1042/1/2 1048/1/2 1054/1/2
f 1054/1/2 1060/1/2 1066/1/2
f 1066/1/2 1072/1/2 985/1/2
f 985/1/2 994/1/2 1006/1/2
f 1006/1/2 1018/1/2 1030/1/2
f 1030/1/2 1042/1/2 1054/1/2
f 1054/1/2 1066/1/2 985/1/2
f 985/1/2 1006/1/2 1030/1/2
f 1030/1/2 1054/1/2 985/1/2
f 1079/1/3 1086/1/3 989/1/3
f 1079/1/3 989/1/3 984/1/3
f 1197/1/4 1202/1/4 1071/1/4
f 1197/1/4 1071/1/4 1067/1/4
f 1141/1/5 1146/1/5 1031/1/5
f 1141/1/5 1031/1/5 1028/1/5
f 1087/1/6 1090/1/6 992/1/6
f 1087/1/6 992/1/6 990/1/6
f 1201/1/7 1206/1/7 1074/1/7
f 1201/1/7 1074/1/7 1070/1/7
f 1148/1/8 1151/1/8 1034/1/8
f 1148/1/8 1034/1/8 1032/1/8
f 1091/1/9 1094/1/9 995/1/9
f 1091/1/9 995/1/9 993/1/9
f 1205/1/10 1210/1/10 1077/1/10
f 1205/1/10 1077/1/10 1073/1/10
f 1152/1/11 1155/1/11 1037/1/11
f 1152/1/11 1037/1/11 1035/1/11
f 1095/1/12 1098/1/12 998/1/12
f 1095/1/12 998/1/12 996/1/12
f 1209/1/13 1085/1/13 987/1/13
f 1209/1/13 987/1/13 1076/1/13
f 1156/1/14 1159/1/14 1040/1/14
f 1156/1/14 1040/1/14 1038/1/14
f 1099/1/15 1103/1/15 1001/1/15
f 1099/1/15 1001/1/15 999/1/15
f 1160/1/16 1163/1/16 1043/1/16
f 1160/1/16 1043/1/16 1041/1/16
f 1104/1/1 1108/1/1 1004/1/1
f 1104/1/1 1004/1/1 1002/1/1
f 1164/1/17 1168/1/17 1046/1/17
f 1164/1/17 1046/1/17 1044/1/17
f 1109/1/18 1112/1/18 1007/1/18
f 1109/1/18 1007/1/18 1005/1/18
f 1169/1/19 1172/1/19 1049/1/19
f 1169/1/19 1049/1/19 1047/1/19
f 1113/1/20 1118/1/20 1011/1/20
f 1113/1/20 1011/1/20 1008/1/20
f 1173/1/21 1176/1/21 1052/1/21
f 1173/1/21 1052/1/21 1050/1/21
f 1117/1/22 1122/1/22 1014/1/22
f 1117/1/22 1014/1/22 1010/1/22
f 1177/1/23 1181/1/23 1056/1/23
f 1177/1/23 1056/1/23 1053/1/23
f 1121/1/24 1126/1/24 1017/1/24
f 1121/1/24 1017/1/24 1013/1/24
f 1180/1/25 1185/1/25 1059/1/25
f 1180/1/25 1059/1/25 1055/1/25
f 1125/1/26 1130/1/26 1020/1/26
f 1125/1/26 1020/1/26 1016/1/26
f 1184/1/27 1189/1/27 1062/1/27
f 1184/1/27 1062/1/27 1058/1/27
f 1129/1/28 1134/1/28 1023/1/28
f 1129/1/28 1023/1/28 1019/1/28
f 1188/1/29 1193/1/29 1065/1/29
f 1188/1/29 1065/1/29 1061/1/29
f 1133/1/30 1138/1/30 1026/1/30
f 1133/1/30 1026/1/30 1022/1/30
f 1083/1/31 1078/1/31 983/1/31
f 1083/1/31 983/1/31 986/1/31
f 1192/1/32 1198/1/32 1068/1/32
f 1192/1/32 1068/1/32 1064/1/32
f 1137/1/33 1142/1/33 1029/1/33
f 1137/1/33 1029/1/33 1025/1/33
f 851/1/35 853/1/35 1080/1/35
f 851/1/35 1080/1/35 1084/1/35
f 855/1/37 857/1/37 1088/1/37
f 855/1/37 1088/1/37 1081/1/38
f 858/1/39 861/1/40 1092/1/41
f 858/1/39 1092/1/41 1089/1/41
f 862/1/42 865/1/42 1096/1/42
f 862/1/42 1096/1/42 1093/1/43
f 867/1/45 870/1/45 1101/1/45
f 866/1/44 1100/1/44 1097/1/44
f 872/1/46 875/1/46 1106/1/46
f 871/1/48 1105/1/48 1102/1/48
f 876/1/49 879/1/49 1110/1/49
f 876/1/49 1110/1/49 1107/1/49
f 880/1/51 885/1/51 1115/1/51
f 881/1/50 1116/1/50 1111/1/50
f 884/1/52 889/1/52 1120/1/52
f 884/1/52 1120/1/52 1114/1/53
f 888/1/54 893/1/54 1124/1/54
f 888/1/54 1124/1/54 1119/1/54
f 892/1/55 897/1/55 1128/1/55
f 892/1/55 1128/1/55 1123/1/56
f 896/1/57 901/1/57 1132/1/57
f 896/1/57 1132/1/57 1127/1/57
f 900/1/58 905/1/58 1136/1/58
f 900/1/58 1136/1/58 1131/1/58
f 904/1/59 909/1/60 1140/1/61
f 904/1/59 1140/1/61 1135/1/61
f 908/1/62 914/1/62 1144/1/62
f 908/1/62 1144/1/62 1139/1/117
f 912/1/63 918/1/64 1147/1/63
f 912/1/63 1147/1/63 1143/1/63
f 916/1/65 920/1/65 1149/1/65
f 916/1/65 1149/1/65 1145/1/66
f 922/1/118 924/1/118 1153/1/67
f 922/1/118 1153/1/67 1150/1/67
f 925/1/68 928/1/69 1157/1/68
f 925/1/68 1157/1/68 1154/1/68
f 929/1/70 932/1/70 1161/1/70
f 929/1/70 1161/1/70 1158/1/71
f 934/1/72 937/1/72 1166/1/72
f 933/1/72 1165/1/72 1162/1/72
f 938/1/73 941/1/74 1170/1/73
f 938/1/73 1170/1/73 1167/1/73
f 942/1/75 945/1/75 1174/1/75
f 942/1/75 1174/1/75 1171/1/75
f 946/1/76 949/1/77 1178/1/76
f 946/1/76 1178/1/76 1175/1/76
f 950/1/78 954/1/78 1183/1/78
f 950/1/78 1183/1/78 1179/1/79
f 953/1/80 958/1/81 1187/1/82
f 953/1/80 1187/1/82 1182/1/82
f 957/1/83 963/1/83 1191/1/84
f 957/1/83 1191/1/84 1186/1/85
f 961/1/86 967/1/86 1195/1/86
f 962/1/86 1196/1/86 1190/1/86
f 966/1/87 971/1/87 1200/1/87
f 966/1/87 1200/1/87 1194/1/87
f 970/1/88 975/1/88 1204/1/88
f 970/1/88 1204/1/88 1199/1/88
f 974/1/89 980/1/89 1208/1/89
f 974/1/89 1208/1/89 1203/1/90
f 978/1/93 849/1/93 1082/1/93
f 978/1/93 1082/1/93 1207/1/93
f 895/1/94 890/1/94 1229/1/94
f 895/1/94 1229/1/94 1232/1/94
f 951/1/18 948/1/18 1258/1/18
f 951/1/18 1258/1/18 1259/1/18
f 899/1/29 894/1/29 1231/1/29
f 899/1/29 1231/1/29 1234/1/29
f 956/1/20 952/1/20 1260/1/20
f 956/1/20 1260/1/20 1262/1/20
f 903/1/32 898/1/32 1233/1/32
f 903/1/32 1233/1/32 1236/1/32
f 960/1/95 955/1/95 1261/1/95
f 960/1/95 1261/1/95 1264/1/95
f 907/1/4 902/1/4 1235/1/4
f 907/1/4 1235/1/4 1238/1/4
f 965/1/24 959/1/24 1263/1/24
f 965/1/24 1263/1/24 1266/1/24
f 911/1/7 906/1/7 1237/1/7
f 911/1/7 1237/1/7 1240/1/7
f 854/1/102 852/1/102 1214/1/102
f 854/1/102 1214/1/102 1211/1/102
f 969/1/26 964/1/26 1265/1/26
f 969/1/26 1265/1/26 1268/1/26
f 915/1/10 910/1/10 1239/1/10
f 915/1/10 1239/1/10 1242/1/10
f 859/1/11 856/1/11 1212/1/11
f 859/1/11 1212/1/11 1215/1/11
f 973/1/28 968/1/28 1267/1/28
f 973/1/28 1267/1/28 1270/1/28
f 919/1/13 913/1/13 1241/1/13
f 919/1/13 1241/1/13 1244/1/13
f 863/1/96 860/1/96 1216/1/96
f 863/1/96 1216/1/96 1217/1/96
f 977/1/30 972/1/30 1269/1/30
f 977/1/30 1269/1/30 1272/1/30
f 921/1/31 917/1/31 1243/1/31
f 921/1/31 1243/1/31 1245/1/31
f 868/1/16 864/1/16 1218/1/16
f 868/1/16 1218/1/16 1219/1/16
f 981/1/33 976/1/33 1271/1/33
f 981/1/33 1271/1/33 1274/1/33
f 926/1/3 923/1/3 1246/1/3
f 926/1/3 1246/1/3 1247/1/3
f 873/1/17 869/1/17 1220/1/17
f 873/1/17 1220/1/17 1221/1/17
f 850/1/100 979/1/100 1273/1/100
f 850/1/100 1273/1/100 1213/1/100
f 930/1/6 927/1/6 1248/1/6
f 930/1/6 1248/1/6 1249/1/6
f 877/1/19 874/1/19 1222/1/19
f 877/1/19 1222/1/19 1223/1/19
f 935/1/9 931/1/9 1250/1/9
f 935/1/9 1250/1/9 1251/1/9
f 882/1/21 878/1/21 1224/1/21
f 882/1/21 1224/1/21 1225/1/21
f 939/1/12 936/1/12 1252/1/12
f 939/1/12 1252/1/12 1253/1/12
f 887/1/97 883/1/97 1226/1/97
f 887/1/97 1226/1/97 1228/1/97
f 943/1/15 940/1/15 1254/1/15
f 943/1/15 1254/1/15 1255/1/15
f 891/1/98 886/1/98 1227/1/98
f 891/1/98 1227/1/98 1230/1/98
f 1369/1/99 1366/1/99 1672/1/99
f 1369/1/99 1672/1/99 1673/1/99
f 1406/1/2 1403/1/2 1409/1/2
f 1409/1/2 1412/1/2 1415/1/2
f 1415/1/2 1418/1/2 1421/1/2
f 1421/1/2 1424/1/2 1427/1/2
f 1427/1/2 1430/1/2 1433/1/2
f 1433/1/2 1436/1/2 1439/1/2
f 1439/1/2 1442/1/2 1445/1/2
f 1445/1/2 1448/1/2 1451/1/2
f 1451/1/2 1454/1/2 1457/1/2
f 1457/1/2 1460/1/2 1463/1/2
f 1463/1/2 1466/1/2 1469/1/2
f 1469/1/2 1472/1/2 1475/1/2
f 1475/1/2 1478/1/2 1481/1/2
f 1481/1/2 1484/1/2 1487/1/2
f 1487/1/2 1490/1/2 1493/1/2
f 1493/1/2 1496/1/2 1406/1/2
f 1406/1/2 1409/1/2 1415/1/2
f 1415/1/2 1421/1/2 1427/1/2
f 1427/1/2 1433/1/2 1439/1/2
f 1439/1/2 1445/1/2 1451/1/2
f 1451/1/2 1457/1/2 1463/1/2
f 1463/1/2 1469/1/2 1475/1/2
f 1475/1/2 1481/1/2 1487/1/2
f 1487/1/2 1493/1/2 1406/1/2
f 1406/1/2 1415/1/2 1427/1/2
f 1427/1/2 1439/1/2 1451/1/2
f 1451/1/2 1463/1/2 1475/1/2
f 1475/1/2 1487/1/2 1406/1/2
f 1406/1/2 1427/1/2 1451/1/2
f 1451/1/2 1475/1/2 1406/1/2
f 1500/1/3 1507/1/3 1410/1/3
f 1500/1/3 1410/1/3 1405/1/3
f 1613/1/4 1618/1/4 1492/1/4
f 1613/1/4 1492/1/4 1488/1/4
f 1559/1/100 1564/1/100 1452/1/100
f 1559/1/100 1452/1/100 1449/1/100
f 1508/1/6 1511/1/6 1413/1/6
f 1508/1/6 1413/1/6 1411/1/6
f 1617/1/101 1622/1/101 1495/1/101
f 1617/1/101 1495/1/101 1491/1/101
f 1566/1/102 1569/1/102 1455/1/102
f 1566/1/102 1455/1/102 1453/1/102
f 1512/1/9 1515/1/9 1416/1/9
f 1512/1/9 1416/1/9 1414/1/9
f 1621/1/10 1626/1/10 1498/1/10
f 1621/1/10 1498/1/10 1494/1/10
f 1570/1/11 1573/1/11 1458/1/11
f 1570/1/11 1458/1/11 1456/1/11
f 1516/1/12 1519/1/12 1419/1/12
f 1516/1/12 1419/1/12 1417/1/12
f 1625/1/119 1506/1/119 1408/1/119
f 1625/1/119 1408/1/119 1497/1/119
f 1574/1/96 1577/1/96 1461/1/96
f 1574/1/96 1461/1/96 1459/1/96
f 1520/1/15 1523/1/15 1422/1/15
f 1520/1/15 1422/1/15 1420/1/15
f 1578/1/16 1581/1/16 1464/1/16
f 1578/1/16 1464/1/16 1462/1/16
f 1524/1/1 1527/1/1 1425/1/1
f 1524/1/1 1425/1/1 1423/1/1
f 1582/1/17 1585/1/17 1467/1/17
f 1582/1/17 1467/1/17 1465/1/17
f 1528/1/18 1531/1/18 1428/1/18
f 1528/1/18 1428/1/18 1426/1/18
f 1586/1/19 1589/1/19 1470/1/19
f 1586/1/19 1470/1/19 1468/1/19
f 1532/1/20 1536/1/20 1432/1/20
f 1532/1/20 1432/1/20 1429/1/20
f 1590/1/21 1593/1/21 1473/1/21
f 1590/1/21 1473/1/21 1471/1/21
f 1535/1/22 1540/1/22 1435/1/22
f 1535/1/22 1435/1/22 1431/1/22
f 1594/1/23 1598/1/23 1477/1/23
f 1594/1/23 1477/1/23 1474/1/23
f 1539/1/24 1544/1/24 1438/1/24
f 1539/1/24 1438/1/24 1434/1/24
f 1597/1/25 1602/1/25 1480/1/25
f 1597/1/25 1480/1/25 1476/1/25
f 1543/1/26 1548/1/26 1441/1/26
f 1543/1/26 1441/1/26 1437/1/26
f 1601/1/27 1606/1/27 1483/1/27
f 1601/1/27 1483/1/27 1479/1/27
f 1547/1/28 1552/1/28 1444/1/28
f 1547/1/28 1444/1/28 1440/1/28
f 1605/1/29 1610/1/29 1486/1/29
f 1605/1/29 1486/1/29 1482/1/29
f 1551/1/30 1556/1/30 1447/1/30
f 1551/1/30 1447/1/30 1443/1/30
f 1504/1/120 1499/1/120 1404/1/120
f 1504/1/120 1404/1/120 1407/1/120
f 1609/1/32 1614/1/32 1489/1/32
f 1609/1/32 1489/1/32 1485/1/32
f 1555/1/33 1560/1/33 1450/1/33
f 1555/1/33 1450/1/33 1446/1/33
f 1277/1/34 1279/1/34 1501/1/34
f 1277/1/34 1501/1/34 1505/1/35
f 1281/1/103 1283/1/103 1509/1/38
f 1281/1/103 1509/1/38 1502/1/38
f 1284/1/41 1287/1/41 1513/1/39
f 1284/1/41 1513/1/39 1510/1/40
f 1288/1/42 1291/1/42 1517/1/42
f 1288/1/42 1517/1/42 1514/1/42
f 1292/1/44 1295/1/44 1521/1/44
f 1292/1/44 1521/1/44 1518/1/44
f 1296/1/46 1299/1/46 1525/1/46
f 1296/1/46 1525/1/46 1522/1/47
f 1300/1/49 1303/1/49 1529/1/49
f 1300/1/49 1529/1/49 1526/1/49
f 1304/1/50 1308/1/51 1534/1/50
f 1304/1/50 1534/1/50 1530/1/50
f 1307/1/52 1312/1/52 1538/1/52
f 1307/1/52 1538/1/52 1533/1/53
f 1311/1/54 1316/1/54 1542/1/54
f 1311/1/54 1542/1/54 1537/1/54
f 1315/1/55 1320/1/105 1546/1/56
f 1315/1/55 1546/1/56 1541/1/56
f 1319/1/57 1324/1/57 1550/1/57
f 1319/1/57 1550/1/57 1545/1/106
f 1323/1/58 1328/1/107 1554/1/58
f 1323/1/58 1554/1/58 1549/1/58
f 1327/1/61 1332/1/61 1558/1/59
f 1327/1/61 1558/1/59 1553/1/60
f 1331/1/108 1337/1/108 1562/1/108
f 1331/1/108 1562/1/108 1557/1/62
f 1335/1/63 1341/1/121 1565/1/63
f 1335/1/63 1565/1/63 1561/1/64
f 1339/1/65 1343/1/66 1567/1/65
f 1339/1/65 1567/1/65 1563/1/122
f 1345/1/109 1347/1/109 1571/1/109
f 1345/1/109 1571/1/109 1568/1/67
f 1348/1/68 1351/1/68 1575/1/68
f 1348/1/68 1575/1/68 1572/1/68
f 1352/1/70 1355/1/70 1579/1/70
f 1352/1/70 1579/1/70 1576/1/70
f 1356/1/72 1359/1/72 1583/1/72
f 1356/1/72 1583/1/72 1580/1/72
f 1360/1/74 1363/1/110 1587/1/73
f 1360/1/74 1587/1/73 1584/1/73
f 1364/1/111 1367/1/111 1591/1/75
f 1364/1/111 1591/1/75 1588/1/112
f 1368/1/76 1371/1/77 1595/1/76
f 1368/1/76 1595/1/76 1592/1/76
f 1372/1/78 1376/1/78 1600/1/78
f 1372/1/78 1600/1/78 1596/1/79
f 1375/1/82 1380/1/82 1604/1/82
f 1375/1/82 1604/1/82 1599/1/82
f 1379/1/84 1384/1/83 1608/1/84
f 1379/1/84 1608/1/84 1603/1/84
f 1383/1/86 1388/1/86 1612/1/86
f 1383/1/86 1612/1/86 1607/1/113
f 1387/1/87 1392/1/87 1616/1/87
f 1387/1/87 1616/1/87 1611/1/87
f 1391/1/88 1396/1/114 1620/1/88
f 1391/1/88 1620/1/88 1615/1/88
f 1395/1/90 1401/1/90 1624/1/115
f 1395/1/90 1624/1/115 1619/1/115
f 1399/1/91 1275/1/93 1503/1/91
f 1399/1/91 1503/1/91 1623/1/91
f 1318/1/27 1313/1/27 1645/1/27
f 1318/1/27 1645/1/27 1648/1/27
f 1373/1/18 1370/1/18 1674/1/18
f 1373/1/18 1674/1/18 1675/1/18
f 1322/1/29 1317/1/29 1647/1/29
f 1322/1/29 1647/1/29 1650/1/29
f 1378/1/20 1374/1/20 1676/1/20
f 1378/1/20 1676/1/20 1678/1/20
f 1326/1/32 1321/1/32 1649/1/32
f 1326/1/32 1649/1/32 1652/1/32
f 1382/1/22 1377/1/22 1677/1/22
f 1382/1/22 1677/1/22 1680/1/22
f 1330/1/4 1325/1/4 1651/1/4
f 1330/1/4 1651/1/4 1654/1/4
f 1386/1/24 1381/1/24 1679/1/24
f 1386/1/24 1679/1/24 1682/1/24
f 1334/1/7 1329/1/7 1653/1/7
f 1334/1/7 1653/1/7 1656/1/7
f 1280/1/102 1278/1/102 1630/1/102
f 1280/1/102 1630/1/102 1627/1/102
f 1390/1/26 1385/1/26 1681/1/26
f 1390/1/26 1681/1/26 1684/1/26
f 1338/1/10 1333/1/10 1655/1/10
f 1338/1/10 1655/1/10 1658/1/10
f 1285/1/11 1282/1/11 1628/1/11
f 1285/1/11 1628/1/11 1631/1/11
f 1394/1/28 1389/1/28 1683/1/28
f 1394/1/28 1683/1/28 1686/1/28
f 1342/1/119 1336/1/119 1657/1/119
f 1342/1/119 1657/1/119 1660/1/119
f 1289/1/96 1286/1/96 1632/1/96
f 1289/1/96 1632/1/96 1633/1/96
f 1398/1/30 1393/1/30 1685/1/30
f 1398/1/30 1685/1/30 1688/1/30
f 1344/1/120 1340/1/120 1659/1/120
f 1344/1/120 1659/1/120 1661/1/120
f 1293/1/16 1290/1/16 1634/1/16
f 1293/1/16 1634/1/16 1635/1/16
f 1402/1/33 1397/1/33 1687/1/33
f 1402/1/33 1687/1/33 1690/1/33
f 1349/1/3 1346/1/3 1662/1/3
f 1349/1/3 1662/1/3 1663/1/3
f 1297/1/17 1294/1/17 1636/1/17
f 1297/1/17 1636/1/17 1637/1/17
f 1276/1/100 1400/1/100 1689/1/100
f 1276/1/100 1689/1/100 1629/1/100
f 1353/1/6 1350/1/6 1664/1/6
f 1353/1/6 1664/1/6 1665/1/6
f 1301/1/19 1298/1/19 1638/1/19
f 1301/1/19 1638/1/19 1639/1/19
f 1357/1/9 1354/1/9 1666/1/9
f 1357/1/9 1666/1/9 1667/1/9
f 1305/1/116 1302/1/116 1640/1/116
f 1305/1/116 1640/1/116 1641/1/116
f 1361/1/12 1358/1/12 1668/1/12
f 1361/1/12 1668/1/12 1669/1/12
f 1310/1/97 1306/1/97 1642/1/97
f 1310/1/97 1642/1/97 1644/1/97
f 1365/1/15 1362/1/15 1670/1/15
f 1365/1/15 1670/1/15 1671/1/15
f 1314/1/98 1309/1/98 1643/1/98
f 1314/1/98 1643/1/98 1646/1/98
usemtl Material.015
f 1693/1/123 1691/1/123 1692/1/123
f 1692/1/123 1722/1/123 1721/1/123
f 1721/1/123 1720/1/123 1719/1/123
f 1719/1/123 1718/1/123 1717/1/123
f 1717/1/123 1716/1/123 1715/1/123
f 1715/1/123 1714/1/123 1713/1/123
f 1713/1/123 1712/1/123 1711/1/123
f 1711/1/123 1710/1/123 1709/1/123
f 1709/1/123 1708/1/123 1707/1/123
f 1707/1/123 1706/1/123 1705/1/123
f 1705/1/123 1704/1/123 1703/1/123
f 1703/1/123 1702/1/123 1701/1/123
f 1701/1/123 1700/1/123 1699/1/123
f 1699/1/123 1698/1/123 1697/1/123
f 1697/1/123 1696/1/123 1695/1/123
f 1695/1/123 1694/1/123 1693/1/123
f 1693/1/123 1692/1/123 1721/1/123
f 1721/1/123 1719/1/123 1717/1/123
f 1717/1/123 1715/1/123 1713/1/123
f 1713/1/123 1711/1/123 1709/1/123
f 1709/1/123 1707/1/123 1705/1/123
f 1705/1/123 1703/1/123 1701/1/123
f 1701/1/123 1699/1/123 1697/1/123
f 1697/1/123 1695/1/123 1693/1/123
f 1693/1/123 1721/1/123 1717/1/123
f 1717/1/123 1713/1/123 1709/1/123
f 1709/1/123 1705/1/123 1701/1/123
f 1701/1/123 1697/1/123 1693/1/123
f 1693/1/123 1717/1/123 1709/1/123
f 1709/1/123 1701/1/123 1693/1/123
f 1725/1/123 1723/1/123 1724/1/123
f 1724/1/123 1754/1/123 1753/1/123
f 1753/1/123 1752/1/123 1751/1/123
f 1751/1/123 1750/1/123 1749/1/123
f 1749/1/123 1748/1/123 1747/1/123
f 1747/1/123 1746/1/123 1745/1/123
f 1745/1/123 1744/1/123 1743/1/123
f 1743/1/123 1742/1/123 1741/1/123
f 1741/1/123 1740/1/123 1739/1/123
f 1739/1/123 1738/1/123 1737/1/123
f 1737/1/123 1736/1/123 1735/1/123
f 1735/1/123 1734/1/123 1733/1/123
f 1733/1/123 1732/1/123 1731/1/123
f 1731/1/123 1730/1/123 1729/1/123
f 1729/1/123 1728/1/123 1727/1/123
f 1727/1/123 1726/1/123 1725/1/123
f 1725/1/123 1724/1/123 1753/1/123
f 1753/1/123 1751/1/123 1749/1/123
f 1749/1/123 1747/1/123 1745/1/123
f 1745/1/123 1743/1/123 1741/1/123
f 1741/1/123 1739/1/123 1737/1/123
f 1737/1/123 1735/1/123 1733/1/123
f 1733/1/123 1731/1/123 1729/1/123
f 1729/1/123 1727/1/123 1725/1/123
f 1725/1/123 1753/1/123 1749/1/123
f 1749/1/123 1745/1/123 1741/1/123
f 1741/1/123 1737/1/123 1733/1/123
f 1733/1/123 1729/1/123 1725/1/123
f 1725/1/123 1749/1/123 1741/1/123
f 1741/1/123 1733/1/123 1725/1/123
f 1757/1/123 1755/1/123 1756/1/123
f 1756/1/123 1786/1/123 1785/1/123
f 1785/1/123 1784/1/123 1783/1/123
f 1783/1/123 1782/1/123 1781/1/123
f 1781/1/123 1780/1/123 1779/1/123
f 1779/1/123 1778/1/123 1777/1/123
f 1777/1/123 1776/1/123 1775/1/123
f 1775/1/123 1774/1/123 1773/1/123
f 1773/1/123 1772/1/123 1771/1/123
f 1771/1/123 1770/1/123 1769/1/123
f 1769/1/123 1768/1/123 1767/1/123
f 1767/1/123 1766/1/123 1765/1/123
f 1765/1/123 1764/1/123 1763/1/123
f 1763/1/123 1762/1/123 1761/1/123
f 1761/1/123 1760/1/123 1759/1/123
f 1759/1/123 1758/1/123 1757/1/123
f 1757/1/123 1756/1/123 1785/1/123
f 1785/1/123 1783/1/123 1781/1/123
f 1781/1/123 1779/1/123 1777/1/123
f 1777/1/123 1775/1/123 1773/1/123
f 1773/1/123 1771/1/123 1769/1/123
f 1769/1/123 1767/1/123 1765/1/123
f 1765/1/123 1763/1/123 1761/1/123
f 1761/1/123 1759/1/123 1757/1/123
f 1757/1/123 1785/1/123 1781/1/123
f 1781/1/123 1777/1/123 1773/1/123
f 1773/1/123 1769/1/123 1765/1/123
f 1765/1/123 1761/1/123 1757/1/123
f 1757/1/123 1781/1/123 1773/1/123
f 1773/1/123 1765/1/123 1757/1/123
f 1789/1/123 1787/1/123 1788/1/123
f 1788/1/123 1818/1/123 1817/1/123
f 1817/1/123 1816/1/123 1815/1/123
f 1815/1/123 1814/1/123 1813/1/123
f 1813/1/123 1812/1/123 1811/1/123
f 1811/1/123 1810/1/123 1809/1/123
f 1809/1/123 1808/1/123 1807/1/123
f 1807/1/123 1806/1/123 1805/1/123
f 1805/1/123 1804/1/123 1803/1/123
f 1803/1/123 1802/1/123 1801/1/123
f 1801/1/123 1800/1/123 1799/1/123
f 1799/1/123 1798/1/123 1797/1/123
f 1797/1/123 1796/1/123 1795/1/123
f 1795/1/123 1794/1/123 1793/1/123
f 1793/1/123 1792/1/123 1791/1/123
f 1791/1/123 1790/1/123 1789/1/123
f 1789/1/123 1788/1/123 1817/1/123
f 1817/1/123 1815/1/123 1813/1/123
f 1813/1/123 1811/1/123 1809/1/123
f 1809/1/123 1807/1/123 1805/1/123
f 1805/1/123 1803/1/123 1801/1/123
f 1801/1/123 1799/1/123 1797/1/123
f 1797/1/123 1795/1/123 1793/1/123
f 1793/1/123 1791/1/123 1789/1/123
f 1789/1/123 1817/1/123 1813/1/123
f 1813/1/123 1809/1/123 1805/1/123
f 1805/1/123 1801/1/123 1797/1/123
f 1797/1/123 1793/1/123 1789/1/123
f 1789/1/123 1813/1/123 1805/1/123
f 1805/1/123 1797/1/123 1789/1/123
o Cube.001
v -0.673876 -0.334962 -0.520326
v -0.673876 -0.334962 -0.520326
v -0.673876 -0.334962 -0.520326
v 0.053596 0.308514 -0.520326
v 0.053596 0.308514 -0.520326
v 0.053596 0.308514 -0.520326
v -0.534870 0.308514 -0.520326
v -0.534870 0.308514 -0.520326
v -0.534870 0.308514 -0.520326
v -2.074346 -0.334962 -0.520326
v -2.074346 -0.334962 -0.520326
v -2.074346 -0.334962 -0.520326
v 0.319792 -0.779720 0.000000
v 0.319792 -0.779720 0.000000
v 0.319792 -0.334962 0.000000
v 0.319792 -0.334962 0.000000
v 1.257418 -0.719251 0.000000
v 1.257418 -0.719251 0.000000
v 1.257418 -0.719251 0.000000
v 1.257418 -0.719251 0.000000
v 1.257418 -0.527802 0.000000
v 1.257418 -0.527802 0.000000
v 1.257418 -0.527802 0.000000
v 1.257418 -0.527802 0.000000
v -0.673876 -0.779720 0.000000
v -0.673876 -0.334962 0.000000
v -0.673876 -0.334962 0.000000
v -0.534870 0.308514 -0.000000
v -0.534870 0.308514 -0.000000
v -2.074346 -0.752926 0.000000
v -2.074346 -0.752926 0.000000
v -2.074346 -0.334962 0.000000
v -2.074346 -0.334962 0.000000
v 1.257418 -0.719251 -0.454471
v 1.257418 -0.719251 -0.454471
v 1.257418 -0.719251 -0.454471
v 1.257418 -0.719251 -0.454471
v 1.257418 -0.653345 -0.520326
v 1.257418 -0.653345 -0.520326
v 1.257418 -0.653345 -0.520326
v 1.257418 -0.653345 -0.520326
v 0.319792 -0.779720 -0.454471
v 0.319792 -0.779720 -0.454471
v 0.319792 -0.779720 -0.454471
v 0.319792 -0.779720 -0.454471
v 0.319792 -0.779720 -0.454471
v 0.319792 -0.713818 -0.520326
v 0.319792 -0.713818 -0.520326
v 0.319792 -0.713818 -0.520326
v -0.673876 -0.779720 -0.454471
v -0.673876 -0.779720 -0.454471
v -0.673876 -0.713823 -0.520326
v -0.673876 -0.713823 -0.520326
v -0.673876 -0.713823 -0.520326
v -2.074346 -0.713825 -0.520326
v -2.074346 -0.713825 -0.520326
v -2.074346 -0.713825 -0.520326
v -2.074346 -0.752926 -0.454471
v -2.074346 -0.752926 -0.454471
v -2.074346 -0.752926 -0.454471
v -2.074346 -0.752926 -0.454471
v 1.248196 -0.704851 -0.448503
v 1.248196 -0.704851 -0.448503
v 1.248196 -0.704851 -0.448503
v 1.248196 -0.704851 -0.448503
v 1.248196 -0.647384 -0.505926
v 1.248196 -0.647384 -0.505926
v 1.248196 -0.647384 -0.505926
v 1.248196 -0.647384 -0.505926
v 1.248196 -0.542202 -0.505926
v 1.248196 -0.542202 -0.505926
v 1.248196 -0.542202 -0.505926
v 1.248196 -0.542202 -0.505926
v 1.248196 -0.542202 -0.505926
v 1.248196 -0.542202 -0.014400
v 1.248196 -0.542202 -0.014400
v 1.248196 -0.542202 -0.014400
v 1.248196 -0.542202 -0.014400
v 1.248196 -0.704851 -0.014400
v 1.248196 -0.704851 -0.014400
v 1.248196 -0.704851 -0.014400
v 1.248196 -0.704851 -0.014400
v 1.232388 -0.542202 -0.014400
v 1.232388 -0.542202 -0.014400
v 1.232388 -0.542202 -0.014400
v 1.232388 -0.704851 -0.014400
v 1.232388 -0.704851 -0.014400
v 1.232388 -0.704851 -0.014400
v 1.232388 -0.647384 -0.505926
v 1.232388 -0.647384 -0.505926
v 1.232388 -0.647384 -0.505926
v 1.232388 -0.704851 -0.448503
v 1.232388 -0.704851 -0.448503
v 1.232388 -0.704851 -0.448503
v 1.232388 -0.542202 -0.505926
v 1.232388 -0.542202 -0.505926
v 1.232388 -0.542202 -0.505926
v 0.319792 -0.417609 -0.520326
v 0.319792 -0.417609 -0.520326
v 1.257418 -0.555189 -0.520326
v 1.257418 -0.555189 -0.520326
v -0.673876 -0.417610 -0.520326
v -2.074346 -0.417611 -0.520326
v -2.074346 -0.417611 -0.520326
v -2.074346 -0.417611 -0.520326
v 1.248196 -0.565147 -0.505926
v 1.248196 -0.565147 -0.505926
v 1.232388 -0.565147 -0.505926
v 1.232388 -0.565147 -0.505926
v 1.257418 -0.563599 -0.520326
v 1.257418 -0.563599 -0.520326
v 1.248196 -0.572193 -0.505926
v 1.248196 -0.572193 -0.505926
v 1.232388 -0.572193 -0.505926
v 1.232388 -0.572193 -0.505926
v 0.319792 -0.442989 -0.520326
v 0.319792 -0.442989 -0.520326
v -0.673876 -0.442990 -0.520326
v -2.074346 -0.442991 -0.520326
v -2.074346 -0.442991 -0.520326
v -2.074346 -0.442991 -0.520326
v 0.878552 -0.449881 0.000000
v 0.878552 -0.449881 0.000000
v 0.878552 -0.449881 0.000000
v 0.878552 -0.449881 0.000000
v 0.878552 -0.743685 0.000000
v 0.878552 -0.743685 -0.454471
v 0.878552 -0.743685 -0.454471
v 0.878552 -0.677781 -0.520326
v 0.878552 -0.677781 -0.520326
v 0.958807 -0.499597 -0.520326
v 0.958807 -0.499597 -0.520326
v 0.958807 -0.499597 -0.520326
v 0.878552 -0.514864 -0.520326
v 0.878552 -0.514864 -0.520326
v 0.996060 -0.667301 -0.520326
v 0.996060 -0.667301 -0.520326
v 0.975753 -0.658033 -0.520326
v 0.247419 -0.531505 -0.520326
v 0.247419 -0.506125 -0.520326
v -1.150851 -0.334962 -0.520326
v -1.150851 -0.334962 -0.520326
v -1.150851 -0.334962 0.000000
v -1.150851 -0.779720 0.000000
v -1.150851 -0.779720 -0.454471
v -1.150851 -0.779720 -0.454471
v -1.150851 -0.713824 -0.520326
v -1.150851 -0.713824 -0.520326
v -1.150851 -0.417610 -0.520326
v -1.150851 -0.442990 -0.520326
v -1.859053 -0.334962 0.000000
v -1.859053 -0.779720 0.000000
v -1.859053 -0.779720 0.000000
v -1.859053 -0.779720 -0.454471
v -1.859053 -0.779720 -0.454471
v -1.859053 -0.779720 -0.454471
v -1.859053 -0.779720 -0.454471
v -1.859053 -0.417611 -0.520326
v -1.859053 -0.442991 -0.520326
v -1.859053 -0.334962 -0.520326
v -1.859053 -0.334962 -0.520326
v -1.859053 -0.713825 -0.520326
v -1.859053 -0.713825 -0.520326
v -1.859053 -0.713825 -0.520326
v -1.859053 -0.417611 -0.869802
v -1.859053 -0.442991 -0.869802
v -2.003011 -0.658002 -0.869802
v -2.003011 -0.632622 -0.869802
v 0.278157 -0.307129 -0.520326
v 0.278157 -0.307129 -0.520326
v 0.278157 -0.307129 -0.520326
v -0.639389 -0.307129 -0.520326
v -0.639389 -0.307129 -0.520326
v -0.639389 -0.307129 -0.520326
v -0.512408 0.280682 -0.520326
v -0.512408 0.280682 -0.520326
v -0.512408 0.280682 -0.520326
v 0.034990 0.280682 -0.520326
v 0.034990 0.280682 -0.520326
v 0.034990 0.280682 -0.520326
v 0.278157 -0.307129 -0.499291
v 0.278157 -0.307129 -0.499291
v -0.639389 -0.307129 -0.499291
v -0.639389 -0.307129 -0.499291
v 0.034990 0.280682 -0.499291
v 0.034990 0.280682 -0.499291
v -0.512408 0.280682 -0.499291
v -0.512408 0.280682 -0.499291
v 0.319792 -0.334962 -0.260163
v 0.319792 -0.334962 -0.260163
v 0.319792 -0.334962 -0.260163
v 0.319792 -0.334962 -0.260163
v -0.673876 -0.334962 -0.260163
v -0.673876 -0.334962 -0.260163
v -0.534870 0.308514 -0.260163
v -0.534870 0.308514 -0.260163
v -2.074346 -0.334962 -0.260163
v -2.074346 -0.334962 -0.260163
v 1.257418 -0.527802 -0.260163
v 1.257418 -0.527802 -0.260163
v 1.248196 -0.542202 -0.260163
v 1.248196 -0.542202 -0.260163
v 1.232388 -0.542202 -0.260163
v 1.232388 -0.542202 -0.260163
v 0.878552 -0.449881 -0.260163
v 0.878552 -0.449881 -0.260163
v 0.878552 -0.449881 -0.260163
v 0.878552 -0.449881 -0.260163
v -1.150851 -0.334962 -0.260163
v -1.859053 -0.334962 -0.260163
v 0.319792 -0.334962 0.000000
v 0.319792 -0.334962 0.000000
v 0.878552 -0.390313 0.000000
v 0.878552 -0.390313 0.000000
v 0.878552 -0.390313 0.000000
v 0.878552 -0.390313 0.000000
v 0.319792 -0.334962 -0.260163
v 0.319792 -0.334962 -0.260163
v 0.319792 -0.334962 -0.260163
v 0.878552 -0.390313 -0.260163
v 0.878552 -0.390313 -0.260163
v 0.878552 -0.390313 -0.260163
v 0.878552 -0.390313 -0.260163
v 0.864789 -0.440865 -0.009016
v 0.864789 -0.440865 -0.009016
v 0.864789 -0.440865 -0.009016
v 0.864789 -0.440865 -0.009016
v 0.864789 -0.440865 -0.251147
v 0.864789 -0.440865 -0.251147
v 0.864789 -0.440865 -0.251147
v 0.864789 -0.440865 -0.251147
v 0.864789 -0.399329 -0.251147
v 0.864789 -0.399329 -0.251147
v 0.864789 -0.399329 -0.251147
v 0.864789 -0.399329 -0.251147
v 0.864789 -0.399329 -0.009016
v 0.864789 -0.399329 -0.009016
v 0.864789 -0.399329 -0.009016
v 0.864789 -0.399329 -0.009016
v 0.842300 -0.399329 -0.009016
v 0.842300 -0.399329 -0.009016
v 0.842300 -0.440865 -0.009016
v 0.842300 -0.440865 -0.009016
v 0.842300 -0.440865 -0.251147
v 0.842300 -0.440865 -0.251147
v 0.842300 -0.399329 -0.251147
v 0.842300 -0.399329 -0.251147
v 0.405047 -0.774222 -0.454471
v 0.405047 -0.774222 -0.454471
v 0.405047 -0.774222 0.000000
v 0.405047 -0.708320 -0.520326
v 0.405047 -0.708320 -0.520326
v 0.405047 -0.430119 -0.520326
v 0.405047 -0.453956 -0.520326
v 0.405047 -0.352496 -0.260163
v 0.405047 -0.352496 -0.260163
v 0.405047 -0.343407 0.000000
v 0.405047 -0.343407 -0.260163
v 0.405047 -0.343407 -0.260163
v -0.072857 0.565621 -0.619307
v 0.030575 0.550444 -0.619307
v -0.075043 0.550721 -0.619307
v 0.028389 0.535544 -0.619307
v 0.067790 0.274205 -0.520326
v 0.067790 0.274205 -0.520326
v -0.542282 0.274205 -0.520326
v -0.542282 0.274205 -0.520326
v -0.542282 0.274205 -0.000000
v 0.067790 0.274205 -0.000000
v 0.067790 0.274205 -0.000000
v 0.047955 0.249340 -0.520326
v 0.047955 0.249340 -0.520326
v -0.519178 0.249340 -0.520326
v -0.519178 0.249340 -0.520326
v 0.047955 0.249340 -0.499291
v -0.519178 0.249340 -0.499291
v -0.542282 0.274205 -0.260163
v 0.067790 0.274205 -0.260163
v 0.067790 0.274205 -0.260163
v 0.308487 -0.307634 -0.520326
v 0.308487 -0.307634 -0.520326
v -0.667973 -0.307634 -0.520326
v -0.667973 -0.307634 -0.520326
v -0.667973 -0.307634 0.000000
v 0.308487 -0.307634 0.000000
v 0.308487 -0.307634 0.000000
v 0.267830 -0.282166 -0.520326
v 0.267830 -0.282166 -0.520326
v -0.633996 -0.282166 -0.520326
v -0.633996 -0.282166 -0.520326
v 0.267830 -0.282166 -0.499291
v -0.633996 -0.282166 -0.499291
v -0.667973 -0.307634 -0.260163
v 0.308487 -0.307634 -0.260163
v 0.308487 -0.307634 -0.260163
v 0.319792 -0.334962 -0.482125
v 0.319792 -0.334962 -0.482125
v -0.673876 -0.334962 -0.482125
v -0.673876 -0.334962 -0.482125
v -0.534870 0.308514 -0.482125
v -0.534870 0.308514 -0.482125
v -2.074346 -0.334962 -0.482125
v -2.074346 -0.334962 -0.482125
v 0.878552 -0.449881 -0.482125
v 1.257418 -0.527802 -0.482125
v 1.257418 -0.527802 -0.482125
v 1.248196 -0.542202 -0.469839
v 1.248196 -0.542202 -0.469839
v 1.232388 -0.542202 -0.469839
v 1.232388 -0.542202 -0.469839
v -1.150851 -0.334962 -0.482125
v -1.859053 -0.334962 -0.482125
v 0.405047 -0.352496 -0.482125
v -0.542282 0.274205 -0.482125
v 0.067790 0.274205 -0.482125
v 0.067790 0.274205 -0.482125
v 0.067790 0.274205 -0.482125
v 0.308487 -0.307634 -0.482125
v 0.308487 -0.307634 -0.482125
v 0.308487 -0.307634 -0.482125
v -0.667973 -0.307634 -0.482125
v 0.293879 -0.313677 0.000000
v 0.053182 0.268162 -0.000000
v 0.293879 -0.313677 -0.260163
v 0.053182 0.268162 -0.260163
v 0.053182 0.268162 -0.482125
v 0.053182 0.268162 -0.482125
v 0.293879 -0.313677 -0.482125
v 0.293879 -0.313677 -0.482125
v 1.024764 -0.521204 -0.535582
v 1.039109 -0.642396 -0.535582
v 1.257418 -0.547436 -0.520326
v 1.257418 -0.547436 -0.520326
v 1.257418 -0.547436 -0.520326
v 1.257418 -0.547436 -0.520326
v 1.257418 -0.547436 -0.520326
v 1.257418 -0.527802 -0.501094
v 1.257418 -0.527802 -0.501094
v 1.257418 -0.527802 -0.501094
v 1.257418 -0.527802 -0.501094
v 1.249485 -0.540190 -0.507938
v 1.249485 -0.540190 -0.507938
v 1.249485 -0.540190 -0.507938
v 1.249485 -0.540190 -0.507938
v 1.249485 -0.540190 -0.507938
v 1.249485 -0.540190 -0.507938
v 1.249485 -0.540190 -0.507938
v 1.257418 -0.541369 -0.519385
v 1.257418 -0.541369 -0.519385
v 1.257418 -0.541369 -0.519385
v 1.257418 -0.541369 -0.519385
v 1.257418 -0.535895 -0.516653
v 1.257418 -0.535895 -0.516653
v 1.257418 -0.535895 -0.516653
v 1.257418 -0.535895 -0.516653
v 1.257418 -0.531552 -0.512398
v 1.257418 -0.531552 -0.512398
v 1.257418 -0.531552 -0.512398
v 1.257418 -0.531552 -0.512398
v 1.257418 -0.528763 -0.507037
v 1.257418 -0.528763 -0.507037
v 1.257418 -0.528763 -0.507037
v 1.257418 -0.528763 -0.507037
v 0.319792 -0.334962 -0.501094
v 0.319792 -0.334962 -0.501094
v 0.319792 -0.334962 -0.501094
v 0.319792 -0.334962 -0.501094
v 0.319792 -0.354597 -0.520326
v 0.319792 -0.354597 -0.520326
v 0.319792 -0.354597 -0.520326
v 0.300559 -0.334962 -0.520326
v 0.300559 -0.334962 -0.520326
v 0.303803 -0.324273 -0.520326
v 0.303803 -0.324273 -0.520326
v 0.312440 -0.317190 -0.520326
v 0.312440 -0.317190 -0.520326
v 0.312440 -0.317190 -0.520326
v 0.319792 -0.335923 -0.507037
v 0.319792 -0.335923 -0.507037
v 0.319792 -0.335923 -0.507037
v 0.319792 -0.338712 -0.512398
v 0.319792 -0.338712 -0.512398
v 0.319792 -0.338712 -0.512398
v 0.319792 -0.343056 -0.516653
v 0.319792 -0.343056 -0.516653
v 0.319792 -0.343056 -0.516653
v 0.319792 -0.348529 -0.519385
v 0.319792 -0.348529 -0.519385
v 0.319792 -0.348529 -0.519385
v 0.926001 -0.479274 -0.520326
v 0.926001 -0.479274 -0.520326
v 0.878552 -0.449881 -0.501094
v 0.878552 -0.449881 -0.501094
v 0.911338 -0.470191 -0.519385
v 0.911338 -0.470191 -0.519385
v 0.898111 -0.461998 -0.516653
v 0.898111 -0.461998 -0.516653
v 0.887614 -0.455495 -0.512398
v 0.887614 -0.455495 -0.512398
v 0.880875 -0.451320 -0.507037
v 0.880875 -0.451320 -0.507037
v 0.405047 -0.372131 -0.520326
v 0.405047 -0.372131 -0.520326
v 0.405047 -0.352496 -0.501094
v 0.405047 -0.352496 -0.501094
v 0.405047 -0.366063 -0.519385
v 0.405047 -0.366063 -0.519385
v 0.405047 -0.360590 -0.516653
v 0.405047 -0.360590 -0.516653
v 0.405047 -0.356246 -0.512398
v 0.405047 -0.356246 -0.512398
v 0.405047 -0.353457 -0.507037
v 0.405047 -0.353457 -0.507037
v 0.063345 0.284948 -0.000000
v 0.063345 0.284948 -0.000000
v 0.028093 0.308514 -0.000000
v 0.028093 0.308514 -0.000000
v 0.059084 0.292231 -0.000000
v 0.059084 0.292231 -0.000000
v 0.052744 0.298800 -0.000000
v 0.052744 0.298800 -0.000000
v 0.044945 0.304014 -0.000000
v 0.044945 0.304014 -0.000000
v 0.036451 0.307361 -0.000000
v 0.036451 0.307361 -0.000000
v 0.063345 0.284948 -0.260163
v 0.063345 0.284948 -0.260163
v 0.028093 0.308514 -0.260163
v 0.028093 0.308514 -0.260163
v 0.059084 0.292231 -0.260163
v 0.059084 0.292231 -0.260163
v 0.052744 0.298800 -0.260163
v 0.052744 0.298800 -0.260163
v 0.044945 0.304014 -0.260163
v 0.044945 0.304014 -0.260163
v 0.036451 0.307361 -0.260163
v 0.036451 0.307361 -0.260163
v 0.028093 0.308514 -0.482125
v 0.028093 0.308514 -0.482125
v 0.028093 0.308514 -0.482125
v 0.063345 0.284948 -0.482125
v 0.063345 0.284948 -0.482125
v 0.063345 0.284948 -0.482125
v 0.053596 0.308514 -0.507628
v 0.053596 0.308514 -0.507628
v 0.053596 0.308514 -0.507628
v 0.053596 0.308514 -0.507628
v 0.053596 0.308514 -0.507628
v 0.053596 0.308514 -0.507628
v 0.053596 0.308514 -0.507628
v 0.036451 0.307361 -0.482125
v 0.036451 0.307361 -0.482125
v 0.036451 0.307361 -0.482125
v 0.036451 0.307361 -0.482125
v 0.044945 0.304014 -0.482125
v 0.044945 0.304014 -0.482125
v 0.044945 0.304014 -0.482125
v 0.044945 0.304014 -0.482125
v 0.052744 0.298800 -0.482125
v 0.052744 0.298800 -0.482125
v 0.052744 0.298800 -0.482125
v 0.052744 0.298800 -0.482125
v 0.059084 0.292231 -0.482125
v 0.059084 0.292231 -0.482125
v 0.059084 0.292231 -0.482125
v 0.059084 0.292231 -0.482125
v -0.673876 -0.334962 0.520326
v -0.673876 -0.334962 0.520326
v -0.673876 -0.334962 0.520326
v 0.053596 0.308514 0.520326
v 0.053596 0.308514 0.520326
v 0.053596 0.308514 0.520326
v -0.534870 0.308514 0.520326
v -0.534870 0.308514 0.520326
v -0.534870 0.308514 0.520326
v -2.074346 -0.334962 0.520326
v -2.074346 -0.334962 0.520326
v -2.074346 -0.334962 0.520326
v 1.257418 -0.719251 0.454471
v 1.257418 -0.719251 0.454471
v 1.257418 -0.719251 0.454471
v 1.257418 -0.719251 0.454471
v 1.257418 -0.653345 0.520326
v 1.257418 -0.653345 0.520326
v 1.257418 -0.653345 0.520326
v 1.257418 -0.653345 0.520326
v 0.319792 -0.779720 0.454471
v 0.319792 -0.779720 0.454471
v 0.319792 -0.779720 0.454471
v 0.319792 -0.779720 0.454471
v 0.319792 -0.779720 0.454471
v 0.319792 -0.713818 0.520326
v 0.319792 -0.713818 0.520326
v 0.319792 -0.713818 0.520326
v -0.673876 -0.779720 0.454471
v -0.673876 -0.779720 0.454471
v -0.673876 -0.713823 0.520326
v -0.673876 -0.713823 0.520326
v -0.673876 -0.713823 0.520326
v -2.074346 -0.713825 0.520326
v -2.074346 -0.713825 0.520326
v -2.074346 -0.713825 0.520326
v -2.074346 -0.752926 0.454471
v -2.074346 -0.752926 0.454471
v -2.074346 -0.752926 0.454471
v -2.074346 -0.752926 0.454471
v 1.248196 -0.704851 0.448503
v 1.248196 -0.704851 0.448503
v 1.248196 -0.704851 0.448503
v 1.248196 -0.704851 0.448503
v 1.248196 -0.647384 0.505926
v 1.248196 -0.647384 0.505926
v 1.248196 -0.647384 0.505926
v 1.248196 -0.647384 0.505926
v 1.248196 -0.542202 0.505926
v 1.248196 -0.542202 0.505926
v 1.248196 -0.542202 0.505926
v 1.248196 -0.542202 0.505926
v 1.248196 -0.542202 0.014400
v 1.248196 -0.542202 0.014400
v 1.248196 -0.542202 0.014400
v 1.248196 -0.542202 0.014400
v 1.248196 -0.704851 0.014400
v 1.248196 -0.704851 0.014400
v 1.248196 -0.704851 0.014400
v 1.248196 -0.704851 0.014400
v 1.232388 -0.542202 0.014400
v 1.232388 -0.542202 0.014400
v 1.232388 -0.542202 0.014400
v 1.232388 -0.704851 0.014400
v 1.232388 -0.704851 0.014400
v 1.232388 -0.704851 0.014400
v 1.232388 -0.647384 0.505926
v 1.232388 -0.647384 0.505926
v 1.232388 -0.647384 0.505926
v 1.232388 -0.704851 0.448503
v 1.232388 -0.704851 0.448503
v 1.232388 -0.704851 0.448503
v 1.232388 -0.542202 0.505926
v 1.232388 -0.542202 0.505926
v 1.232388 -0.542202 0.505926
v 0.319792 -0.417609 0.520326
v 0.319792 -0.417609 0.520326
v 1.257418 -0.555189 0.520326
v 1.257418 -0.555189 0.520326
v -0.673876 -0.417610 0.520326
v -2.074346 -0.417611 0.520326
v -2.074346 -0.417611 0.520326
v -2.074346 -0.417611 0.520326
v 1.248196 -0.565147 0.505926
v 1.248196 -0.565147 0.505926
v 1.232388 -0.565147 0.505926
v 1.232388 -0.565147 0.505926
v 1.257418 -0.563599 0.520326
v 1.257418 -0.563599 0.520326
v 1.248196 -0.572193 0.505926
v 1.248196 -0.572193 0.505926
v 1.232388 -0.572193 0.505926
v 1.232388 -0.572193 0.505926
v 0.319792 -0.442989 0.520326
v 0.319792 -0.442989 0.520326
v -0.673876 -0.442990 0.520326
v -2.074346 -0.442991 0.520326
v -2.074346 -0.442991 0.520326
v -2.074346 -0.442991 0.520326
v 0.878552 -0.743685 0.454471
v 0.878552 -0.743685 0.454471
v 0.878552 -0.677781 0.520326
v 0.878552 -0.677781 0.520326
v 0.958807 -0.499597 0.520326
v 0.958807 -0.499597 0.520326
v 0.958807 -0.499597 0.520326
v 0.878552 -0.514864 0.520326
v 0.878552 -0.514864 0.520326
v 0.996060 -0.667301 0.520326
v 0.996060 -0.667301 0.520326
v 0.975753 -0.658033 0.520326
v 0.247419 -0.531505 0.520326
v 0.247419 -0.506125 0.520326
v -1.150851 -0.334962 0.520326
v -1.150851 -0.334962 0.520326
v -1.150851 -0.779720 0.454471
v -1.150851 -0.779720 0.454471
v -1.150851 -0.713824 0.520326
v -1.150851 -0.713824 0.520326
v -1.150851 -0.417610 0.520326
v -1.150851 -0.442990 0.520326
v -1.859053 -0.779720 0.454471
v -1.859053 -0.779720 0.454471
v -1.859053 -0.779720 0.454471
v -1.859053 -0.779720 0.454471
v -1.859053 -0.417611 0.520326
v -1.859053 -0.442991 0.520326
v -1.859053 -0.334962 0.520326
v -1.859053 -0.334962 0.520326
v -1.859053 -0.713825 0.520326
v -1.859053 -0.713825 0.520326
v -1.859053 -0.713825 0.520326
v -1.859053 -0.417611 0.869802
v -1.859053 -0.442991 0.869802
v -2.003011 -0.658002 0.869802
v -2.003011 -0.632622 0.869802
v 0.278157 -0.307129 0.520326
v 0.278157 -0.307129 0.520326
v 0.278157 -0.307129 0.520326
v -0.639389 -0.307129 0.520326
v -0.639389 -0.307129 0.520326
v -0.639389 -0.307129 0.520326
v -0.512408 0.280682 0.520326
v -0.512408 0.280682 0.520326
v -0.512408 0.280682 0.520326
v 0.034990 0.280682 0.520326
v 0.034990 0.280682 0.520326
v 0.034990 0.280682 0.520326
v 0.278157 -0.307129 0.499291
v 0.278157 -0.307129 0.499291
v -0.639389 -0.307129 0.499291
v -0.639389 -0.307129 0.499291
v 0.034990 0.280682 0.499291
v 0.034990 0.280682 0.499291
v -0.512408 0.280682 0.499291
v -0.512408 0.280682 0.499291
v 0.319792 -0.334962 0.260163
v 0.319792 -0.334962 0.260163
v 0.319792 -0.334962 0.260163
v 0.319792 -0.334962 0.260163
v -0.673876 -0.334962 0.260163
v -0.673876 -0.334962 0.260163
v -0.534870 0.308514 0.260163
v -0.534870 0.308514 0.260163
v -2.074346 -0.334962 0.260163
v -2.074346 -0.334962 0.260163
v 1.257418 -0.527802 0.260163
v 1.257418 -0.527802 0.260163
v 1.248196 -0.542202 0.260163
v 1.248196 -0.542202 0.260163
v 1.232388 -0.542202 0.260163
v 1.232388 -0.542202 0.260163
v 0.878552 -0.449881 0.260163
v 0.878552 -0.449881 0.260163
v 0.878552 -0.449881 0.260163
v 0.878552 -0.449881 0.260163
v -1.150851 -0.334962 0.260163
v -1.859053 -0.334962 0.260163
v 0.319792 -0.334962 0.260163
v 0.319792 -0.334962 0.260163
v 0.319792 -0.334962 0.260163
v 0.319792 -0.334962 0.260163
v 0.878552 -0.390313 0.260163
v 0.878552 -0.390313 0.260163
v 0.878552 -0.390313 0.260163
v 0.878552 -0.390313 0.260163
v 0.864789 -0.440865 0.009016
v 0.864789 -0.440865 0.009016
v 0.864789 -0.440865 0.009016
v 0.864789 -0.440865 0.009016
v 0.864789 -0.440865 0.251147
v 0.864789 -0.440865 0.251147
v 0.864789 -0.440865 0.251147
v 0.864789 -0.440865 0.251147
v 0.864789 -0.399329 0.251147
v 0.864789 -0.399329 0.251147
v 0.864789 -0.399329 0.251147
v 0.864789 -0.399329 0.251147
v 0.864789 -0.399329 0.009016
v 0.864789 -0.399329 0.009016
v 0.864789 -0.399329 0.009016
v 0.864789 -0.399329 0.009016
v 0.842300 -0.399329 0.009016
v 0.842300 -0.399329 0.009016
v 0.842300 -0.440865 0.009016
v 0.842300 -0.440865 0.009016
v 0.842300 -0.440865 0.251147
v 0.842300 -0.440865 0.251147
v 0.842300 -0.399329 0.251147
v 0.842300 -0.399329 0.251147
v 0.405047 -0.774222 0.454471
v 0.405047 -0.774222 0.454471
v 0.405047 -0.708320 0.520326
v 0.405047 -0.708320 0.520326
v 0.405047 -0.430119 0.520326
v 0.405047 -0.453956 0.520326
v 0.405047 -0.352496 0.260163
v 0.405047 -0.352496 0.260163
v 0.405047 -0.343407 0.260163
v 0.405047 -0.343407 0.260163
v -0.072857 0.565621 0.619307
v 0.030575 0.550444 0.619307
v -0.075043 0.550721 0.619307
v 0.028389 0.535544 0.619307
v 0.067790 0.274205 0.520326
v 0.067790 0.274205 0.520326
v -0.542282 0.274205 0.520326
v -0.542282 0.274205 0.520326
v 0.047955 0.249340 0.520326
v 0.047955 0.249340 0.520326
v -0.519178 0.249340 0.520326
v -0.519178 0.249340 0.520326
v 0.047955 0.249340 0.499291
v -0.519178 0.249340 0.499291
v -0.542282 0.274205 0.260163
v 0.067790 0.274205 0.260163
v 0.067790 0.274205 0.260163
v 0.308487 -0.307634 0.520326
v 0.308487 -0.307634 0.520326
v -0.667973 -0.307634 0.520326
v -0.667973 -0.307634 0.520326
v 0.267830 -0.282166 0.520326
v 0.267830 -0.282166 0.520326
v -0.633996 -0.282166 0.520326
v -0.633996 -0.282166 0.520326
v 0.267830 -0.282166 0.499291
v -0.633996 -0.282166 0.499291
v -0.667973 -0.307634 0.260163
v 0.308487 -0.307634 0.260163
v 0.308487 -0.307634 0.260163
v 0.319792 -0.334962 0.482125
v 0.319792 -0.334962 0.482125
v -0.673876 -0.334962 0.482125
v -0.673876 -0.334962 0.482125
v -0.534870 0.308514 0.482125
v -0.534870 0.308514 0.482125
v -2.074346 -0.334962 0.482125
v -2.074346 -0.334962 0.482125
v 0.878552 -0.449881 0.482125
v 1.257418 -0.527802 0.482125
v 1.257418 -0.527802 0.482125
v 1.248196 -0.542202 0.469839
v 1.248196 -0.542202 0.469839
v 1.232388 -0.542202 0.469839
v 1.232388 -0.542202 0.469839
v -1.150851 -0.334962 0.482125
v -1.859053 -0.334962 0.482125
v 0.405047 -0.352496 0.482125
v -0.542282 0.274205 0.482125
v 0.067790 0.274205 0.482125
v 0.067790 0.274205 0.482125
v 0.067790 0.274205 0.482125
v 0.308487 -0.307634 0.482125
v 0.308487 -0.307634 0.482125
v 0.308487 -0.307634 0.482125
v -0.667973 -0.307634 0.482125
v 0.293879 -0.313677 0.260163
v 0.053182 0.268162 0.260163
v 0.053182 0.268162 0.482125
v 0.053182 0.268162 0.482125
v 0.293879 -0.313677 0.482125
v 0.293879 -0.313677 0.482125
v 1.024764 -0.521204 0.535582
v 1.039109 -0.642396 0.535582
v 1.257418 -0.547436 0.520326
v 1.257418 -0.547436 0.520326
v 1.257418 -0.547436 0.520326
v 1.257418 -0.547436 0.520326
v 1.257418 -0.527802 0.501094
v 1.257418 -0.527802 0.501094
v 1.257418 -0.527802 0.501094
v 1.257418 -0.527802 0.501094
v 1.249485 -0.540190 0.507938
v 1.249485 -0.540190 0.507938
v 1.249485 -0.540190 0.507938
v 1.249485 -0.540190 0.507938
v 1.249485 -0.540190 0.507938
v 1.249485 -0.540190 0.507938
v 1.249485 -0.540190 0.507938
v 1.257418 -0.541369 0.519385
v 1.257418 -0.541369 0.519385
v 1.257418 -0.541369 0.519385
v 1.257418 -0.541369 0.519385
v 1.257418 -0.535895 0.516653
v 1.257418 -0.535895 0.516653
v 1.257418 -0.535895 0.516653
v 1.257418 -0.535895 0.516653
v 1.257418 -0.531552 0.512398
v 1.257418 -0.531552 0.512398
v 1.257418 -0.531552 0.512398
v 1.257418 -0.531552 0.512398
v 1.257418 -0.528763 0.507037
v 1.257418 -0.528763 0.507037
v 1.257418 -0.528763 0.507037
v 1.257418 -0.528763 0.507037
v 0.319792 -0.334962 0.501094
v 0.319792 -0.334962 0.501094
v 0.319792 -0.334962 0.501094
v 0.319792 -0.334962 0.501094
v 0.319792 -0.354597 0.520326
v 0.319792 -0.354597 0.520326
v 0.319792 -0.354597 0.520326
v 0.300559 -0.334962 0.520326
v 0.300559 -0.334962 0.520326
v 0.303803 -0.324273 0.520326
v 0.303803 -0.324273 0.520326
v 0.312440 -0.317190 0.520326
v 0.312440 -0.317190 0.520326
v 0.312440 -0.317190 0.520326
v 0.319792 -0.335923 0.507037
v 0.319792 -0.335923 0.507037
v 0.319792 -0.335923 0.507037
v 0.319792 -0.338712 0.512398
v 0.319792 -0.338712 0.512398
v 0.319792 -0.338712 0.512398
v 0.319792 -0.343056 0.516653
v 0.319792 -0.343056 0.516653
v 0.319792 -0.343056 0.516653
v 0.319792 -0.348529 0.519385
v 0.319792 -0.348529 0.519385
v 0.319792 -0.348529 0.519385
v 0.926001 -0.479274 0.520326
v 0.926001 -0.479274 0.520326
v 0.878552 -0.449881 0.501094
v 0.878552 -0.449881 0.501094
v 0.911338 -0.470191 0.519385
v 0.911338 -0.470191 0.519385
v 0.898111 -0.461998 0.516653
v 0.898111 -0.461998 0.516653
v 0.887614 -0.455495 0.512398
v 0.887614 -0.455495 0.512398
v 0.880875 -0.451320 0.507037
v 0.880875 -0.451320 0.507037
v 0.405047 -0.372131 0.520326
v 0.405047 -0.372131 0.520326
v 0.405047 -0.352496 0.501094
v 0.405047 -0.352496 0.501094
v 0.405047 -0.366063 0.519385
v 0.405047 -0.366063 0.519385
v 0.405047 -0.360590 0.516653
v 0.405047 -0.360590 0.516653
v 0.405047 -0.356246 0.512398
v 0.405047 -0.356246 0.512398
v 0.405047 -0.353457 0.507037
v 0.405047 -0.353457 0.507037
v 0.063345 0.284948 0.260163
v 0.063345 0.284948 0.260163
v 0.028093 0.308514 0.260163
v 0.028093 0.308514 0.260163
v 0.059084 0.292231 0.260163
v 0.059084 0.292231 0.260163
v 0.052744 0.298800 0.260163
v 0.052744 0.298800 0.260163
v 0.044945 0.304014 0.260163
v 0.044945 0.304014 0.260163
v 0.036451 0.307361 0.260163
v 0.036451 0.307361 0.260163
v 0.028093 0.308514 0.482125
v 0.028093 0.308514 0.482125
v 0.028093 0.308514 0.482125
v 0.063345 0.284948 0.482125
v 0.063345 0.284948 0.482125
v 0.063345 0.284948 0.482125
v 0.053596 0.308514 0.507628
v 0.053596 0.308514 0.507628
v 0.053596 0.308514 0.507628
v 0.053596 0.308514 0.507628
v 0.053596 0.308514 0.507628
v 0.053596 0.308514 0.507628
v 0.053596 0.308514 0.507628
v 0.036451 0.307361 0.482125
v 0.036451 0.307361 0.482125
v 0.036451 0.307361 0.482125
v 0.036451 0.307361 0.482125
v 0.044945 0.304014 0.482125
v 0.044945 0.304014 0.482125
v 0.044945 0.304014 0.482125
v 0.044945 0.304014 0.482125
v 0.052744 0.298800 0.482125
v 0.052744 0.298800 0.482125
v 0.052744 0.298800 0.482125
v 0.052744 0.298800 0.482125
v 0.059084 0.292231 0.482125
v 0.059084 0.292231 0.482125
v 0.059084 0.292231 0.482125
v 0.059084 0.292231 0.482125
v 0.319792 -0.417609 -0.520326
v 0.319792 -0.417609 -0.520326
v 0.319792 -0.417609 -0.520326
v -0.673876 -0.417610 -0.520326
v -2.074346 -0.417611 -0.520326
v 0.319792 -0.442989 -0.520326
v -0.673876 -0.442990 -0.520326
v -2.074346 -0.442991 -0.520326
v 0.958807 -0.499597 -0.520326
v 0.958807 -0.499597 -0.735105
v 0.958807 -0.499597 -0.735105
v 0.996060 -0.667301 -0.520326
v 0.996060 -0.667301 -0.735105
v 0.996060 -0.667301 -0.735105
v -1.150851 -0.417610 -0.520326
v -1.150851 -0.442990 -0.520326
v -1.859053 -0.417611 -0.520326
v -1.859053 -0.442991 -0.520326
v 0.842300 -0.399329 -0.009016
v 0.842300 -0.440865 -0.009016
v 0.842300 -0.440865 -0.251147
v 0.842300 -0.399329 -0.251147
v 0.405047 -0.430119 -0.520326
v 0.405047 -0.430119 -0.520326
v 0.958807 -0.499597 -0.603697
v 0.319792 -0.417609 -0.603697
v 0.319792 -0.417609 -0.603697
v 0.996060 -0.667301 -0.603697
v 0.405047 -0.430119 -0.603697
v 0.405047 -0.430119 -0.603697
v -0.075881 0.418706 -0.527049
v -0.075881 0.418706 -0.527049
v -0.075881 0.418706 -0.527049
v -0.075881 0.418706 -0.527049
v 0.009375 0.406196 -0.527049
v 0.009375 0.406196 -0.527049
v 0.009375 0.406196 -0.527049
v 0.009375 0.406196 -0.527049
v -0.075881 0.418706 -0.610420
v -0.075881 0.418706 -0.610420
v -0.075881 0.418706 -0.610420
v -0.075881 0.418706 -0.610420
v 0.009375 0.406196 -0.610420
v 0.009375 0.406196 -0.610420
v 0.009375 0.406196 -0.610420
v 0.009375 0.406196 -0.610420
v -0.088127 0.554504 -0.505105
v -0.088127 0.554504 -0.505105
v -0.088127 0.554504 -0.505105
v -0.088127 0.554504 -0.505105
v 0.042008 0.535409 -0.505105
v 0.042008 0.535409 -0.505105
v 0.042008 0.535409 -0.505105
v 0.042008 0.535409 -0.505105
v -0.088127 0.554504 -0.632363
v -0.088127 0.554504 -0.632363
v -0.088127 0.554504 -0.632363
v -0.088127 0.554504 -0.632363
v 0.042008 0.535409 -0.632363
v 0.042008 0.535409 -0.632363
v 0.042008 0.535409 -0.632363
v 0.042008 0.535409 -0.632363
v -0.086208 0.567580 -0.505105
v -0.086208 0.567580 -0.505105
v -0.086208 0.567580 -0.505105
v 0.043926 0.548485 -0.505105
v 0.043926 0.548485 -0.505105
v 0.043926 0.548485 -0.505105
v -0.086208 0.567580 -0.632363
v -0.086208 0.567580 -0.632363
v -0.086208 0.567580 -0.632363
v 0.043926 0.548485 -0.632363
v 0.043926 0.548485 -0.632363
v 0.043926 0.548485 -0.632363
v -0.072857 0.565621 -0.518161
v -0.072857 0.565621 -0.518161
v -0.072857 0.565621 -0.518161
v 0.030575 0.550444 -0.518161
v 0.030575 0.550444 -0.518161
v 0.030575 0.550444 -0.518161
v -0.072857 0.565621 -0.619307
v -0.072857 0.565621 -0.619307
v 0.030575 0.550444 -0.619307
v 0.030575 0.550444 -0.619307
v -0.075043 0.550721 -0.518161
v -0.075043 0.550721 -0.518161
v -0.075043 0.550721 -0.518161
v 0.028389 0.535544 -0.518161
v 0.028389 0.535544 -0.518161
v 0.028389 0.535544 -0.518161
v -0.075043 0.550721 -0.619307
v -0.075043 0.550721 -0.619307
v 0.028389 0.535544 -0.619307
v 0.028389 0.535544 -0.619307
v 0.325913 -0.262856 -0.605041
v 0.325913 -0.262856 -0.605041
v 0.246778 -0.095593 -0.606386
v 0.246778 -0.095593 -0.606386
v 0.167644 0.071670 -0.607731
v 0.167644 0.071670 -0.607731
v 0.088509 0.238933 -0.609075
v 0.088509 0.238933 -0.609075
v 0.088509 0.238933 -0.525704
v 0.088509 0.238933 -0.525704
v 0.167644 0.071670 -0.524360
v 0.167644 0.071670 -0.524360
v 0.246778 -0.095593 -0.523015
v 0.246778 -0.095593 -0.523015
v 0.325913 -0.262856 -0.521670
v 0.325913 -0.262856 -0.521670
v 0.240657 -0.250346 -0.605041
v 0.240657 -0.250346 -0.605041
v 0.161523 -0.083083 -0.606386
v 0.161523 -0.083083 -0.606386
v 0.082388 0.084180 -0.607731
v 0.082388 0.084180 -0.607731
v 0.003254 0.251443 -0.609075
v 0.003254 0.251443 -0.609075
v 0.003254 0.251443 -0.525704
v 0.003254 0.251443 -0.525704
v 0.082388 0.084180 -0.524360
v 0.082388 0.084180 -0.524360
v 0.161523 -0.083083 -0.523015
v 0.161523 -0.083083 -0.523015
v 0.240657 -0.250346 -0.521670
v 0.240657 -0.250346 -0.521670
v 1.024764 -0.521204 -0.606155
v 1.024764 -0.521204 -0.606155
v 1.024764 -0.521204 -0.535582
v 1.024764 -0.521204 -0.535582
v 1.024764 -0.521204 -0.535582
v 1.039109 -0.642396 -0.606155
v 1.039109 -0.642396 -0.606155
v 1.039109 -0.642396 -0.535582
v 1.039109 -0.642396 -0.535582
v 1.039109 -0.642396 -0.535582
v 1.039109 -0.642396 -0.717392
v 1.039109 -0.642396 -0.717392
v 1.039109 -0.642396 -0.717392
v 1.039109 -0.642396 -0.717392
v 1.039109 -0.642396 -0.717392
v 1.024764 -0.521204 -0.717392
v 1.024764 -0.521204 -0.717392
v 1.024764 -0.521204 -0.717392
v 1.024764 -0.521204 -0.717392
v 1.023568 -0.533084 -0.608812
v 1.023568 -0.533084 -0.608812
v 1.023568 -0.533084 -0.552076
v 1.023568 -0.533084 -0.552076
v 1.023568 -0.533084 -0.552076
v 1.023568 -0.533084 -0.552076
v 1.035100 -0.630515 -0.608812
v 1.035100 -0.630515 -0.608812
v 1.035100 -0.630515 -0.552076
v 1.035100 -0.630515 -0.552076
v 1.035100 -0.630515 -0.552076
v 1.035100 -0.630515 -0.552076
v 1.035100 -0.630515 -0.698240
v 1.035100 -0.630515 -0.698240
v 1.035100 -0.630515 -0.698240
v 1.035100 -0.630515 -0.698240
v 1.023568 -0.533084 -0.698240
v 1.023568 -0.533084 -0.698240
v 1.023568 -0.533084 -0.698240
v 1.023568 -0.533084 -0.698240
v 1.023568 -0.533084 -0.698240
v 1.008711 -0.534843 -0.608812
v 1.008711 -0.534843 -0.552076
v 1.008711 -0.534843 -0.552076
v 1.020243 -0.632274 -0.608812
v 1.020243 -0.632274 -0.552076
v 1.020243 -0.632274 -0.552076
v 1.020243 -0.632274 -0.698240
v 1.020243 -0.632274 -0.698240
v 1.008711 -0.534843 -0.698240
v 1.008711 -0.534843 -0.698240
v 0.319792 -0.417609 0.520326
v 0.319792 -0.417609 0.520326
v 0.319792 -0.417609 0.520326
v -0.673876 -0.417610 0.520326
v -2.074346 -0.417611 0.520326
v 0.319792 -0.442989 0.520326
v -0.673876 -0.442990 0.520326
v -2.074346 -0.442991 0.520326
v 0.958807 -0.499597 0.520326
v 0.958807 -0.499597 0.735105
v 0.958807 -0.499597 0.735105
v 0.996060 -0.667301 0.520326
v 0.996060 -0.667301 0.735105
v 0.996060 -0.667301 0.735105
v -1.150851 -0.417610 0.520326
v -1.150851 -0.442990 0.520326
v -1.859053 -0.417611 0.520326
v -1.859053 -0.442991 0.520326
v 0.842300 -0.399329 0.009016
v 0.842300 -0.440865 0.009016
v 0.842300 -0.440865 0.251147
v 0.842300 -0.399329 0.251147
v 0.405047 -0.430119 0.520326
v 0.405047 -0.430119 0.520326
v 0.958807 -0.499597 0.603697
v 0.319792 -0.417609 0.603697
v 0.319792 -0.417609 0.603697
v 0.996060 -0.667301 0.603697
v 0.405047 -0.430119 0.603697
v 0.405047 -0.430119 0.603697
v -0.075881 0.418706 0.527049
v -0.075881 0.418706 0.527049
v -0.075881 0.418706 0.527049
v -0.075881 0.418706 0.527049
v 0.009375 0.406196 0.527049
v 0.009375 0.406196 0.527049
v 0.009375 0.406196 0.527049
v 0.009375 0.406196 0.527049
v -0.075881 0.418706 0.610420
v -0.075881 0.418706 0.610420
v -0.075881 0.418706 0.610420
v -0.075881 0.418706 0.610420
v 0.009375 0.406196 0.610420
v 0.009375 0.406196 0.610420
v 0.009375 0.406196 0.610420
v 0.009375 0.406196 0.610420
v -0.088127 0.554504 0.505105
v -0.088127 0.554504 0.505105
v -0.088127 0.554504 0.505105
v -0.088127 0.554504 0.505105
v 0.042008 0.535409 0.505105
v 0.042008 0.535409 0.505105
v 0.042008 0.535409 0.505105
v 0.042008 0.535409 0.505105
v -0.088127 0.554504 0.632363
v -0.088127 0.554504 0.632363
v -0.088127 0.554504 0.632363
v -0.088127 0.554504 0.632363
v 0.042008 0.535409 0.632363
v 0.042008 0.535409 0.632363
v 0.042008 0.535409 0.632363
v 0.042008 0.535409 0.632363
v -0.086208 0.567580 0.505105
v -0.086208 0.567580 0.505105
v -0.086208 0.567580 0.505105
v 0.043926 0.548485 0.505105
v 0.043926 0.548485 0.505105
v 0.043926 0.548485 0.505105
v -0.086208 0.567580 0.632363
v -0.086208 0.567580 0.632363
v -0.086208 0.567580 0.632363
v 0.043926 0.548485 0.632363
v 0.043926 0.548485 0.632363
v 0.043926 0.548485 0.632363
v -0.072857 0.565621 0.518161
v -0.072857 0.565621 0.518161
v -0.072857 0.565621 0.518161
v 0.030575 0.550444 0.518161
v 0.030575 0.550444 0.518161
v 0.030575 0.550444 0.518161
v -0.072857 0.565621 0.619307
v -0.072857 0.565621 0.619307
v 0.030575 0.550444 0.619307
v 0.030575 0.550444 0.619307
v -0.075043 0.550721 0.518161
v -0.075043 0.550721 0.518161
v -0.075043 0.550721 0.518161
v 0.028389 0.535544 0.518161
v 0.028389 0.535544 0.518161
v 0.028389 0.535544 0.518161
v -0.075043 0.550721 0.619307
v -0.075043 0.550721 0.619307
v 0.028389 0.535544 0.619307
v 0.028389 0.535544 0.619307
v 0.325913 -0.262856 0.605041
v 0.325913 -0.262856 0.605041
v 0.246778 -0.095593 0.606386
v 0.246778 -0.095593 0.606386
v 0.167644 0.071670 0.607731
v 0.167644 0.071670 0.607731
v 0.088509 0.238933 0.609075
v 0.088509 0.238933 0.609075
v 0.088509 0.238933 0.525704
v 0.088509 0.238933 0.525704
v 0.167644 0.071670 0.524360
v 0.167644 0.071670 0.524360
v 0.246778 -0.095593 0.523015
v 0.246778 -0.095593 0.523015
v 0.325913 -0.262856 0.521670
v 0.325913 -0.262856 0.521670
v 0.240657 -0.250346 0.605041
v 0.240657 -0.250346 0.605041
v 0.161523 -0.083083 0.606386
v 0.161523 -0.083083 0.606386
v 0.082388 0.084180 0.607731
v 0.082388 0.084180 0.607731
v 0.003254 0.251443 0.609075
v 0.003254 0.251443 0.609075
v 0.003254 0.251443 0.525704
v 0.003254 0.251443 0.525704
v 0.082388 0.084180 0.524360
v 0.082388 0.084180 0.524360
v 0.161523 -0.083083 0.523015
v 0.161523 -0.083083 0.523015
v 0.240657 -0.250346 0.521670
v 0.240657 -0.250346 0.521670
v 1.024764 -0.521204 0.606155
v 1.024764 -0.521204 0.606155
v 1.024764 -0.521204 0.535582
v 1.024764 -0.521204 0.535582
v 1.024764 -0.521204 0.535582
v 1.039109 -0.642396 0.606155
v 1.039109 -0.642396 0.606155
v 1.039109 -0.642396 0.535582
v 1.039109 -0.642396 0.535582
v 1.039109 -0.642396 0.535582
v 1.039109 -0.642396 0.717392
v 1.039109 -0.642396 0.717392
v 1.039109 -0.642396 0.717392
v 1.039109 -0.642396 0.717392
v 1.039109 -0.642396 0.717392
v 1.024764 -0.521204 0.717392
v 1.024764 -0.521204 0.717392
v 1.024764 -0.521204 0.717392
v 1.024764 -0.521204 0.717392
v 1.023568 -0.533084 0.608812
v 1.023568 -0.533084 0.608812
v 1.023568 -0.533084 0.552076
v 1.023568 -0.533084 0.552076
v 1.023568 -0.533084 0.552076
v 1.023568 -0.533084 0.552076
v 1.035100 -0.630515 0.608812
v 1.035100 -0.630515 0.608812
v 1.035100 -0.630515 0.552076
v 1.035100 -0.630515 0.552076
v 1.035100 -0.630515 0.552076
v 1.035100 -0.630515 0.552076
v 1.035100 -0.630515 0.698240
v 1.035100 -0.630515 0.698240
v 1.035100 -0.630515 0.698240
v 1.035100 -0.630515 0.698240
v 1.023568 -0.533084 0.698240
v 1.023568 -0.533084 0.698240
v 1.023568 -0.533084 0.698240
v 1.023568 -0.533084 0.698240
v 1.023568 -0.533084 0.698240
v 1.008711 -0.534843 0.608812
v 1.008711 -0.534843 0.552076
v 1.008711 -0.534843 0.552076
v 1.020243 -0.632274 0.608812
v 1.020243 -0.632274 0.552076
v 1.020243 -0.632274 0.552076
v 1.020243 -0.632274 0.698240
v 1.020243 -0.632274 0.698240
v 1.008711 -0.534843 0.698240
v 1.008711 -0.534843 0.698240
v 0.278157 -0.307129 -0.499291
v -0.639389 -0.307129 -0.499291
v 0.034990 0.280682 -0.499291
v -0.512408 0.280682 -0.499291
v 0.047955 0.249340 -0.499291
v -0.519178 0.249340 -0.499291
v 0.267830 -0.282166 -0.499291
v -0.633996 -0.282166 -0.499291
v 0.293879 -0.313677 0.000000
v 0.053182 0.268162 -0.000000
v 0.293879 -0.313677 -0.260163
v 0.053182 0.268162 -0.260163
v 0.053182 0.268162 -0.482125
v 0.293879 -0.313677 -0.482125
v 0.278157 -0.307129 0.499291
v -0.639389 -0.307129 0.499291
v 0.034990 0.280682 0.499291
v -0.512408 0.280682 0.499291
v 0.047955 0.249340 0.499291
v -0.519178 0.249340 0.499291
v 0.267830 -0.282166 0.499291
v -0.633996 -0.282166 0.499291
v 0.293879 -0.313677 0.260163
v 0.053182 0.268162 0.260163
v 0.053182 0.268162 0.482125
v 0.293879 -0.313677 0.482125
v 0.319792 -0.417609 -0.520326
v 0.319792 -0.442989 -0.520326
v 0.319792 -0.442989 -0.520326
v 0.958807 -0.499597 -0.520326
v 0.878552 -0.514864 -0.520326
v 0.878552 -0.514864 -0.520326
v 0.319792 -0.442989 -0.735105
v 0.319792 -0.442989 -0.735105
v 0.319792 -0.442989 -0.735105
v 0.319792 -0.417609 -0.735105
v 0.319792 -0.417609 -0.735105
v 0.319792 -0.417609 -0.735105
v 0.958807 -0.499597 -0.735105
v 0.958807 -0.499597 -0.735105
v 0.878552 -0.514864 -0.735105
v 0.878552 -0.514864 -0.735105
v 0.878552 -0.514864 -0.735105
v 0.996060 -0.667301 -0.520326
v 0.975753 -0.658033 -0.520326
v 0.975753 -0.658033 -0.520326
v 0.996060 -0.667301 -0.735105
v 0.996060 -0.667301 -0.735105
v 0.975753 -0.658033 -0.735105
v 0.975753 -0.658033 -0.735105
v 0.975753 -0.658033 -0.735105
v 0.247419 -0.531505 -0.520326
v 0.247419 -0.531505 -0.520326
v 0.247419 -0.506125 -0.520326
v 0.247419 -0.506125 -0.520326
v 0.247419 -0.531505 -0.735105
v 0.247419 -0.531505 -0.735105
v 0.247419 -0.531505 -0.735105
v 0.247419 -0.506125 -0.735105
v 0.247419 -0.506125 -0.735105
v 0.247419 -0.506125 -0.735105
v -1.150851 -0.417610 -0.520326
v -1.150851 -0.417610 -0.520326
v -1.150851 -0.417610 -0.520326
v -1.150851 -0.442990 -0.520326
v -1.150851 -0.442990 -0.520326
v -1.150851 -0.442990 -0.520326
v -1.859053 -0.417611 -0.520326
v -1.859053 -0.417611 -0.520326
v -1.859053 -0.417611 -0.520326
v -1.859053 -0.442991 -0.520326
v -1.859053 -0.442991 -0.520326
v -1.859053 -0.442991 -0.520326
v -1.150851 -0.442990 -0.869802
v -1.150851 -0.442990 -0.869802
v -1.150851 -0.442990 -0.869802
v -1.150851 -0.417610 -0.869802
v -1.150851 -0.417610 -0.869802
v -1.150851 -0.417610 -0.869802
v -1.859053 -0.417611 -0.869802
v -1.859053 -0.417611 -0.869802
v -1.859053 -0.417611 -0.869802
v -1.859053 -0.442991 -0.869802
v -1.859053 -0.442991 -0.869802
v -1.859053 -0.442991 -0.869802
v -1.023061 -0.543662 -0.520326
v -1.023061 -0.543662 -0.520326
v -1.023061 -0.543662 -0.520326
v -1.023061 -0.518282 -0.520326
v -1.023061 -0.518282 -0.520326
v -1.023061 -0.518282 -0.520326
v -1.023061 -0.543662 -0.869802
v -1.023061 -0.543662 -0.869802
v -1.023061 -0.543662 -0.869802
v -1.023061 -0.518282 -0.869802
v -1.023061 -0.518282 -0.869802
v -1.023061 -0.518282 -0.869802
v -2.003011 -0.658002 -0.520326
v -2.003011 -0.658002 -0.520326
v -2.003011 -0.658002 -0.520326
v -2.003011 -0.632622 -0.520326
v -2.003011 -0.632622 -0.520326
v -2.003011 -0.632622 -0.520326
v -2.003011 -0.658002 -0.869802
v -2.003011 -0.658002 -0.869802
v -2.003011 -0.632622 -0.869802
v -2.003011 -0.632622 -0.869802
v 0.405047 -0.430119 -0.520326
v 0.405047 -0.453956 -0.520326
v 0.405047 -0.430119 -0.735105
v 0.405047 -0.430119 -0.735105
v 0.405047 -0.430119 -0.735105
v 0.405047 -0.453956 -0.735105
v 0.405047 -0.453956 -0.735105
v 0.878552 -0.514864 -0.603697
v 0.878552 -0.514864 -0.603697
v 0.958807 -0.499597 -0.603697
v 0.319792 -0.442989 -0.603697
v 0.319792 -0.442989 -0.603697
v 0.319792 -0.417609 -0.603697
v 0.319792 -0.417609 -0.603697
v 0.975753 -0.658033 -0.603697
v 0.975753 -0.658033 -0.603697
v 0.996060 -0.667301 -0.603697
v 0.247419 -0.531505 -0.603697
v 0.247419 -0.531505 -0.603697
v 0.247419 -0.506125 -0.603697
v 0.247419 -0.506125 -0.603697
v 0.405047 -0.430119 -0.603697
v 0.405047 -0.430119 -0.603697
v 0.405047 -0.453956 -0.603697
v 0.319792 -0.417609 0.520326
v 0.319792 -0.442989 0.520326
v 0.319792 -0.442989 0.520326
v 0.958807 -0.499597 0.520326
v 0.878552 -0.514864 0.520326
v 0.878552 -0.514864 0.520326
v 0.319792 -0.442989 0.735105
v 0.319792 -0.442989 0.735105
v 0.319792 -0.442989 0.735105
v 0.319792 -0.417609 0.735105
v 0.319792 -0.417609 0.735105
v 0.319792 -0.417609 0.735105
v 0.958807 -0.499597 0.735105
v 0.958807 -0.499597 0.735105
v 0.878552 -0.514864 0.735105
v 0.878552 -0.514864 0.735105
v 0.878552 -0.514864 0.735105
v 0.996060 -0.667301 0.520326
v 0.975753 -0.658033 0.520326
v 0.975753 -0.658033 0.520326
v 0.996060 -0.667301 0.735105
v 0.996060 -0.667301 0.735105
v 0.975753 -0.658033 0.735105
v 0.975753 -0.658033 0.735105
v 0.975753 -0.658033 0.735105
v 0.247419 -0.531505 0.520326
v 0.247419 -0.531505 0.520326
v 0.247419 -0.506125 0.520326
v 0.247419 -0.506125 0.520326
v 0.247419 -0.531505 0.735105
v 0.247419 -0.531505 0.735105
v 0.247419 -0.531505 0.735105
v 0.247419 -0.506125 0.735105
v 0.247419 -0.506125 0.735105
v 0.247419 -0.506125 0.735105
v -1.150851 -0.417610 0.520326
v -1.150851 -0.417610 0.520326
v -1.150851 -0.417610 0.520326
v -1.150851 -0.442990 0.520326
v -1.150851 -0.442990 0.520326
v -1.150851 -0.442990 0.520326
v -1.859053 -0.417611 0.520326
v -1.859053 -0.417611 0.520326
v -1.859053 -0.417611 0.520326
v -1.859053 -0.442991 0.520326
v -1.859053 -0.442991 0.520326
v -1.859053 -0.442991 0.520326
v -1.150851 -0.442990 0.869802
v -1.150851 -0.442990 0.869802
v -1.150851 -0.442990 0.869802
v -1.150851 -0.417610 0.869802
v -1.150851 -0.417610 0.869802
v -1.150851 -0.417610 0.869802
v -1.859053 -0.417611 0.869802
v -1.859053 -0.417611 0.869802
v -1.859053 -0.417611 0.869802
v -1.859053 -0.442991 0.869802
v -1.859053 -0.442991 0.869802
v -1.859053 -0.442991 0.869802
v -1.023061 -0.543662 0.520326
v -1.023061 -0.543662 0.520326
v -1.023061 -0.543662 0.520326
v -1.023061 -0.518282 0.520326
v -1.023061 -0.518282 0.520326
v -1.023061 -0.518282 0.520326
v -1.023061 -0.543662 0.869802
v -1.023061 -0.543662 0.869802
v -1.023061 -0.543662 0.869802
v -1.023061 -0.518282 0.869802
v -1.023061 -0.518282 0.869802
v -1.023061 -0.518282 0.869802
v -2.003011 -0.658002 0.520326
v -2.003011 -0.658002 0.520326
v -2.003011 -0.658002 0.520326
v -2.003011 -0.632622 0.520326
v -2.003011 -0.632622 0.520326
v -2.003011 -0.632622 0.520326
v -2.003011 -0.658002 0.869802
v -2.003011 -0.658002 0.869802
v -2.003011 -0.632622 0.869802
v -2.003011 -0.632622 0.869802
v 0.405047 -0.430119 0.520326
v 0.405047 -0.453956 0.520326
v 0.405047 -0.430119 0.735105
v 0.405047 -0.430119 0.735105
v 0.405047 -0.430119 0.735105
v 0.405047 -0.453956 0.735105
v 0.405047 -0.453956 0.735105
v 0.878552 -0.514864 0.603697
v 0.878552 -0.514864 0.603697
v 0.958807 -0.499597 0.603697
v 0.319792 -0.442989 0.603697
v 0.319792 -0.442989 0.603697
v 0.319792 -0.417609 0.603697
v 0.319792 -0.417609 0.603697
v 0.975753 -0.658033 0.603697
v 0.975753 -0.658033 0.603697
v 0.996060 -0.667301 0.603697
v 0.247419 -0.531505 0.603697
v 0.247419 -0.531505 0.603697
v 0.247419 -0.506125 0.603697
v 0.247419 -0.506125 0.603697
v 0.405047 -0.430119 0.603697
v 0.405047 -0.430119 0.603697
v 0.405047 -0.453956 0.603697
v 1.008711 -0.534843 -0.608812
v 1.008711 -0.534843 -0.552076
v 1.020243 -0.632274 -0.608812
v 1.020243 -0.632274 -0.552076
v 1.020243 -0.632274 -0.698240
v 1.008711 -0.534843 -0.698240
v 1.008711 -0.534843 0.608812
v 1.008711 -0.534843 0.552076
v 1.020243 -0.632274 0.608812
v 1.020243 -0.632274 0.552076
v 1.020243 -0.632274 0.698240
v 1.008711 -0.534843 0.698240
vn -0.0000 -0.0000 -1.0000
vn 0.8421 -0.5393 0.0001
vn 0.8421 -0.5394 0.0002
vn 0.8421 -0.5393 -0.0000
vn -0.1235 -0.9923 -0.0000
vn -0.0000 -1.0000 -0.0000
vn 0.9240 0.3823 -0.0000
vn -0.0000 1.0000 -0.0000
vn -1.0000 -0.0000 -0.0000
vn -0.9775 0.2112 -0.0000
vn 0.2015 0.9795 -0.0000
vn 0.0455 -0.7061 -0.7066
vn -0.0000 -0.7069 -0.7073
vn -0.0000 -0.7069 -0.7074
vn -0.0486 -0.7810 -0.6226
vn 0.0644 -0.9979 -0.0000
vn 0.8421 0.3812 0.3815
vn 0.8421 -0.0000 -0.5393
vn 0.8421 0.5393 -0.0000
vn 1.0000 -0.0000 -0.0000
vn -0.0000 -0.0000 1.0000
vn -0.0000 0.7068 0.7074
vn 0.8421 -0.0000 0.5393
vn -0.9241 -0.3823 -0.0000
vn -0.9240 -0.3823 -0.0000
vn 0.9775 -0.2111 -0.0000
vn 0.2014 0.9795 -0.0000
vn 0.0986 0.9951 -0.0000
vn -0.0000 -0.0000 -0.0000
vn 0.5480 0.8365 -0.0000
vn 0.5480 -0.0000 0.8365
vn 0.5480 -0.8365 -0.0000
vn 0.5480 -0.0000 -0.8365
vn 0.9241 0.3823 -0.0000
vn 0.3823 -0.9241 -0.0000
vn -0.9775 0.2111 -0.0000
vn 0.9775 -0.2112 -0.0000
vn -0.9241 -0.3822 -0.0000
vn 0.9774 -0.2112 -0.0000
vn 0.8420 0.0003 0.5394
vn -0.3823 0.9241 -0.0000
vn 0.2679 0.0478 0.9623
vn 0.8143 -0.0890 0.5735
vn 0.7746 -0.2824 0.5659
vn 0.7584 -0.4561 0.4656
vn 0.7748 -0.5609 0.2918
vn 0.8145 -0.5727 0.0926
vn 0.5396 0.1486 -0.8287
vn 0.5395 0.1486 -0.8288
vn 0.5396 0.1488 -0.8287
vn 0.1990 0.9674 -0.1565
vn 0.1795 0.8727 -0.4540
vn 0.1424 0.6926 -0.7071
vn 0.1425 0.6927 -0.7070
vn 0.0915 0.4448 -0.8910
vn 0.0915 0.4447 -0.8910
vn 0.0315 0.1532 -0.9877
vn 0.1990 0.9674 -0.1564
vn 0.1354 0.9815 0.1354
vn 0.3522 0.8939 0.2772
vn 0.5270 0.7882 0.3178
vn 0.6913 0.6672 0.2772
vn 0.8552 0.5003 0.1354
vn 0.8631 0.5050 -0.0000
vn 0.7195 0.6945 -0.0000
vn 0.5558 0.8313 -0.0000
vn 0.3666 0.9304 -0.0000
vn 0.1367 0.9906 -0.0000
vn 0.8421 -0.5393 -0.0002
vn 0.8421 -0.5393 -0.0001
vn 0.0455 -0.7061 0.7066
vn -0.0000 -0.7069 0.7074
vn -0.0000 -0.7069 0.7073
vn -0.0486 -0.7810 0.6226
vn 0.8421 0.3812 -0.3815
vn -0.0000 0.7068 -0.7074
vn 0.8420 -0.0000 -0.5394
vn 0.2679 0.0478 -0.9623
vn 0.8143 -0.0890 -0.5735
vn 0.7746 -0.2824 -0.5659
vn 0.7584 -0.4561 -0.4656
vn 0.7748 -0.5609 -0.2918
vn 0.8145 -0.5727 -0.0926
vn 0.5396 0.1486 0.8287
vn 0.5396 0.1485 0.8287
vn 0.1990 0.9674 0.1565
vn 0.1795 0.8727 0.4540
vn 0.1424 0.6926 0.7071
vn 0.1425 0.6927 0.7070
vn 0.0915 0.4448 0.8910
vn 0.0915 0.4447 0.8910
vn 0.0315 0.1532 0.9877
vn 0.1990 0.9674 0.1564
vn 0.1354 0.9815 -0.1354
vn 0.3522 0.8939 -0.2772
vn 0.5270 0.7882 -0.3178
vn 0.6913 0.6672 -0.2772
vn 0.8552 0.5003 -0.1354
vn 0.9950 -0.1002 -0.0000
vn 0.9039 0.4277 -0.0000
vn 0.3071 0.0549 -0.9501
vn 0.9696 -0.2449 -0.0000
vn -0.0013 -0.0086 -1.0000
vn 0.0013 0.0086 1.0000
vn -0.9039 -0.4277 -0.0000
vn 0.9894 -0.1451 -0.0000
vn -0.0237 -0.1616 0.9866
vn -0.0237 -0.1616 -0.9866
vn -0.9960 -0.0898 -0.0000
vn 0.1452 0.9894 -0.0000
vn -0.9894 0.1452 -0.0000
vn 0.9894 -0.1452 -0.0000
vn 0.5008 -0.8656 -0.0000
vn 0.3113 0.9503 -0.0000
vn -0.1176 0.9931 -0.0000
vn 0.9811 0.1161 -0.1548
vn 0.9475 0.3197 -0.0000
vn 0.9842 0.1165 0.1337
vn 0.9841 0.1165 0.1337
vn 0.1176 -0.9931 -0.0000
vn 0.3071 0.0549 0.9501
vn -0.0013 -0.0086 1.0000
vn 0.0013 0.0086 -1.0000
vn 0.9811 0.1161 0.1548
vn 0.9841 0.1165 -0.1337
vn 0.9842 0.1165 -0.1337
vn -0.1276 -0.9918 -0.0000
vn 0.7742 -0.6330 -0.0000
vn 0.1245 0.9922 -0.0000
vn -0.4152 -0.9097 -0.0000
vn -0.8273 -0.5617 -0.0000
vn -0.7742 0.6330 -0.0000
vn -0.8309 0.5564 -0.0000
vn 0.6188 0.7855 -0.0000
vn -0.6188 -0.7855 -0.0000
vn 0.8309 -0.5564 -0.0000
vn 0.9931 0.1175 -0.0000
vt 0.606196 0.871541
vt 0.393804 0.871541
vt 0.606196 0.753459
vt 0.608823 0.752976
vt 0.625000 0.754620
vt 0.625000 0.759177
vt 0.606196 0.762128
vt 0.359180 0.500000
vt 0.250000 0.500000
vt 0.634177 0.500000
vt 0.625000 0.500000
vt 0.628050 0.500000
vt 0.625000 0.490823
vt 0.375000 0.484179
vt 0.375000 0.375000
vt 0.625000 0.375000
vt 0.625000 0.437500
vt 0.564277 0.500000
vt 0.412040 0.500000
vt 0.578543 0.500000
vt 0.687500 0.648983
vt 0.750000 0.648983
vt 0.750000 0.750000
vt 0.687500 0.750000
vt 0.564278 0.500000
vt 0.412044 0.500000
vt 0.412041 0.500000
vt 0.359180 0.522732
vt 0.416501 0.522732
vt 0.250000 0.648983
vt 0.359180 0.648983
vt 0.359180 0.750000
vt 0.250000 0.750000
vt 0.375000 0.765821
vt 0.461061 0.750000
vt 0.468846 0.753459
vt 0.393804 0.767254
vt 0.584916 0.648983
vt 0.601302 0.648983
vt 0.599360 0.750000
vt 0.589237 0.750000
vt 0.625000 0.812500
vt 0.625000 0.875000
vt 0.606196 0.812500
vt 0.375000 0.875000
vt 0.567032 0.753459
vt 0.576233 0.753459
vt 0.578255 0.750000
vt 0.572607 0.648983
vt 0.441255 0.648983
vt 0.565549 0.522732
vt 0.250000 0.522732
vt 0.687500 0.522732
vt 0.687500 0.500000
vt 0.578544 0.500000
vt 0.613963 0.500000
vt 0.613495 0.522732
vt 0.579516 0.522732
vt 0.634177 0.522732
vt 0.634177 0.648983
vt 0.634177 0.750000
vt 0.750000 0.500000
vt 0.750000 0.522732
vt 0.689666 0.648983
vt 0.747834 0.648983
vt 0.629620 0.500000
vt 0.629620 0.522732
vt 0.629620 0.648983
vt 0.614362 0.751957
vt 0.612437 0.750226
vt 0.618625 0.751173
vt 0.625000 0.751904
vt 0.625000 0.753192
vt 0.628193 0.500051
vt 0.626905 0.500197
vt 0.625226 0.500714
vt 0.625000 0.501033
vt 0.625882 0.500426
vt 0.629620 0.750000
vt 0.628193 0.750051
vt 0.628192 0.649652
vt 0.626905 0.750197
vt 0.626905 0.651596
vt 0.614431 0.750000
vt 0.615231 0.648983
vt 0.607284 0.750000
vt 0.608625 0.648983
vt 0.628193 0.522782
vt 0.626905 0.522929
vt 0.620257 0.522732
vt 0.617050 0.522732
vt 0.620450 0.500000
vt 0.617374 0.500000
s 1
usemtl Orange.001
f 1893/2/124 1897/3/124 1904/3/124
f 1893/2/124 1904/3/124 1901/2/124
f 1892/4/125 2165/5/126 2158/6/127
f 2158/6/127 2124/7/127 2126/8/127
f 2158/6/127 2126/8/127 1892/4/125
f 1975/9/128 1971/10/128 1848/10/128
f 1975/9/128 1848/10/128 1877/9/128
f 1862/9/129 1831/10/129 1843/10/129
f 1862/9/129 1843/10/129 1869/9/129
f 2261/11/130 2135/11/130 2083/12/130
f 2083/12/130 1824/12/130 2268/13/130
f 2083/12/130 2268/13/130 2261/11/130
f 1994/12/129 1997/12/129 2003/12/129
f 1994/12/129 2003/12/129 2005/12/129
f 2130/14/131 1979/12/131 1829/12/131
f 2130/14/131 1829/12/131 2120/14/131
f 1878/15/132 1849/16/132 1851/17/132
f 1878/15/132 1851/17/132 2016/18/132
f 1938/19/132 1875/20/132 1878/15/132
f 2121/14/132 1830/12/132 1922/21/132
f 1923/21/132 1939/19/132 1879/15/132
f 1878/15/132 2016/18/132 2121/14/132
f 2121/14/132 1922/21/132 1878/15/132
f 2095/18/133 2086/17/133 1847/17/133
f 2095/18/133 1847/17/133 2014/18/133
f 1977/19/124 1980/20/124 1873/20/124
f 1977/19/124 1873/20/124 1937/19/124
f 2024/22/134 1940/23/134 1839/24/134
f 2024/22/134 1839/24/134 2017/25/134
f 1935/26/124 1865/27/124 1870/28/124
f 1935/26/124 1870/28/124 1936/19/124
f 2066/29/135 1863/9/135 1867/27/135
f 2066/29/135 1867/27/135 2070/30/135
f 1861/9/136 1868/9/136 1872/28/136
f 1860/9/137 1871/28/137 1866/27/137
f 1974/9/138 1876/9/138 1874/20/138
f 1974/9/138 1874/20/138 1982/20/138
f 1944/31/139 1946/32/139 1853/33/139
f 1944/31/139 1853/33/139 1835/34/139
f 1854/35/140 1858/36/140 1886/37/140
f 1854/35/140 1886/37/140 1882/38/140
f 1950/39/124 2208/40/124 2150/41/124
f 1950/39/124 2150/41/124 1918/42/124
f 2018/43/127 1842/44/127 1896/2/127
f 2018/43/127 1896/2/127 2020/45/127
f 1841/44/141 1837/46/141 1899/3/141
f 1841/44/141 1899/3/141 1895/2/141
f 1838/46/142 1855/35/142 1883/38/142
f 1838/46/142 1883/38/142 1900/3/142
f 1906/3/143 1912/38/143 1909/37/143
f 1906/3/143 1909/37/143 1933/47/143
f 2022/45/143 1903/2/143 1906/3/143
f 1927/48/143 1915/4/143 2128/8/143
f 2128/8/143 2022/45/143 1906/3/143
f 1906/3/143 1933/47/143 1927/48/143
f 1927/48/143 2128/8/143 1906/3/143
f 1924/48/144 1888/4/144 1913/4/144
f 1924/48/144 1913/4/144 1926/48/144
f 1880/38/145 1885/37/145 1908/37/145
f 1880/38/145 1908/37/145 1910/38/145
f 2019/45/129 1894/2/129 1902/2/129
f 2019/45/129 1902/2/129 2021/45/129
f 1898/3/131 1881/38/131 1911/38/131
f 1898/3/131 1911/38/131 1905/3/131
f 1930/47/144 1924/48/144 1926/48/144
f 1930/47/144 1926/48/144 1932/47/144
f 1929/49/146 1919/42/146 1925/48/146
f 1929/49/146 1925/48/146 1931/47/146
f 2105/12/124 2098/12/124 2193/12/124
f 2193/12/124 2191/12/124 1987/12/124
f 2193/12/124 1987/12/124 2105/12/124
f 1978/12/124 1976/21/124 1921/21/124
f 1978/12/124 1921/21/124 1828/12/124
f 1953/50/124 1950/39/124 1918/42/124
f 1953/50/124 1918/42/124 1928/49/124
f 1947/51/124 1953/50/124 1928/49/124
f 1947/51/124 1928/49/124 1856/36/124
f 1859/36/146 1929/49/146 1931/47/146
f 1859/36/146 1931/47/146 1887/37/146
f 1884/37/144 1930/47/144 1932/47/144
f 1884/37/144 1932/47/144 1907/37/144
f 2069/30/124 2072/52/124 1953/50/124
f 2069/30/124 1953/50/124 1947/51/124
f 1949/39/144 1952/50/144 1956/50/144
f 1949/39/144 1956/50/144 1954/39/144
f 2068/53/139 2067/29/139 1946/32/139
f 2068/53/139 1946/32/139 1944/31/139
f 1852/33/135 1945/32/135 1948/51/135
f 1852/33/135 1948/51/135 1857/36/135
s 0
f 2073/54/124 2007/55/124 2035/55/124
s 1
f 2073/54/124 2035/55/124 2076/54/124
f 1934/26/144 1916/56/144 1958/56/144
f 1934/26/144 1958/56/144 1957/26/144
f 1819/12/124 1920/21/124 1967/21/124
f 1819/12/124 1967/21/124 1959/12/124
f 1868/9/136 1963/9/136 1966/28/136
f 1868/9/136 1966/28/136 1872/28/136
f 1936/19/124 1870/28/124 1965/28/124
f 1936/19/124 1965/28/124 1968/19/124
f 2116/14/131 1820/12/131 1960/12/131
f 2116/14/131 1960/12/131 2129/14/131
f 1869/9/129 1843/10/129 1962/10/129
f 1869/9/129 1962/10/129 1964/9/129
f 1959/12/124 1967/21/124 1976/21/124
f 1959/12/124 1976/21/124 1978/12/124
f 1963/9/136 1972/9/136 1981/20/136
f 1963/9/136 1981/20/136 1966/28/136
f 1968/19/124 1965/28/124 1980/20/124
f 1968/19/124 1980/20/124 1977/19/124
f 2129/14/131 1960/12/131 1979/12/131
f 2129/14/131 1979/12/131 2130/14/131
f 1964/9/129 1962/10/129 1970/10/129
f 1964/9/129 1970/10/129 1973/9/129
f 1983/21/124 1984/19/124 1985/19/124
f 1983/21/124 1985/19/124 1986/21/124
f 1819/12/124 2189/12/124 2186/57/124
f 2186/57/124 1917/56/124 1920/21/124
f 2186/57/124 1920/21/124 1819/12/124
f 2084/12/124 1825/12/124 1993/12/124
f 2084/12/124 1993/12/124 2091/12/124
f 1825/12/124 1822/12/124 1996/12/124
f 1825/12/124 1996/12/124 1993/12/124
f 1917/56/124 2186/57/124 2220/58/124
f 1917/56/124 2220/58/124 2071/59/124
f 2106/12/147 1989/12/148 2000/12/147
f 2106/12/147 2000/12/147 2109/12/147
f 2092/12/149 1995/12/149 2006/12/149
f 2092/12/149 2006/12/149 2094/12/149
f 1988/12/131 1991/12/131 2001/12/131
f 1988/12/131 2001/12/131 1999/12/131
f 1961/17/131 2027/18/131 2028/18/131
f 1961/17/131 2028/18/131 1969/17/131
f 1844/17/131 2011/18/131 2027/18/131
f 1844/17/131 2027/18/131 1961/17/131
f 2131/60/150 2074/54/134 2024/22/134
f 2131/60/150 2024/22/134 2122/61/134
f 2125/8/129 2019/45/129 2021/45/129
f 2125/8/129 2021/45/129 2127/8/129
f 2124/7/127 2018/43/127 2020/45/127
f 2124/7/127 2020/45/127 2126/8/127
f 2122/61/134 2024/22/134 2017/25/134
f 2122/61/134 2017/25/134 2123/62/134
f 2132/14/133 2095/18/133 2014/18/133
f 2132/14/133 2014/18/133 2119/14/133
f 1969/17/131 2028/18/131 2015/18/131
f 1969/17/131 2015/18/131 1850/17/131
f 2088/63/130 2097/55/130 2245/55/130
f 2088/63/130 2245/55/130 2233/63/130
f 2246/55/131 2256/11/131 2118/11/131
f 2246/55/131 2118/11/131 2013/55/131
f 2077/54/151 2075/64/151 2031/23/151
f 2077/54/151 2031/23/151 2039/22/151
s 0
f 2008/55/152 1833/63/152 2029/63/152
f 2008/55/152 2029/63/152 2036/55/152
s 1
f 2046/65/144 2050/65/144 2064/65/144
f 2046/65/144 2064/65/144 2062/65/144
f 1943/23/153 2026/22/153 2049/65/153
f 1943/23/153 2049/65/153 2045/66/153
f 2025/22/154 2040/22/154 2052/65/154
f 2025/22/154 2052/65/154 2048/65/154
f 2041/22/155 2034/23/155 2057/66/155
f 2041/22/155 2057/66/155 2053/65/155
f 2033/23/156 1942/23/156 2044/66/156
f 2033/23/156 2044/66/156 2056/66/156
f 2054/66/124 2042/66/124 2060/66/124
f 2054/66/124 2060/66/124 2058/66/124
f 2051/65/129 2055/66/129 2059/66/129
f 2051/65/129 2059/66/129 2065/65/129
f 2043/66/131 2047/65/131 2063/65/131
f 2043/66/131 2063/65/131 2061/66/131
f 2037/55/151 2030/63/151 2075/64/151
f 2037/55/151 2075/64/151 2077/54/151
f 2114/11/150 2009/55/150 2074/54/134
f 2114/11/150 2074/54/134 2131/60/150
f 2137/11/157 2115/11/157 2185/67/157
f 2185/67/157 2195/12/157 2099/12/157
f 2185/67/157 2099/12/157 2137/11/157
f 2023/22/124 2073/54/124 2076/54/124
f 2023/22/124 2076/54/124 2038/22/124
f 1832/10/139 1864/9/139 2067/29/139
f 1832/10/139 2067/29/139 2068/53/139
f 1865/27/124 1935/26/124 2072/52/124
f 1865/27/124 2072/52/124 2069/30/124
f 1945/32/135 2066/29/135 2070/30/135
f 1945/32/135 2070/30/135 1948/51/135
f 2079/59/144 2078/56/144 2080/56/144
f 2079/59/144 2080/56/144 2081/59/144
f 2096/55/158 2087/63/158 2141/63/158
f 2096/55/158 2141/63/158 2143/55/158
f 2139/14/159 2111/18/159 2095/18/133
f 2139/14/159 2095/18/133 2132/14/133
f 2108/12/160 2092/12/149 2094/12/149
f 2108/12/160 2094/12/149 2110/12/160
f 1998/12/161 2090/12/147 2093/12/147
f 1998/12/161 2093/12/147 2004/12/161
f 1822/12/124 2082/12/124 2089/12/124
f 1822/12/124 2089/12/124 1996/12/124
f 2100/12/124 2084/12/124 2091/12/124
f 2100/12/124 2091/12/124 2107/12/124
f 2111/18/159 2102/17/159 2086/17/133
f 2111/18/159 2086/17/133 2095/18/133
f 2137/11/157 2099/12/157 2083/12/130
f 2137/11/157 2083/12/130 2135/11/130
f 2223/68/150 2131/60/150 2122/61/134
f 2223/68/150 2122/61/134 2211/69/134
f 2012/18/159 1845/17/159 2102/17/159
f 2012/18/159 2102/17/159 2111/18/159
f 1819/12/124 2100/12/124 2107/12/124
f 1819/12/124 2107/12/124 1990/12/124
f 1992/12/162 2108/12/160 2110/12/160
f 1992/12/162 2110/12/160 2002/12/160
f 2117/14/159 2012/18/159 2111/18/159
f 2117/14/159 2111/18/159 2139/14/159
f 1834/63/157 2010/55/157 2112/55/157
f 1834/63/157 2112/55/157 2103/63/157
f 2090/12/147 2106/12/147 2109/12/147
f 2090/12/147 2109/12/147 2093/12/147
f 2082/12/124 2098/12/124 2105/12/124
f 2082/12/124 2105/12/124 2089/12/124
f 1821/12/159 2117/14/159 2139/14/159
f 1821/12/159 2139/14/159 2101/12/159
f 2010/55/157 2115/11/157 2137/11/157
f 2010/55/157 2137/11/157 2112/55/157
f 2136/11/144 2133/11/144 2144/11/144
f 2136/11/144 2144/11/144 2146/11/144
f 2101/12/159 2139/14/159 2132/14/133
f 2101/12/159 2132/14/133 2085/12/133
f 1987/12/124 2191/12/124 2189/12/124
f 2189/12/124 1819/12/124 1990/12/124
f 2189/12/124 1990/12/124 1987/12/124
f 2085/12/133 2132/14/133 2119/14/133
f 2085/12/133 2119/14/133 1827/12/133
f 1925/48/146 1919/42/146 2154/41/146
f 2153/41/163 2164/5/163 1890/4/163
f 2154/41/146 1891/4/146 1925/48/146
f 2183/67/150 2114/11/150 2131/60/150
f 2183/67/150 2131/60/150 2223/68/150
f 1889/4/129 2125/8/129 2127/8/129
f 1889/4/129 2127/8/129 1914/4/129
f 2071/59/124 2220/58/124 2208/40/124
f 2071/59/124 2208/40/124 1950/39/124
f 2027/18/131 2129/14/131 2130/14/131
f 2027/18/131 2130/14/131 2028/18/131
f 2011/18/131 2116/14/131 2129/14/131
f 2011/18/131 2129/14/131 2027/18/131
f 2028/18/131 2130/14/131 2120/14/131
f 2028/18/131 2120/14/131 2015/18/131
f 2097/55/130 2135/11/130 2261/11/130
f 2097/55/130 2261/11/130 2245/55/130
f 2118/11/131 2256/11/131 2262/13/131
f 2262/13/131 1823/12/131 1826/12/131
f 2262/13/131 1826/12/131 2118/11/131
f 2104/63/164 2113/55/164 2142/55/164
f 2104/63/164 2142/55/164 2140/63/164
f 2134/11/158 2096/55/158 2143/55/158
f 2134/11/158 2143/55/158 2145/11/158
f 2113/55/164 2138/11/164 2147/11/164
f 2113/55/164 2147/11/164 2142/55/164
f 1951/39/165 1955/39/165 2149/39/165
f 1951/39/165 2149/39/165 2148/39/165
f 2152/70/166 2169/71/166 2162/5/166
f 2168/71/167 2173/72/167 2160/5/167
f 2172/72/168 2176/73/168 2159/5/168
f 2177/73/169 2180/74/169 2161/5/169
f 2181/74/170 2157/6/170 2163/5/170
f 2194/12/171 2184/67/171 2198/75/171
f 2194/12/171 2198/75/171 2201/76/172
f 2190/12/171 2192/12/171 2194/12/171
f 2207/77/171 2188/78/171 2190/12/171
f 2194/12/171 2201/76/172 2204/79/173
f 2204/79/173 2207/77/171 2190/12/171
f 2204/79/173 2190/12/171 2194/12/171
f 2210/69/174 2155/80/174 2179/81/174
f 2210/69/174 2179/81/174 2219/82/174
f 2218/82/175 2178/81/175 2175/83/175
f 2218/82/175 2175/83/175 2217/84/175
f 2216/84/176 2174/83/177 2171/85/177
f 2216/84/176 2171/85/177 2215/86/176
f 2214/86/178 2170/85/179 2167/87/179
f 2214/86/178 2167/87/179 2213/88/178
f 2212/88/180 2166/87/180 2151/41/180
f 2212/88/180 2151/41/180 2209/40/180
f 2222/68/181 2210/69/174 2219/82/174
f 2222/68/181 2219/82/174 2231/89/181
f 2230/89/175 2218/82/175 2217/84/175
f 2230/89/175 2217/84/175 2229/90/175
f 2228/90/176 2216/84/176 2215/86/176
f 2228/90/176 2215/86/176 2227/91/176
f 2226/91/178 2214/86/178 2213/88/178
f 2226/91/178 2213/88/178 2225/92/178
f 2224/92/180 2212/88/180 2209/40/180
f 2224/92/180 2209/40/180 2221/58/180
f 2182/67/181 2222/68/181 2231/89/181
f 2182/67/181 2231/89/181 2197/75/181
f 2196/75/175 2230/89/175 2229/90/175
f 2196/75/175 2229/90/175 2200/76/175
f 2199/76/176 2228/90/176 2227/91/176
f 2199/76/176 2227/91/176 2203/93/176
f 2202/93/179 2226/91/178 2225/92/178
f 2202/93/179 2225/92/178 2206/94/179
f 2205/94/180 2224/92/180 2221/58/180
f 2205/94/180 2221/58/180 2187/57/180
f 2211/69/134 2122/61/134 2123/62/134
f 2211/69/134 2123/62/134 2156/80/134
f 2257/11/182 2269/11/182 2263/13/182
f 2271/11/183 2273/11/183 2264/13/183
f 2275/11/184 2277/11/184 2265/13/184
f 2279/11/185 2281/11/185 2266/13/185
f 2283/11/186 2259/11/186 2267/13/186
f 2232/63/187 2244/55/187 2249/55/187
f 2232/63/187 2249/55/187 2237/63/187
f 2236/63/188 2248/55/188 2251/55/188
f 2236/63/188 2251/55/188 2239/63/188
f 2238/63/189 2250/55/189 2253/55/189
f 2238/63/189 2253/55/189 2241/63/189
f 2240/63/190 2252/55/190 2255/55/190
f 2240/63/190 2255/55/190 2243/63/190
f 2242/63/191 2254/55/191 2247/55/191
f 2242/63/191 2247/55/191 2235/63/191
f 2244/55/187 2260/11/187 2284/11/187
f 2244/55/187 2284/11/187 2249/55/187
f 2248/55/188 2282/11/188 2280/11/188
f 2248/55/188 2280/11/188 2251/55/188
f 2250/55/189 2278/11/189 2276/11/189
f 2250/55/189 2276/11/189 2253/55/189
f 2252/55/190 2274/11/190 2272/11/190
f 2252/55/190 2272/11/190 2255/55/190
f 2254/55/191 2270/11/191 2258/11/191
f 2254/55/191 2258/11/191 2247/55/191
f 2234/63/131 2246/55/131 2013/55/131
f 2234/63/131 2013/55/131 1846/63/131
f 2337/2/144 2345/2/144 2348/3/144
f 2337/2/144 2348/3/144 2341/3/144
f 2576/6/127 2583/5/192 2336/4/193
f 2336/4/193 2547/8/127 2545/7/127
f 2336/4/193 2545/7/127 2576/6/127
f 2409/9/128 2322/9/128 1848/10/128
f 2409/9/128 1848/10/128 1971/10/128
f 2307/9/129 2314/9/129 1843/10/129
f 2307/9/129 1843/10/129 1831/10/129
f 2510/12/130 2556/11/130 2667/11/130
f 2667/11/130 2674/13/157 2290/12/130
f 2667/11/130 2290/12/130 2510/12/130
f 2428/12/129 2439/12/129 2437/12/129
f 2428/12/129 2437/12/129 2431/12/129
f 2551/14/131 2541/14/131 2295/12/131
f 2551/14/131 2295/12/131 2413/12/131
f 1851/17/132 1849/16/132 2323/15/132
f 2323/15/132 2320/20/132 2382/19/132
f 2366/21/132 2296/12/132 2542/14/132
f 2324/15/132 2383/19/132 2367/21/132
f 2450/18/132 1851/17/132 2323/15/132
f 2366/21/132 2542/14/132 2450/18/132
f 2323/15/132 2366/21/132 2450/18/132
f 2519/18/133 2448/18/133 1847/17/133
f 2519/18/133 1847/17/133 2086/17/133
f 2411/19/144 2381/19/144 2318/20/144
f 2411/19/144 2318/20/144 2414/20/144
f 2458/22/134 2451/25/134 1839/24/134
f 2458/22/134 1839/24/134 1940/23/134
f 2378/26/144 2380/19/144 2315/28/144
f 2378/26/144 2315/28/144 2310/27/144
f 2495/29/194 2498/30/194 2312/27/194
f 2495/29/194 2312/27/194 2308/9/194
f 2305/9/195 2311/27/195 2316/28/195
f 2306/9/196 2317/28/196 2313/9/196
f 2408/9/197 2416/20/197 2319/20/197
f 2408/9/197 2319/20/197 2321/9/197
f 1944/31/139 1835/34/139 2298/33/139
f 1944/31/139 2298/33/139 2385/32/139
f 2299/35/198 2327/38/198 2331/37/198
f 2299/35/198 2331/37/198 2303/36/198
f 2388/39/144 2362/42/144 2569/41/144
f 2388/39/144 2569/41/144 2626/40/144
f 2452/43/127 2454/45/127 2340/2/127
f 2452/43/127 2340/2/127 1842/44/127
f 1840/44/146 2339/2/146 2343/3/146
f 1840/44/146 2343/3/146 1836/46/146
f 1838/46/142 2344/3/142 2328/38/142
f 1838/46/142 2328/38/142 2300/35/142
f 2353/37/143 2356/38/143 2350/3/143
f 2350/3/143 2347/2/143 2456/45/143
f 2549/8/143 2359/4/143 2371/48/143
f 2350/3/143 2456/45/143 2549/8/143
f 2377/47/143 2353/37/143 2350/3/143
f 2549/8/143 2371/48/143 2377/47/143
f 2350/3/143 2549/8/143 2377/47/143
f 2368/48/124 2370/48/124 2357/4/124
f 2368/48/124 2357/4/124 2333/4/124
f 2325/38/199 2354/38/199 2352/37/199
f 2325/38/199 2352/37/199 2330/37/199
f 2453/45/129 2455/45/129 2346/2/129
f 2453/45/129 2346/2/129 2338/2/129
f 2342/3/131 2349/3/131 2355/38/131
f 2342/3/131 2355/38/131 2326/38/131
f 2374/47/124 2376/47/124 2370/48/124
f 2374/47/124 2370/48/124 2368/48/124
f 2373/49/141 2375/47/141 2369/48/141
f 2373/49/141 2369/48/141 2363/42/141
f 2611/12/144 2522/12/144 2526/12/144
f 2526/12/144 2421/12/144 2609/12/144
f 2526/12/144 2609/12/144 2611/12/144
f 2412/12/144 2294/12/144 2365/21/144
f 2412/12/144 2365/21/144 2410/21/144
f 2391/50/144 2372/49/144 2362/42/144
f 2391/50/144 2362/42/144 2388/39/144
f 2386/51/144 2301/36/144 2372/49/144
f 2386/51/144 2372/49/144 2391/50/144
f 2304/36/141 2332/37/141 2375/47/141
f 2304/36/141 2375/47/141 2373/49/141
f 2329/37/124 2351/37/124 2376/47/124
f 2329/37/124 2376/47/124 2374/47/124
f 2497/30/144 2386/51/144 2391/50/144
f 2497/30/144 2391/50/144 2500/52/144
f 2389/39/124 2393/39/124 2395/50/124
f 2389/39/124 2395/50/124 2392/50/124
f 2068/53/139 1944/31/139 2385/32/139
f 2068/53/139 2385/32/139 2496/29/139
f 2297/33/194 2302/36/194 2387/51/194
f 2297/33/194 2387/51/194 2384/32/194
f 2501/54/144 2503/54/144 2463/55/144
s 0
f 2501/54/144 2464/55/124 2441/55/144
s 1
f 2379/26/124 2396/26/124 2397/56/124
f 2379/26/124 2397/56/124 2361/56/124
f 2285/12/144 2398/12/144 2404/21/144
f 2285/12/144 2404/21/144 2364/21/144
f 2313/9/196 2317/28/196 2403/28/196
f 2313/9/196 2403/28/196 2400/9/196
f 2380/19/144 2405/19/144 2402/28/144
f 2380/19/144 2402/28/144 2315/28/144
f 2537/14/131 2550/14/131 2399/12/131
f 2537/14/131 2399/12/131 2286/12/131
f 2314/9/129 2401/9/129 1962/10/129
f 2314/9/129 1962/10/129 1843/10/129
f 2398/12/144 2412/12/144 2410/21/144
f 2398/12/144 2410/21/144 2404/21/144
f 2400/9/196 2403/28/196 2415/20/196
f 2400/9/196 2415/20/196 2406/9/196
f 2405/19/144 2411/19/144 2414/20/144
f 2405/19/144 2414/20/144 2402/28/144
f 2550/14/131 2551/14/131 2413/12/131
f 2550/14/131 2413/12/131 2399/12/131
f 2401/9/129 2407/9/129 1970/10/129
f 2401/9/129 1970/10/129 1962/10/129
f 2417/21/144 2420/21/144 2419/19/144
f 2417/21/144 2419/19/144 2418/19/144
f 2604/57/144 2607/12/144 2285/12/144
f 2285/12/144 2364/21/144 2360/56/144
f 2285/12/144 2360/56/144 2604/57/144
f 2511/12/144 2515/12/144 2427/12/144
f 2511/12/144 2427/12/144 2291/12/144
f 2291/12/144 2427/12/144 2430/12/144
f 2291/12/144 2430/12/144 2288/12/144
f 2360/56/144 2499/59/144 2638/58/144
f 2360/56/144 2638/58/144 2604/57/144
f 2527/12/147 2530/12/147 2434/12/147
f 2527/12/147 2434/12/147 2423/12/148
f 2516/12/149 2518/12/149 2440/12/149
f 2516/12/149 2440/12/149 2429/12/149
f 2422/12/131 2433/12/131 2435/12/131
f 2422/12/131 2435/12/131 2425/12/131
f 1961/17/131 1969/17/131 2462/18/131
f 1961/17/131 2462/18/131 2461/18/131
f 1844/17/131 1961/17/131 2461/18/131
f 1844/17/131 2461/18/131 2445/18/131
f 2552/60/150 2543/61/134 2458/22/134
f 2552/60/150 2458/22/134 2502/54/134
f 2546/8/129 2548/8/129 2455/45/129
f 2546/8/129 2455/45/129 2453/45/129
f 2545/7/127 2547/8/127 2454/45/127
f 2545/7/127 2454/45/127 2452/43/127
f 2543/61/134 2544/62/134 2451/25/134
f 2543/61/134 2451/25/134 2458/22/134
f 2553/14/133 2540/14/133 2448/18/133
f 2553/14/133 2448/18/133 2519/18/133
f 1969/17/131 1850/17/131 2449/18/131
f 1969/17/131 2449/18/131 2462/18/131
f 2088/63/130 2233/63/130 2651/55/130
f 2088/63/130 2651/55/130 2521/55/130
f 2652/55/131 2447/55/131 2539/11/131
f 2652/55/131 2539/11/131 2662/11/131
f 2504/54/151 2468/22/151 2031/23/151
f 2504/54/151 2031/23/151 2075/64/151
s 0
f 2442/55/152 2465/55/152 2029/63/152
f 2442/55/152 2029/63/152 1833/63/152
s 1
f 2475/65/124 2491/65/124 2493/65/124
f 2475/65/124 2493/65/124 2479/65/124
f 1943/23/153 2474/66/153 2478/65/153
f 1943/23/153 2478/65/153 2460/22/153
f 2459/22/156 2477/65/156 2481/65/156
f 2459/22/156 2481/65/156 2469/22/156
f 2470/22/155 2482/65/155 2486/66/155
f 2470/22/155 2486/66/155 2034/23/155
f 2032/23/154 2485/66/154 2473/66/154
f 2032/23/154 2473/66/154 1941/23/154
f 2483/66/144 2487/66/144 2489/66/144
f 2483/66/144 2489/66/144 2471/66/144
f 2480/65/129 2494/65/129 2488/66/129
f 2480/65/129 2488/66/129 2484/66/129
f 2472/66/131 2490/66/131 2492/65/131
f 2472/66/131 2492/65/131 2476/65/131
f 2466/55/151 2504/54/151 2075/64/151
f 2466/55/151 2075/64/151 2030/63/151
f 2535/11/150 2552/60/150 2502/54/134
f 2535/11/150 2502/54/134 2443/55/150
f 2603/67/157 2536/11/157 2558/11/157
f 2558/11/157 2523/12/157 2613/12/157
f 2558/11/157 2613/12/157 2603/67/157
f 2457/22/144 2467/22/144 2503/54/144
f 2457/22/144 2503/54/144 2501/54/144
f 1832/10/139 2068/53/139 2496/29/139
f 1832/10/139 2496/29/139 2309/9/139
f 2310/27/144 2497/30/144 2500/52/144
f 2310/27/144 2500/52/144 2378/26/144
f 2384/32/194 2387/51/194 2498/30/194
f 2384/32/194 2498/30/194 2495/29/194
f 2506/59/124 2508/59/124 2507/56/124
f 2506/59/124 2507/56/124 2505/56/124
f 2520/55/158 2562/55/158 2141/63/158
f 2520/55/158 2141/63/158 2087/63/158
f 2560/14/159 2553/14/133 2519/18/133
f 2560/14/159 2519/18/133 2532/18/159
f 2529/12/160 2531/12/160 2518/12/149
f 2529/12/160 2518/12/149 2516/12/149
f 2432/12/161 2438/12/161 2517/12/147
f 2432/12/161 2517/12/147 2514/12/147
f 2288/12/144 2430/12/144 2513/12/144
f 2288/12/144 2513/12/144 2509/12/144
f 2524/12/144 2528/12/144 2515/12/144
f 2524/12/144 2515/12/144 2511/12/144
f 2532/18/159 2519/18/133 2086/17/133
f 2532/18/159 2086/17/133 2102/17/159
f 2558/11/157 2556/11/130 2510/12/130
f 2558/11/157 2510/12/130 2523/12/157
f 2641/68/150 2629/69/134 2543/61/134
f 2641/68/150 2543/61/134 2552/60/150
f 2446/18/159 2532/18/159 2102/17/159
f 2446/18/159 2102/17/159 1845/17/159
f 2285/12/144 2424/12/144 2528/12/144
f 2285/12/144 2528/12/144 2524/12/144
f 2426/12/162 2436/12/160 2531/12/160
f 2426/12/162 2531/12/160 2529/12/160
f 2538/14/159 2560/14/159 2532/18/159
f 2538/14/159 2532/18/159 2446/18/159
f 1834/63/157 2103/63/157 2533/55/157
f 1834/63/157 2533/55/157 2444/55/157
f 2514/12/147 2517/12/147 2530/12/147
f 2514/12/147 2530/12/147 2527/12/147
f 2509/12/144 2513/12/144 2526/12/144
f 2509/12/144 2526/12/144 2522/12/144
f 2287/12/159 2525/12/159 2560/14/159
f 2287/12/159 2560/14/159 2538/14/159
f 2444/55/157 2533/55/157 2558/11/157
f 2444/55/157 2558/11/157 2536/11/157
f 2557/11/124 2565/11/124 2563/11/124
f 2557/11/124 2563/11/124 2554/11/124
f 2525/12/159 2512/12/133 2553/14/133
f 2525/12/159 2553/14/133 2560/14/159
f 2607/12/144 2609/12/144 2421/12/144
f 2421/12/144 2424/12/144 2285/12/144
f 2421/12/144 2285/12/144 2607/12/144
f 2512/12/133 2293/12/133 2540/14/133
f 2512/12/133 2540/14/133 2553/14/133
f 2572/41/141 2363/42/141 2369/48/141
f 2369/48/141 2335/4/200 2582/5/141
f 2369/48/141 2582/5/141 2572/41/141
f 2601/67/150 2641/68/150 2552/60/150
f 2601/67/150 2552/60/150 2535/11/150
f 2334/4/129 2358/4/129 2548/8/129
f 2334/4/129 2548/8/129 2546/8/129
f 2499/59/144 2388/39/144 2626/40/144
f 2499/59/144 2626/40/144 2638/58/144
f 2461/18/131 2462/18/131 2551/14/131
f 2461/18/131 2551/14/131 2550/14/131
f 2445/18/131 2461/18/131 2550/14/131
f 2445/18/131 2550/14/131 2537/14/131
f 2462/18/131 2449/18/131 2541/14/131
f 2462/18/131 2541/14/131 2551/14/131
f 2521/55/130 2651/55/130 2667/11/130
f 2521/55/130 2667/11/130 2556/11/130
f 2668/13/131 2662/11/131 2539/11/131
f 2539/11/131 2292/12/131 2289/12/131
f 2539/11/131 2289/12/131 2668/13/131
f 2104/63/164 2140/63/164 2561/55/164
f 2104/63/164 2561/55/164 2534/55/164
f 2555/11/158 2564/11/158 2562/55/158
f 2555/11/158 2562/55/158 2520/55/158
f 2534/55/164 2561/55/164 2566/11/164
f 2534/55/164 2566/11/164 2559/11/164
f 2390/39/201 2567/39/201 2568/39/201
f 2390/39/201 2568/39/201 2394/39/201
f 2571/70/202 2580/5/202 2587/71/202
f 2586/71/203 2578/5/203 2591/72/203
f 2590/72/204 2577/5/204 2594/73/204
f 2595/73/205 2579/5/205 2598/74/205
f 2599/74/206 2581/5/206 2575/6/206
f 2616/75/207 2602/67/207 2612/12/208
f 2612/12/208 2610/12/207 2608/12/207
f 2608/12/207 2606/78/207 2625/77/207
f 2608/12/207 2625/77/207 2622/79/207
f 2616/75/207 2612/12/208 2608/12/207
f 2608/12/207 2622/79/207 2619/76/207
f 2608/12/207 2619/76/207 2616/75/207
f 2628/69/209 2637/82/209 2597/81/209
f 2628/69/209 2597/81/209 2573/80/209
f 2636/82/210 2635/84/210 2593/83/210
f 2636/82/210 2593/83/210 2596/81/210
f 2634/84/211 2633/86/211 2589/85/212
f 2634/84/211 2589/85/212 2592/83/212
f 2632/86/213 2631/88/213 2585/87/214
f 2632/86/213 2585/87/214 2588/85/214
f 2630/88/215 2627/40/215 2570/41/215
f 2630/88/215 2570/41/215 2584/87/215
f 2640/68/216 2649/89/216 2637/82/209
f 2640/68/216 2637/82/209 2628/69/209
f 2648/89/210 2647/90/210 2635/84/210
f 2648/89/210 2635/84/210 2636/82/210
f 2646/90/211 2645/91/211 2633/86/211
f 2646/90/211 2633/86/211 2634/84/211
f 2644/91/213 2643/92/213 2631/88/213
f 2644/91/213 2631/88/213 2632/86/213
f 2642/92/215 2639/58/215 2627/40/215
f 2642/92/215 2627/40/215 2630/88/215
f 2600/67/216 2615/75/216 2649/89/216
f 2600/67/216 2649/89/216 2640/68/216
f 2614/75/210 2618/76/210 2647/90/210
f 2614/75/210 2647/90/210 2648/89/210
f 2617/76/211 2621/93/211 2645/91/211
f 2617/76/211 2645/91/211 2646/90/211
f 2620/93/214 2624/94/214 2643/92/213
f 2620/93/214 2643/92/213 2644/91/213
f 2623/94/215 2605/57/215 2639/58/215
f 2623/94/215 2639/58/215 2642/92/215
f 2629/69/134 2574/80/134 2544/62/134
f 2629/69/134 2544/62/134 2543/61/134
f 2663/11/217 2669/13/217 2675/11/217
f 2677/11/218 2670/13/218 2679/11/218
f 2681/11/219 2671/13/219 2683/11/219
f 2685/11/220 2672/13/220 2687/11/220
f 2689/11/221 2673/13/221 2665/11/221
f 2232/63/187 2237/63/187 2655/55/187
f 2232/63/187 2655/55/187 2650/55/187
f 2236/63/188 2239/63/188 2657/55/188
f 2236/63/188 2657/55/188 2654/55/188
f 2238/63/189 2241/63/189 2659/55/189
f 2238/63/189 2659/55/189 2656/55/189
f 2240/63/190 2243/63/190 2661/55/190
f 2240/63/190 2661/55/190 2658/55/190
f 2242/63/191 2235/63/191 2653/55/191
f 2242/63/191 2653/55/191 2660/55/191
f 2650/55/187 2655/55/187 2690/11/187
f 2650/55/187 2690/11/187 2666/11/187
f 2654/55/188 2657/55/188 2686/11/188
f 2654/55/188 2686/11/188 2688/11/188
f 2656/55/189 2659/55/189 2682/11/189
f 2656/55/189 2682/11/189 2684/11/189
f 2658/55/190 2661/55/190 2678/11/190
f 2658/55/190 2678/11/190 2680/11/190
f 2660/55/191 2653/55/191 2664/11/191
f 2660/55/191 2664/11/191 2676/11/191
f 2234/63/131 1846/63/131 2447/55/131
f 2234/63/131 2447/55/131 2652/55/131
usemtl Black.001
f 2691/56/124 2696/26/124 2697/19/124
f 2691/56/124 2697/19/124 2694/21/124
f 2707/21/124 2708/19/124 2698/19/124
f 2707/21/124 2698/19/124 2695/21/124
f 2818/39/222 2821/39/222 2841/39/222
f 2818/39/222 2841/39/222 2837/39/222
f 2694/21/124 2697/19/124 2706/19/124
f 2694/21/124 2706/19/124 2705/21/124
f 2710/66/143 2711/65/143 2712/65/143
f 2710/66/143 2712/65/143 2709/66/143
f 2794/59/223 2791/59/223 2733/59/223
f 2794/59/223 2733/59/223 2726/59/223
f 2703/39/224 2700/39/224 2832/39/224
f 2703/39/224 2832/39/224 2827/39/224
f 2727/59/225 2734/59/225 2750/59/225
f 2727/59/225 2750/59/225 2742/59/225
f 2792/59/226 2807/56/226 2729/56/226
f 2792/59/226 2729/56/226 2735/59/226
f 2809/56/227 2793/59/227 2725/59/227
f 2809/56/227 2725/59/227 2721/56/227
f 2808/56/228 2810/56/228 2723/56/228
f 2808/56/228 2723/56/228 2731/56/228
f 2743/59/229 2751/59/229 2764/59/229
f 2743/59/229 2764/59/229 2758/59/229
f 2722/56/230 2728/59/230 2744/59/230
f 2722/56/230 2744/59/230 2738/56/230
f 2736/59/231 2730/56/231 2746/56/231
f 2736/59/231 2746/56/231 2752/59/231
f 2732/56/232 2724/56/232 2740/56/232
f 2732/56/232 2740/56/232 2748/56/232
f 2763/59/233 2760/56/233 2771/56/233
f 2763/59/233 2771/56/233 2773/59/233
f 2737/56/144 2741/59/144 2756/59/144
f 2737/56/144 2756/59/144 2753/56/144
f 2749/59/124 2745/56/124 2759/56/124
f 2749/59/124 2759/56/124 2762/59/124
f 2747/56/234 2739/56/234 2755/56/234
f 2747/56/234 2755/56/234 2761/56/234
f 2765/56/124 2768/59/124 2778/59/124
f 2765/56/124 2778/59/124 2775/56/124
f 2760/56/233 2754/56/233 2766/56/233
f 2760/56/233 2766/56/233 2771/56/233
f 2757/59/233 2763/59/233 2773/59/233
f 2757/59/233 2773/59/233 2769/59/233
f 2754/56/233 2757/59/233 2769/59/233
f 2754/56/233 2769/59/233 2766/56/233
f 2776/56/233 2779/59/233 2783/59/233
f 2776/56/233 2783/59/233 2781/56/233
f 2772/56/235 2767/56/235 2777/56/235
f 2772/56/235 2777/56/235 2782/56/235
f 2770/59/234 2774/59/234 2784/59/234
f 2770/59/234 2784/59/234 2780/59/234
f 2717/56/228 2693/56/228 2816/56/228
f 2717/56/228 2816/56/228 2802/56/228
f 2802/56/228 2816/56/228 2814/56/228
f 2802/56/228 2814/56/228 2804/56/228
f 2804/56/228 2814/56/228 2812/56/228
f 2804/56/228 2812/56/228 2806/56/228
f 2806/56/228 2812/56/228 2810/56/228
f 2806/56/228 2810/56/228 2808/56/228
f 2692/56/227 2713/59/227 2799/59/227
f 2692/56/227 2799/59/227 2815/56/227
f 2815/56/227 2799/59/227 2797/59/227
f 2815/56/227 2797/59/227 2813/56/227
f 2813/56/227 2797/59/227 2795/59/227
f 2813/56/227 2795/59/227 2811/56/227
f 2811/56/227 2795/59/227 2793/59/227
f 2811/56/227 2793/59/227 2809/56/227
f 2720/59/226 2716/56/226 2801/56/226
f 2720/59/226 2801/56/226 2786/59/226
f 2786/59/226 2801/56/226 2803/56/226
f 2786/59/226 2803/56/226 2788/59/226
f 2788/59/226 2803/56/226 2805/56/226
f 2788/59/226 2805/56/226 2790/59/226
f 2790/59/226 2805/56/226 2807/56/226
f 2790/59/226 2807/56/226 2792/59/226
f 2714/59/223 2719/59/223 2785/59/223
f 2714/59/223 2785/59/223 2800/59/223
f 2800/59/223 2785/59/223 2787/59/223
f 2800/59/223 2787/59/223 2798/59/223
f 2798/59/223 2787/59/223 2789/59/223
f 2798/59/223 2789/59/223 2796/59/223
f 2796/59/223 2789/59/223 2791/59/223
f 2796/59/223 2791/59/223 2794/59/223
f 2718/39/236 2704/39/236 2828/39/236
f 2718/39/236 2828/39/236 2822/39/236
f 2701/39/237 2715/39/237 2817/39/237
f 2701/39/237 2817/39/237 2833/39/237
f 2702/39/236 2718/39/236 2822/39/236
f 2702/39/236 2822/39/236 2824/39/236
f 2715/39/237 2699/39/237 2819/39/237
f 2715/39/237 2819/39/237 2817/39/237
f 2843/39/238 2851/39/238 2864/39/238
f 2843/39/238 2864/39/238 2860/39/238
f 2835/39/222 2818/39/222 2837/39/222
f 2835/39/222 2837/39/222 2856/39/222
f 2820/39/239 2826/39/239 2846/39/239
f 2820/39/239 2846/39/239 2840/39/239
f 2823/39/240 2829/39/240 2849/39/240
f 2823/39/240 2849/39/240 2842/39/240
f 2831/39/241 2834/39/241 2855/39/241
f 2830/39/242 2854/39/242 2850/39/242
f 2825/39/240 2823/39/240 2842/39/240
f 2825/39/240 2842/39/240 2845/39/240
f 2848/39/144 2852/39/144 2865/39/144
f 2848/39/144 2865/39/144 2863/39/144
f 2847/39/238 2843/39/238 2860/39/238
f 2847/39/238 2860/39/238 2862/39/238
f 2853/39/243 2836/39/243 2857/39/243
f 2853/39/243 2857/39/243 2866/39/243
f 2838/39/124 2844/39/124 2861/39/124
f 2838/39/124 2861/39/124 2858/39/124
f 2836/39/243 2839/39/243 2859/39/243
f 2836/39/243 2859/39/243 2857/39/243
f 2867/56/144 2870/21/144 2873/19/144
f 2867/56/144 2873/19/144 2872/26/144
f 2883/21/144 2871/21/144 2874/19/144
f 2883/21/144 2874/19/144 2884/19/144
f 2994/39/222 3013/39/222 3017/39/222
f 2994/39/222 3017/39/222 2997/39/222
f 2870/21/144 2881/21/144 2882/19/144
f 2870/21/144 2882/19/144 2873/19/144
f 2886/66/143 2885/66/143 2888/65/143
f 2886/66/143 2888/65/143 2887/65/143
f 2970/59/223 2902/59/223 2909/59/223
f 2970/59/223 2909/59/223 2967/59/223
f 2879/39/244 3003/39/244 3008/39/244
f 2879/39/244 3008/39/244 2876/39/244
f 2903/59/225 2918/59/225 2926/59/225
f 2903/59/225 2926/59/225 2910/59/225
f 2968/59/245 2911/59/245 2905/56/245
f 2968/59/245 2905/56/245 2983/56/245
f 2985/56/246 2897/56/246 2901/59/246
f 2985/56/246 2901/59/246 2969/59/246
f 2984/56/228 2907/56/228 2899/56/228
f 2984/56/228 2899/56/228 2986/56/228
f 2919/59/229 2934/59/229 2940/59/229
f 2919/59/229 2940/59/229 2927/59/229
f 2898/56/231 2914/56/231 2920/59/231
f 2898/56/231 2920/59/231 2904/59/231
f 2912/59/230 2928/59/230 2922/56/230
f 2912/59/230 2922/56/230 2906/56/230
f 2908/56/232 2924/56/232 2916/56/232
f 2908/56/232 2916/56/232 2900/56/232
f 2939/59/233 2949/59/233 2947/56/233
f 2939/59/233 2947/56/233 2936/56/233
f 2913/56/124 2929/56/124 2932/59/124
f 2913/56/124 2932/59/124 2917/59/124
f 2925/59/144 2938/59/144 2935/56/144
f 2925/59/144 2935/56/144 2921/56/144
f 2923/56/234 2937/56/234 2931/56/234
f 2923/56/234 2931/56/234 2915/56/234
f 2941/56/144 2951/56/144 2954/59/144
f 2941/56/144 2954/59/144 2944/59/144
f 2936/56/233 2947/56/233 2942/56/233
f 2936/56/233 2942/56/233 2930/56/233
f 2933/59/233 2945/59/233 2949/59/233
f 2933/59/233 2949/59/233 2939/59/233
f 2930/56/233 2942/56/233 2945/59/233
f 2930/56/233 2945/59/233 2933/59/233
f 2952/56/233 2957/56/233 2959/59/233
f 2952/56/233 2959/59/233 2955/59/233
f 2948/56/235 2958/56/235 2953/56/235
f 2948/56/235 2953/56/235 2943/56/235
f 2946/59/234 2956/59/234 2960/59/234
f 2946/59/234 2960/59/234 2950/59/234
f 2893/56/228 2978/56/228 2992/56/228
f 2893/56/228 2992/56/228 2869/56/228
f 2978/56/228 2980/56/228 2990/56/228
f 2978/56/228 2990/56/228 2992/56/228
f 2980/56/228 2982/56/228 2988/56/228
f 2980/56/228 2988/56/228 2990/56/228
f 2982/56/228 2984/56/228 2986/56/228
f 2982/56/228 2986/56/228 2988/56/228
f 2868/56/246 2991/56/246 2975/59/246
f 2868/56/246 2975/59/246 2889/59/246
f 2991/56/246 2989/56/246 2973/59/246
f 2991/56/246 2973/59/246 2975/59/246
f 2989/56/246 2987/56/246 2971/59/246
f 2989/56/246 2971/59/246 2973/59/246
f 2987/56/246 2985/56/246 2969/59/246
f 2987/56/246 2969/59/246 2971/59/246
f 2896/59/245 2962/59/245 2977/56/245
f 2896/59/245 2977/56/245 2892/56/245
f 2962/59/245 2964/59/245 2979/56/245
f 2962/59/245 2979/56/245 2977/56/245
f 2964/59/245 2966/59/245 2981/56/245
f 2964/59/245 2981/56/245 2979/56/245
f 2966/59/245 2968/59/245 2983/56/245
f 2966/59/245 2983/56/245 2981/56/245
f 2890/59/223 2976/59/223 2961/59/223
f 2890/59/223 2961/59/223 2895/59/223
f 2976/59/223 2974/59/223 2963/59/223
f 2976/59/223 2963/59/223 2961/59/223
f 2974/59/223 2972/59/223 2965/59/223
f 2974/59/223 2965/59/223 2963/59/223
f 2972/59/223 2970/59/223 2967/59/223
f 2972/59/223 2967/59/223 2965/59/223
f 2894/39/236 2998/39/236 3004/39/236
f 2894/39/236 3004/39/236 2880/39/236
f 2877/39/237 3009/39/237 2993/39/237
f 2877/39/237 2993/39/237 2891/39/237
f 2878/39/236 3000/39/236 2998/39/236
f 2878/39/236 2998/39/236 2894/39/236
f 2891/39/237 2993/39/237 2995/39/237
f 2891/39/237 2995/39/237 2875/39/237
f 3019/39/238 3036/39/238 3040/39/238
f 3019/39/238 3040/39/238 3027/39/238
f 3011/39/222 3032/39/222 3013/39/222
f 3011/39/222 3013/39/222 2994/39/222
f 2996/39/247 3016/39/247 3022/39/247
f 2996/39/247 3022/39/247 3002/39/247
f 2999/39/240 3018/39/240 3025/39/240
f 2999/39/240 3025/39/240 3005/39/240
f 3006/39/248 3026/39/248 3030/39/248
f 3007/39/249 3031/39/249 3010/39/249
f 3001/39/240 3021/39/240 3018/39/240
f 3001/39/240 3018/39/240 2999/39/240
f 3024/39/124 3039/39/124 3041/39/124
f 3024/39/124 3041/39/124 3028/39/124
f 3023/39/238 3038/39/238 3036/39/238
f 3023/39/238 3036/39/238 3019/39/238
f 3029/39/243 3042/39/243 3033/39/243
f 3029/39/243 3033/39/243 3012/39/243
f 3014/39/144 3034/39/144 3037/39/144
f 3014/39/144 3037/39/144 3020/39/144
f 3012/39/243 3033/39/243 3035/39/243
f 3012/39/243 3035/39/243 3015/39/243
usemtl Material.016
f 3047/12/124 3048/12/124 3046/12/124
f 3047/12/124 3046/12/124 3045/12/124
f 3049/12/124 3050/12/124 3048/12/124
f 3049/12/124 3048/12/124 3047/12/124
f 3043/12/124 3044/12/124 3050/12/124
f 3043/12/124 3050/12/124 3049/12/124
f 3051/63/157 3053/55/157 3054/55/157
f 3051/63/157 3054/55/157 3052/63/157
f 3053/55/157 3056/11/157 3055/11/157
f 3053/55/157 3055/11/157 3054/55/157
f 3061/12/144 3059/12/144 3060/12/144
f 3061/12/144 3060/12/144 3062/12/144
f 3063/12/144 3061/12/144 3062/12/144
f 3063/12/144 3062/12/144 3064/12/144
f 3057/12/144 3063/12/144 3064/12/144
f 3057/12/144 3064/12/144 3058/12/144
f 3051/63/157 3052/63/157 3066/55/157
f 3051/63/157 3066/55/157 3065/55/157
f 3065/55/157 3066/55/157 3067/11/157
f 3065/55/157 3067/11/157 3068/11/157
usemtl Guards.001
f 3155/52/124 3152/59/124 3081/39/124
f 3155/52/124 3081/39/124 3083/50/124
f 3173/52/250 3161/26/250 3077/26/250
f 3173/52/250 3077/26/250 3156/52/250
f 3160/26/251 3070/26/251 3094/26/251
f 3160/26/251 3094/26/251 3167/26/251
f 3171/59/252 3159/39/252 3082/39/252
f 3171/59/252 3082/39/252 3153/59/252
f 3166/39/253 3164/50/253 3092/50/253
f 3166/39/253 3092/50/253 3090/39/253
f 3158/50/254 3085/50/254 3093/50/254
f 3158/50/254 3093/50/254 3165/50/254
f 3083/50/124 3081/39/124 3089/39/124
f 3083/50/124 3089/39/124 3091/50/124
f 3168/26/132 3170/56/132 3103/56/132
f 3168/26/132 3103/56/132 3100/26/132
f 3078/56/124 3075/26/124 3098/26/124
f 3078/56/124 3098/26/124 3101/56/124
f 3163/56/255 3080/56/255 3102/56/255
f 3163/56/255 3102/56/255 3169/56/255
f 3108/19/129 3114/19/129 3126/19/129
f 3108/19/129 3126/19/129 3117/19/129
f 3119/21/124 3116/19/124 3125/19/124
f 3119/21/124 3125/19/124 3122/21/124
f 3112/21/256 3124/21/256 3148/21/256
f 3112/21/256 3148/21/256 3144/21/256
f 3116/19/124 3119/21/124 3137/21/124
f 3116/19/124 3137/21/124 3134/19/124
f 3111/21/131 3105/21/131 3120/21/131
f 3111/21/131 3120/21/131 3123/21/131
f 3133/21/143 3129/19/143 3135/19/143
f 3133/21/143 3135/19/143 3139/21/143
f 3121/21/257 3106/21/257 3132/21/257
f 3121/21/257 3132/21/257 3138/21/257
f 3109/19/258 3118/19/258 3136/19/258
f 3109/19/258 3136/19/258 3130/19/258
f 3104/21/144 3107/19/144 3128/19/144
f 3104/21/144 3128/19/144 3131/21/144
f 3142/19/132 3145/21/132 3149/21/132
f 3142/19/132 3149/21/132 3147/19/132
f 3127/19/259 3115/19/259 3141/19/259
f 3127/19/259 3141/19/259 3146/19/259
f 3113/19/144 3110/21/144 3143/21/144
f 3113/19/144 3143/21/144 3140/19/144
f 3162/56/233 3172/59/233 3154/59/233
f 3162/56/233 3154/59/233 3079/56/233
f 3157/50/250 3173/52/250 3156/52/250
f 3157/50/250 3156/52/250 3084/50/250
f 3075/26/124 3078/56/124 3152/59/124
f 3075/26/124 3152/59/124 3155/52/124
f 3073/50/250 3151/52/250 3173/52/250
f 3073/50/250 3173/52/250 3157/50/250
f 3069/56/255 3163/56/255 3169/56/255
f 3069/56/255 3169/56/255 3096/56/255
f 3095/26/132 3097/56/132 3170/56/132
f 3095/26/132 3170/56/132 3168/26/132
f 3074/50/254 3158/50/254 3165/50/254
f 3074/50/254 3165/50/254 3088/50/254
f 3086/39/253 3087/50/253 3164/50/253
f 3086/39/253 3164/50/253 3166/39/253
f 3150/59/252 3072/39/252 3159/39/252
f 3150/59/252 3159/39/252 3171/59/252
f 3076/26/251 3160/26/251 3167/26/251
f 3076/26/251 3167/26/251 3099/26/251
f 3151/52/250 3071/26/250 3161/26/250
f 3151/52/250 3161/26/250 3173/52/250
f 3260/52/144 3188/50/144 3186/39/144
f 3260/52/144 3186/39/144 3257/59/144
f 3278/52/250 3261/52/250 3182/26/250
f 3278/52/250 3182/26/250 3266/26/250
f 3265/26/251 3272/26/251 3199/26/251
f 3265/26/251 3199/26/251 3175/26/251
f 3276/59/252 3258/59/252 3187/39/252
f 3276/59/252 3187/39/252 3264/39/252
f 3271/39/253 3195/39/253 3197/50/253
f 3271/39/253 3197/50/253 3269/50/253
f 3263/50/254 3270/50/254 3198/50/254
f 3263/50/254 3198/50/254 3190/50/254
f 3188/50/144 3196/50/144 3194/39/144
f 3188/50/144 3194/39/144 3186/39/144
f 3273/26/132 3205/26/132 3208/56/132
f 3273/26/132 3208/56/132 3275/56/132
f 3183/56/144 3206/56/144 3203/26/144
f 3183/56/144 3203/26/144 3180/26/144
f 3268/56/255 3274/56/255 3207/56/255
f 3268/56/255 3207/56/255 3185/56/255
f 3213/19/129 3222/19/129 3231/19/129
f 3213/19/129 3231/19/129 3219/19/129
f 3224/21/144 3227/21/144 3230/19/144
f 3224/21/144 3230/19/144 3221/19/144
f 3217/21/256 3249/21/256 3253/21/256
f 3217/21/256 3253/21/256 3229/21/256
f 3221/19/144 3239/19/144 3242/21/144
f 3221/19/144 3242/21/144 3224/21/144
f 3216/21/131 3228/21/131 3225/21/131
f 3216/21/131 3225/21/131 3210/21/131
f 3238/21/143 3244/21/143 3240/19/143
f 3238/21/143 3240/19/143 3234/19/143
f 3226/21/257 3243/21/257 3237/21/257
f 3226/21/257 3237/21/257 3211/21/257
f 3214/19/258 3235/19/258 3241/19/258
f 3214/19/258 3241/19/258 3223/19/258
f 3209/21/124 3236/21/124 3233/19/124
f 3209/21/124 3233/19/124 3212/19/124
f 3247/19/132 3252/19/132 3254/21/132
f 3247/19/132 3254/21/132 3250/21/132
f 3232/19/259 3251/19/259 3246/19/259
f 3232/19/259 3246/19/259 3220/19/259
f 3218/19/124 3245/19/124 3248/21/124
f 3218/19/124 3248/21/124 3215/21/124
f 3267/56/233 3184/56/233 3259/59/233
f 3267/56/233 3259/59/233 3277/59/233
f 3262/50/250 3189/50/250 3261/52/250
f 3262/50/250 3261/52/250 3278/52/250
f 3180/26/144 3260/52/144 3257/59/144
f 3180/26/144 3257/59/144 3183/56/144
f 3178/50/250 3262/50/250 3278/52/250
f 3178/50/250 3278/52/250 3256/52/250
f 3174/56/255 3201/56/255 3274/56/255
f 3174/56/255 3274/56/255 3268/56/255
f 3200/26/132 3273/26/132 3275/56/132
f 3200/26/132 3275/56/132 3202/56/132
f 3179/50/254 3193/50/254 3270/50/254
f 3179/50/254 3270/50/254 3263/50/254
f 3191/39/253 3271/39/253 3269/50/253
f 3191/39/253 3269/50/253 3192/50/253
f 3255/59/252 3276/59/252 3264/39/252
f 3255/59/252 3264/39/252 3177/39/252
f 3181/26/251 3204/26/251 3272/26/251
f 3181/26/251 3272/26/251 3265/26/251
f 3256/52/250 3278/52/250 3266/26/250
f 3256/52/250 3266/26/250 3176/26/250
usemtl Material.017
f 3279/39/260 3280/39/260 3282/39/260
f 3281/39/260 3283/39/260 3284/39/260
f 3279/39/260 3282/39/260 3281/39/260
f 3279/39/260 3281/39/260 3284/39/260
f 3285/39/260 3290/39/260 3289/39/260
f 3287/39/260 3288/39/260 3286/39/260
f 3285/39/260 3289/39/260 3287/39/260
f 3285/39/260 3287/39/260 3286/39/260
o Cube.002
v -0.121007 0.308514 -0.520326
v -0.121007 0.308514 -0.520326
v -0.121007 0.308514 -0.520326
v -0.534870 0.308514 -0.520326
v -0.534870 0.308514 -0.520326
v -0.534870 0.308514 -0.520326
v -0.534870 0.308514 -0.520326
v -0.673876 -0.334962 0.000000
v -0.673876 -0.334962 0.000000
v -0.121007 0.308514 -0.000000
v -0.121007 0.308514 -0.000000
v -0.534870 0.308514 -0.000000
v -0.534870 0.308514 -0.000000
v -2.266425 -0.334962 0.000000
v -2.266425 -0.334962 0.000000
v -2.266425 0.806949 -0.000000
v -2.266425 0.806949 -0.000000
v -0.534870 0.608936 -0.520326
v -0.534870 0.608936 -0.520326
v -0.534870 0.608936 -0.520326
v -0.534870 0.608936 -0.520326
v -0.534870 0.608936 -0.000000
v -0.534870 0.608936 -0.000000
v -0.673876 0.806949 -0.000000
v -0.673876 0.806949 -0.000000
v -0.673876 -0.334962 -0.587748
v -0.673876 -0.334962 -0.587748
v -0.673876 -0.334962 -0.587748
v -0.673876 -0.334962 -0.587748
v -0.673876 -0.234037 -0.688672
v -0.673876 -0.234037 -0.688672
v -0.673876 -0.234037 -0.688672
v -0.673876 -0.234037 -0.688672
v -0.653230 -0.239388 -0.663668
v -0.653230 -0.239388 -0.663668
v -0.653230 -0.239388 -0.663668
v -2.266425 -0.234037 -0.688672
v -2.266425 -0.234037 -0.688672
v -2.266425 -0.234037 -0.688672
v -2.266425 -0.334962 -0.587747
v -2.266425 -0.334962 -0.587747
v -2.266425 -0.334962 -0.587747
v -0.328348 0.608936 -0.520326
v -0.328348 0.608936 -0.520326
v -0.328348 0.608936 -0.520326
v -0.121007 0.446588 -0.520326
v -0.121007 0.446588 -0.520326
v -0.121007 0.446588 -0.520326
v -0.121007 0.446588 -0.000000
v -0.121007 0.446588 -0.000000
v -0.328348 0.608936 -0.000000
v -0.328348 0.608936 -0.000000
v -2.266425 0.806949 -0.564155
v -2.266425 0.806949 -0.564155
v -2.266425 0.806949 -0.564155
v -2.266425 0.682432 -0.688672
v -2.266425 0.682432 -0.688672
v -2.266425 0.682432 -0.688672
v -0.673876 0.682432 -0.688672
v -0.673876 0.682432 -0.688672
v -0.673876 0.682432 -0.688672
v -0.673876 0.682432 -0.688672
v -0.673876 0.806949 -0.564155
v -0.673876 0.806949 -0.564155
v -0.673876 0.806949 -0.564155
v -0.673876 0.806949 -0.564155
v -0.615151 0.723296 -0.617552
v -0.615151 0.723296 -0.617552
v -0.615151 0.723296 -0.617552
v -2.266425 0.499887 -0.688672
v -2.266425 0.499887 -0.688672
v -0.673876 0.499887 -0.688672
v -0.673876 0.499887 -0.688672
v -1.518018 -0.334962 0.000000
v -1.518018 0.806949 -0.000000
v -1.518018 -0.234037 -0.688672
v -1.518018 -0.234037 -0.688672
v -1.518018 -0.334962 -0.587747
v -1.518018 -0.334962 -0.587747
v -1.518018 0.806949 -0.564155
v -1.518018 0.806949 -0.564155
v -1.518018 0.682432 -0.688672
v -1.518018 0.682432 -0.688672
v -1.518018 0.499887 -0.688672
v -1.662999 -0.334962 0.000000
v -1.662999 0.806949 -0.000000
v -1.662999 -0.334962 -0.587747
v -1.662999 -0.334962 -0.587747
v -1.662999 0.682432 -0.688672
v -1.662999 0.682432 -0.688672
v -1.662999 -0.234037 -0.688672
v -1.662999 -0.234037 -0.688672
v -1.662999 0.806949 -0.564155
v -1.662999 0.806949 -0.564155
v -1.662999 0.499887 -0.688672
v -2.266425 0.132925 -0.688672
v -2.266425 0.132925 -0.688672
v -0.673876 0.132925 -0.688672
v -0.673876 0.132925 -0.688672
v -1.518018 0.132925 -0.688672
v -1.662999 0.132925 -0.688672
v -2.266425 0.591159 -0.688672
v -2.266425 0.591159 -0.688672
v -0.673876 0.591159 -0.688672
v -0.673876 0.591159 -0.688672
v -1.518018 0.591159 -0.688672
v -1.662999 0.591159 -0.688672
v -1.095947 -0.234037 -0.688672
v -1.095947 -0.234037 -0.688672
v -1.095947 0.806949 -0.564155
v -1.095947 0.806949 -0.564155
v -1.095947 0.499887 -0.688672
v -1.095947 -0.334962 0.000000
v -1.095947 0.806949 -0.000000
v -1.095947 -0.334962 -0.587747
v -1.095947 -0.334962 -0.587747
v -1.095947 0.682432 -0.688672
v -1.095947 0.682432 -0.688672
v -1.095947 0.132925 -0.688672
v -1.095947 0.591159 -0.688672
v -0.616097 0.724644 -0.591553
v -0.616097 0.724644 -0.591553
v -0.616097 0.724644 -0.591553
v -0.661074 0.788713 -0.550657
v -0.661074 0.788713 -0.550657
v -0.661074 0.788713 -0.550657
v -0.661074 0.788713 -0.022281
v -0.661074 0.788713 -0.022281
v -0.661074 0.788713 -0.022281
v -0.547672 0.627172 -0.022281
v -0.547672 0.627172 -0.022281
v -0.547672 0.627172 -0.022281
v -0.547672 0.627172 -0.508685
v -0.547672 0.627172 -0.508685
v -0.547672 0.627172 -0.508685
v -0.685786 0.771365 -0.022281
v -0.685786 0.771365 -0.022281
v -0.572384 0.609824 -0.022281
v -0.572384 0.609824 -0.022281
v -0.685786 0.771365 -0.550657
v -0.685786 0.771365 -0.550657
v -0.640809 0.707296 -0.591553
v -0.640809 0.707296 -0.591553
v -0.572384 0.609824 -0.508685
v -0.572384 0.609824 -0.508685
v -0.121007 0.308514 0.520326
v -0.121007 0.308514 0.520326
v -0.121007 0.308514 0.520326
v -0.534870 0.308514 0.520326
v -0.534870 0.308514 0.520326
v -0.534870 0.308514 0.520326
v -0.534870 0.308514 0.520326
v -0.534870 0.608936 0.520326
v -0.534870 0.608936 0.520326
v -0.534870 0.608936 0.520326
v -0.534870 0.608936 0.520326
v -0.673876 -0.334962 0.587748
v -0.673876 -0.334962 0.587748
v -0.673876 -0.334962 0.587748
v -0.673876 -0.334962 0.587748
v -0.673876 -0.234037 0.688672
v -0.673876 -0.234037 0.688672
v -0.673876 -0.234037 0.688672
v -0.673876 -0.234037 0.688672
v -0.653230 -0.239388 0.663668
v -0.653230 -0.239388 0.663668
v -0.653230 -0.239388 0.663668
v -2.266425 -0.234037 0.688672
v -2.266425 -0.234037 0.688672
v -2.266425 -0.234037 0.688672
v -2.266425 -0.334962 0.587747
v -2.266425 -0.334962 0.587747
v -2.266425 -0.334962 0.587747
v -0.328348 0.608936 0.520326
v -0.328348 0.608936 0.520326
v -0.328348 0.608936 0.520326
v -0.121007 0.446588 0.520326
v -0.121007 0.446588 0.520326
v -0.121007 0.446588 0.520326
v -2.266425 0.806949 0.564155
v -2.266425 0.806949 0.564155
v -2.266425 0.806949 0.564155
v -2.266425 0.682432 0.688672
v -2.266425 0.682432 0.688672
v -2.266425 0.682432 0.688672
v -0.673876 0.682432 0.688672
v -0.673876 0.682432 0.688672
v -0.673876 0.682432 0.688672
v -0.673876 0.682432 0.688672
v -0.673876 0.806949 0.564155
v -0.673876 0.806949 0.564155
v -0.673876 0.806949 0.564155
v -0.673876 0.806949 0.564155
v -0.615151 0.723296 0.617552
v -0.615151 0.723296 0.617552
v -0.615151 0.723296 0.617552
v -2.266425 0.499887 0.688672
v -2.266425 0.499887 0.688672
v -0.673876 0.499887 0.688672
v -0.673876 0.499887 0.688672
v -1.518018 -0.234037 0.688672
v -1.518018 -0.234037 0.688672
v -1.518018 -0.334962 0.587747
v -1.518018 -0.334962 0.587747
v -1.518018 0.806949 0.564155
v -1.518018 0.806949 0.564155
v -1.518018 0.682432 0.688672
v -1.518018 0.682432 0.688672
v -1.518018 0.499887 0.688672
v -1.662999 -0.334962 0.587747
v -1.662999 -0.334962 0.587747
v -1.662999 0.682432 0.688672
v -1.662999 0.682432 0.688672
v -1.662999 -0.234037 0.688672
v -1.662999 -0.234037 0.688672
v -1.662999 0.806949 0.564155
v -1.662999 0.806949 0.564155
v -1.662999 0.499887 0.688672
v -2.266425 0.132925 0.688672
v -2.266425 0.132925 0.688672
v -0.673876 0.132925 0.688672
v -0.673876 0.132925 0.688672
v -1.518018 0.132925 0.688672
v -1.662999 0.132925 0.688672
v -2.266425 0.591159 0.688672
v -2.266425 0.591159 0.688672
v -0.673876 0.591159 0.688672
v -0.673876 0.591159 0.688672
v -1.518018 0.591159 0.688672
v -1.662999 0.591159 0.688672
v -1.095947 -0.234037 0.688672
v -1.095947 -0.234037 0.688672
v -1.095947 0.806949 0.564155
v -1.095947 0.806949 0.564155
v -1.095947 0.499887 0.688672
v -1.095947 -0.334962 0.587747
v -1.095947 -0.334962 0.587747
v -1.095947 0.682432 0.688672
v -1.095947 0.682432 0.688672
v -1.095947 0.132925 0.688672
v -1.095947 0.591159 0.688672
v -0.616097 0.724644 0.591553
v -0.616097 0.724644 0.591553
v -0.616097 0.724644 0.591553
v -0.661074 0.788713 0.550657
v -0.661074 0.788713 0.550657
v -0.661074 0.788713 0.550657
v -0.661074 0.788713 0.022281
v -0.661074 0.788713 0.022281
v -0.661074 0.788713 0.022281
v -0.547672 0.627172 0.022281
v -0.547672 0.627172 0.022281
v -0.547672 0.627172 0.022281
v -0.547672 0.627172 0.508685
v -0.547672 0.627172 0.508685
v -0.547672 0.627172 0.508685
v -0.685786 0.771365 0.022281
v -0.685786 0.771365 0.022281
v -0.572384 0.609824 0.022281
v -0.572384 0.609824 0.022281
v -0.685786 0.771365 0.550657
v -0.685786 0.771365 0.550657
v -0.640809 0.707296 0.591553
v -0.640809 0.707296 0.591553
v -0.572384 0.609824 0.508685
v -0.572384 0.609824 0.508685
v -1.086848 0.508986 -0.680914
v -0.682976 0.508986 -0.680914
v -0.682976 0.582060 -0.680914
v -1.086848 0.582060 -0.680914
v -1.651255 0.144669 -0.676629
v -1.529763 0.144669 -0.676629
v -1.529763 0.488142 -0.676629
v -1.651255 0.488142 -0.676629
v -0.685786 0.771365 -0.022281
v -0.572384 0.609824 -0.022281
v -0.685786 0.771365 -0.550657
v -0.640809 0.707296 -0.591553
v -0.572384 0.609824 -0.508685
v -1.086848 0.508986 0.680914
v -0.682976 0.508986 0.680914
v -0.682976 0.582060 0.680914
v -1.086848 0.582060 0.680914
v -1.651255 0.144669 0.676629
v -1.529763 0.144669 0.676629
v -1.529763 0.488142 0.676629
v -1.651255 0.488142 0.676629
v -0.685786 0.771365 0.022281
v -0.572384 0.609824 0.022281
v -0.685786 0.771365 0.550657
v -0.640809 0.707296 0.591553
v -0.572384 0.609824 0.508685
v -0.673876 0.499887 -0.688672
v -1.518018 0.499887 -0.688672
v -1.662999 0.499887 -0.688672
v -1.518018 0.132925 -0.688672
v -1.662999 0.132925 -0.688672
v -0.673876 0.591159 -0.688672
v -1.095947 0.499887 -0.688672
v -1.095947 0.591159 -0.688672
v -0.682976 0.508986 -0.688672
v -0.682976 0.508986 -0.688672
v -0.682976 0.508986 -0.688672
v -1.086848 0.508986 -0.688672
v -1.086848 0.508986 -0.688672
v -1.086848 0.508986 -0.688672
v -1.086848 0.582060 -0.688672
v -1.086848 0.582060 -0.688672
v -1.086848 0.582060 -0.688672
v -0.682976 0.582060 -0.688672
v -0.682976 0.582060 -0.688672
v -0.682976 0.582060 -0.688672
v -1.086848 0.508986 -0.680914
v -1.086848 0.508986 -0.680914
v -0.682976 0.508986 -0.680914
v -0.682976 0.508986 -0.680914
v -0.682976 0.582060 -0.680914
v -0.682976 0.582060 -0.680914
v -1.086848 0.582060 -0.680914
v -1.086848 0.582060 -0.680914
v -1.529763 0.144669 -0.688672
v -1.529763 0.144669 -0.688672
v -1.529763 0.144669 -0.688672
v -1.651255 0.144669 -0.688672
v -1.651255 0.144669 -0.688672
v -1.651255 0.144669 -0.688672
v -1.651255 0.488142 -0.688672
v -1.651255 0.488142 -0.688672
v -1.651255 0.488142 -0.688672
v -1.529763 0.488142 -0.688672
v -1.529763 0.488142 -0.688672
v -1.529763 0.488142 -0.688672
v -1.651255 0.144669 -0.676629
v -1.651255 0.144669 -0.676629
v -1.529763 0.144669 -0.676629
v -1.529763 0.144669 -0.676629
v -1.529763 0.488142 -0.676629
v -1.529763 0.488142 -0.676629
v -1.651255 0.488142 -0.676629
v -1.651255 0.488142 -0.676629
v -0.673876 0.499887 0.688672
v -1.518018 0.499887 0.688672
v -1.662999 0.499887 0.688672
v -1.518018 0.132925 0.688672
v -1.662999 0.132925 0.688672
v -0.673876 0.591159 0.688672
v -1.095947 0.499887 0.688672
v -1.095947 0.591159 0.688672
v -0.682976 0.508986 0.688672
v -0.682976 0.508986 0.688672
v -0.682976 0.508986 0.688672
v -1.086848 0.508986 0.688672
v -1.086848 0.508986 0.688672
v -1.086848 0.508986 0.688672
v -1.086848 0.582060 0.688672
v -1.086848 0.582060 0.688672
v -1.086848 0.582060 0.688672
v -0.682976 0.582060 0.688672
v -0.682976 0.582060 0.688672
v -0.682976 0.582060 0.688672
v -1.086848 0.508986 0.680914
v -1.086848 0.508986 0.680914
v -0.682976 0.508986 0.680914
v -0.682976 0.508986 0.680914
v -0.682976 0.582060 0.680914
v -0.682976 0.582060 0.680914
v -1.086848 0.582060 0.680914
v -1.086848 0.582060 0.680914
v -1.529763 0.144669 0.688672
v -1.529763 0.144669 0.688672
v -1.529763 0.144669 0.688672
v -1.651255 0.144669 0.688672
v -1.651255 0.144669 0.688672
v -1.651255 0.144669 0.688672
v -1.651255 0.488142 0.688672
v -1.651255 0.488142 0.688672
v -1.651255 0.488142 0.688672
v -1.529763 0.488142 0.688672
v -1.529763 0.488142 0.688672
v -1.529763 0.488142 0.688672
v -1.651255 0.144669 0.676629
v -1.651255 0.144669 0.676629
v -1.529763 0.144669 0.676629
v -1.529763 0.144669 0.676629
v -1.529763 0.488142 0.676629
v -1.529763 0.488142 0.676629
v -1.651255 0.488142 0.676629
v -1.651255 0.488142 0.676629
vn -0.0000 -1.0000 -0.0000
vn -0.0000 -0.0000 -1.0000
vn 0.5746 -0.8185 -0.0000
vn -0.0000 1.0000 -0.0000
vn 0.7711 -0.0000 -0.6367
vn -1.0000 -0.0000 -0.0000
vn 1.0000 -0.0000 -0.0000
vn 0.5584 -0.5866 -0.5866
vn -0.0000 -0.7071 -0.7071
vn 0.9775 -0.2112 -0.0000
vn 0.6165 0.7874 -0.0000
vn 0.3423 0.6644 -0.6644
vn -0.0000 0.7071 -0.7071
vn 0.8185 0.5746 -0.0000
vn 0.2661 -0.3790 0.8863
vn -0.5746 0.8185 -0.0000
vn -0.3282 0.4675 0.8208
vn -0.0000 -0.0000 1.0000
vn 0.7711 -0.0000 0.6367
vn 0.5584 -0.5866 0.5866
vn -0.0000 -0.7071 0.7071
vn 0.3423 0.6644 0.6644
vn -0.0000 0.7071 0.7071
vn 0.2661 -0.3790 -0.8863
vn -0.3282 0.4675 -0.8208
vt 0.750000 0.500000
vt 0.625000 0.500000
vt 0.625000 0.477482
vt 0.625000 0.379383
vt 0.625000 0.375000
vt 0.625000 0.481681
vt 0.625000 0.477399
vt 0.625000 0.494843
vt 0.625000 0.379998
vt 0.625000 0.494299
s 1
usemtl Material.004
f 3300/95/261 3302/95/261 3295/96/261
f 3300/95/261 3295/96/261 3292/96/261
f 3397/96/262 3392/96/262 3346/96/262
f 3397/96/262 3346/96/262 3379/96/262
f 3415/97/263 3418/98/263 3427/98/263
f 3415/97/263 3427/98/263 3431/97/263
f 3341/95/264 3334/96/264 3309/96/264
f 3341/95/264 3309/96/264 3312/95/264
f 3375/99/261 3304/99/261 3331/100/261
f 3375/99/261 3331/100/261 3378/100/261
f 3310/96/265 3296/96/265 3325/96/265
f 3325/96/265 3323/96/265 3389/96/265
f 3325/96/265 3389/96/265 3363/96/265
f 3358/96/265 3310/96/265 3325/96/265
f 3395/96/265 3352/96/265 3358/96/265
f 3325/96/265 3363/96/265 3395/96/265
f 3325/96/265 3395/96/265 3358/96/265
f 3387/96/266 3329/96/266 3332/100/266
f 3332/100/266 3305/99/266 3307/99/266
f 3307/99/266 3345/101/266 3348/96/266
f 3307/99/266 3348/96/266 3393/96/266
f 3387/96/266 3332/100/266 3307/99/266
f 3307/99/266 3393/96/266 3361/96/266
f 3307/99/266 3361/96/266 3387/96/266
f 3301/95/267 3293/96/267 3338/96/267
f 3301/95/267 3338/96/267 3340/95/267
f 3318/100/268 3322/96/268 3324/96/268
f 3399/96/269 3321/96/269 3316/100/269
f 3399/96/269 3316/100/269 3405/100/269
f 3299/99/270 3319/100/270 3326/96/270
f 3326/96/270 3297/96/270 3303/99/270
f 3326/96/270 3303/99/270 3299/99/270
f 3339/95/271 3337/96/271 3335/96/271
f 3339/95/271 3335/96/271 3342/95/271
f 3336/96/262 3291/96/262 3294/96/262
f 3294/96/262 3308/96/262 3333/96/262
f 3294/96/262 3333/96/262 3336/96/262
f 3351/96/272 3355/96/272 3357/96/272
f 3400/101/273 3353/101/273 3350/96/273
f 3400/101/273 3350/96/273 3408/96/273
f 3376/99/264 3384/101/264 3344/101/264
f 3376/99/264 3344/101/264 3306/99/264
f 3391/96/262 3386/96/262 3360/96/262
f 3391/96/262 3360/96/262 3385/96/262
f 3409/96/262 3390/96/262 3374/96/262
f 3409/96/262 3374/96/262 3402/96/262
f 3404/99/264 3401/101/264 3371/101/264
f 3404/99/264 3371/101/264 3365/99/264
f 3383/101/273 3370/101/273 3373/96/273
f 3383/101/273 3373/96/273 3380/96/273
f 3382/96/269 3367/96/269 3368/100/269
f 3382/96/269 3368/100/269 3377/100/269
f 3403/99/261 3364/99/261 3369/100/261
f 3403/99/261 3369/100/261 3406/100/261
f 3410/96/262 3396/96/262 3372/96/262
f 3410/96/262 3372/96/262 3407/96/262
f 3328/96/269 3382/96/269 3377/100/269
f 3328/96/269 3377/100/269 3330/100/269
f 3343/101/273 3383/101/273 3380/96/273
f 3343/101/273 3380/96/273 3347/96/273
f 3365/99/264 3371/101/264 3384/101/264
f 3365/99/264 3384/101/264 3376/99/264
f 3364/99/261 3375/99/261 3378/100/261
f 3364/99/261 3378/100/261 3369/100/261
f 3396/96/262 3397/96/262 3379/96/262
f 3396/96/262 3379/96/262 3372/96/262
f 3366/96/262 3381/96/262 3391/96/262
f 3366/96/262 3391/96/262 3390/96/262
f 3398/96/262 3366/96/262 3390/96/262
f 3398/96/262 3390/96/262 3409/96/262
f 3381/96/262 3327/96/262 3386/96/262
f 3381/96/262 3386/96/262 3391/96/262
f 3374/96/262 3385/96/262 3397/96/262
f 3374/96/262 3397/96/262 3396/96/262
f 3402/96/262 3374/96/262 3396/96/262
f 3402/96/262 3396/96/262 3410/96/262
f 3385/96/262 3360/96/262 3392/96/262
f 3385/96/262 3392/96/262 3397/96/262
f 3320/96/262 3398/96/262 3409/96/262
f 3320/96/262 3409/96/262 3388/96/262
f 3394/96/262 3410/96/262 3407/96/262
f 3394/96/262 3407/96/262 3349/96/262
f 3298/99/261 3403/99/261 3406/100/261
f 3298/99/261 3406/100/261 3317/100/261
f 3314/99/264 3354/101/264 3401/101/264
f 3314/99/264 3401/101/264 3404/99/264
f 3388/96/262 3409/96/262 3402/96/262
f 3388/96/262 3402/96/262 3362/96/262
f 3370/101/273 3400/101/273 3408/96/273
f 3370/101/273 3408/96/273 3373/96/273
f 3367/96/269 3399/96/269 3405/100/269
f 3367/96/269 3405/100/269 3368/100/269
f 3359/96/274 3356/101/274 3416/97/274
f 3359/96/274 3416/97/274 3412/102/274
f 3356/101/274 3315/99/274 3419/98/274
f 3356/101/274 3419/98/274 3416/97/274
f 3315/99/274 3313/99/274 3421/103/274
f 3315/99/274 3421/103/274 3419/98/274
f 3313/99/274 3311/96/274 3423/104/274
f 3313/99/274 3423/104/274 3421/103/274
f 3311/96/274 3359/96/274 3412/102/274
f 3311/96/274 3412/102/274 3423/104/274
f 3411/102/275 3414/97/275 3430/97/275
f 3411/102/275 3430/97/275 3432/102/275
f 3417/98/262 3420/103/262 3428/103/262
f 3417/98/262 3428/103/262 3426/98/262
f 3422/103/276 3425/104/276 3435/104/276
f 3422/103/276 3435/104/276 3429/103/276
f 3424/104/277 3413/102/277 3433/102/277
f 3424/104/277 3433/102/277 3434/104/277
f 3300/95/261 3437/96/261 3440/96/261
f 3300/95/261 3440/96/261 3302/95/261
f 3520/96/278 3502/96/278 3473/96/278
f 3520/96/278 3473/96/278 3515/96/278
f 3536/97/263 3552/97/263 3548/98/263
f 3536/97/263 3548/98/263 3539/98/263
f 3341/95/264 3312/95/264 3444/96/264
f 3341/95/264 3444/96/264 3465/96/264
f 3375/99/261 3501/100/261 3462/100/261
f 3375/99/261 3462/100/261 3304/99/261
f 3456/96/279 3441/96/279 3445/96/279
f 3445/96/279 3485/96/279 3479/96/279
f 3445/96/279 3479/96/279 3518/96/279
f 3454/96/279 3456/96/279 3445/96/279
f 3512/96/279 3454/96/279 3445/96/279
f 3445/96/279 3518/96/279 3490/96/279
f 3445/96/279 3490/96/279 3512/96/279
f 3463/100/266 3460/96/266 3510/96/266
f 3463/100/266 3510/96/266 3488/96/266
f 3307/99/266 3305/99/266 3463/100/266
f 3475/96/266 3472/101/266 3307/99/266
f 3463/100/266 3488/96/266 3516/96/266
f 3516/96/266 3475/96/266 3307/99/266
f 3516/96/266 3307/99/266 3463/100/266
f 3301/95/267 3340/95/267 3469/96/267
f 3301/95/267 3469/96/267 3438/96/267
f 3449/100/280 3455/96/280 3453/96/280
f 3522/96/281 3526/100/281 3447/100/281
f 3522/96/281 3447/100/281 3452/96/281
f 3457/96/270 3450/100/270 3299/99/270
f 3299/99/270 3303/99/270 3442/96/270
f 3299/99/270 3442/96/270 3457/96/270
f 3339/95/271 3342/95/271 3466/96/271
f 3339/95/271 3466/96/271 3468/96/271
f 3439/96/278 3436/96/278 3467/96/278
f 3467/96/278 3464/96/278 3443/96/278
f 3467/96/278 3443/96/278 3439/96/278
f 3478/96/282 3484/96/282 3482/96/282
f 3523/101/283 3529/96/283 3477/96/283
f 3523/101/283 3477/96/283 3480/101/283
f 3376/99/264 3306/99/264 3471/101/264
f 3376/99/264 3471/101/264 3507/101/264
f 3514/96/278 3508/96/278 3487/96/278
f 3514/96/278 3487/96/278 3509/96/278
f 3530/96/278 3525/96/278 3499/96/278
f 3530/96/278 3499/96/278 3513/96/278
f 3404/99/264 3365/99/264 3496/101/264
f 3404/99/264 3496/101/264 3524/101/264
f 3506/101/283 3503/96/283 3498/96/283
f 3506/101/283 3498/96/283 3495/101/283
f 3505/96/281 3500/100/281 3493/100/281
f 3505/96/281 3493/100/281 3492/96/281
f 3403/99/261 3527/100/261 3494/100/261
f 3403/99/261 3494/100/261 3364/99/261
f 3531/96/278 3528/96/278 3497/96/278
f 3531/96/278 3497/96/278 3519/96/278
f 3459/96/281 3461/100/281 3500/100/281
f 3459/96/281 3500/100/281 3505/96/281
f 3470/101/283 3474/96/283 3503/96/283
f 3470/101/283 3503/96/283 3506/101/283
f 3365/99/264 3376/99/264 3507/101/264
f 3365/99/264 3507/101/264 3496/101/264
f 3364/99/261 3494/100/261 3501/100/261
f 3364/99/261 3501/100/261 3375/99/261
f 3519/96/278 3497/96/278 3502/96/278
f 3519/96/278 3502/96/278 3520/96/278
f 3491/96/278 3513/96/278 3514/96/278
f 3491/96/278 3514/96/278 3504/96/278
f 3521/96/278 3530/96/278 3513/96/278
f 3521/96/278 3513/96/278 3491/96/278
f 3504/96/278 3514/96/278 3509/96/278
f 3504/96/278 3509/96/278 3458/96/278
f 3499/96/278 3519/96/278 3520/96/278
f 3499/96/278 3520/96/278 3508/96/278
f 3525/96/278 3531/96/278 3519/96/278
f 3525/96/278 3519/96/278 3499/96/278
f 3508/96/278 3520/96/278 3515/96/278
f 3508/96/278 3515/96/278 3487/96/278
f 3451/96/278 3511/96/278 3530/96/278
f 3451/96/278 3530/96/278 3521/96/278
f 3517/96/278 3476/96/278 3528/96/278
f 3517/96/278 3528/96/278 3531/96/278
f 3298/99/261 3448/100/261 3527/100/261
f 3298/99/261 3527/100/261 3403/99/261
f 3314/99/264 3404/99/264 3524/101/264
f 3314/99/264 3524/101/264 3481/101/264
f 3511/96/278 3489/96/278 3525/96/278
f 3511/96/278 3525/96/278 3530/96/278
f 3495/101/283 3498/96/283 3529/96/283
f 3495/101/283 3529/96/283 3523/101/283
f 3492/96/281 3493/100/281 3526/100/281
f 3492/96/281 3526/100/281 3522/96/281
f 3486/96/274 3533/102/274 3537/97/274
f 3486/96/274 3537/97/274 3483/101/274
f 3483/101/274 3537/97/274 3540/98/274
f 3483/101/274 3540/98/274 3315/99/274
f 3315/99/274 3540/98/274 3542/103/274
f 3315/99/274 3542/103/274 3313/99/274
f 3313/99/274 3542/103/274 3544/104/274
f 3313/99/274 3544/104/274 3446/96/274
f 3446/96/274 3544/104/274 3533/102/274
f 3446/96/274 3533/102/274 3486/96/274
f 3532/102/284 3553/102/284 3551/97/284
f 3532/102/284 3551/97/284 3535/97/284
f 3538/98/278 3547/98/278 3549/103/278
f 3538/98/278 3549/103/278 3541/103/278
f 3543/103/276 3550/103/276 3556/104/276
f 3543/103/276 3556/104/276 3546/104/276
f 3545/104/285 3555/104/285 3554/102/285
f 3545/104/285 3554/102/285 3534/102/285
usemtl Material.018
f 3558/96/262 3557/96/262 3560/96/262
f 3558/96/262 3560/96/262 3559/96/262
f 3562/96/262 3561/96/262 3564/96/262
f 3562/96/262 3564/96/262 3563/96/262
f 3569/104/274 3568/102/274 3567/97/274
f 3567/97/274 3565/98/274 3566/103/274
f 3567/97/274 3566/103/274 3569/104/274
f 3571/96/278 3572/96/278 3573/96/278
f 3571/96/278 3573/96/278 3570/96/278
f 3575/96/278 3576/96/278 3577/96/278
f 3575/96/278 3577/96/278 3574/96/278
f 3580/97/274 3581/102/274 3582/104/274
f 3582/104/274 3579/103/274 3578/98/274
f 3582/104/274 3578/98/274 3580/97/274
usemtl Material.009
f 3618/96/261 3621/96/261 3627/96/261
f 3618/96/261 3627/96/261 3629/96/261
f 3596/96/267 3599/96/267 3610/96/267
f 3596/96/267 3610/96/267 3604/96/267
f 3583/96/262 3589/96/262 3594/96/262
f 3583/96/262 3594/96/262 3591/96/262
f 3589/96/262 3590/96/262 3597/96/262
f 3589/96/262 3597/96/262 3594/96/262
f 3590/96/262 3588/96/262 3600/96/262
f 3590/96/262 3600/96/262 3597/96/262
f 3588/96/262 3583/96/262 3591/96/262
f 3588/96/262 3591/96/262 3600/96/262
f 3592/96/264 3595/96/264 3603/96/264
f 3592/96/264 3603/96/264 3605/96/264
f 3598/96/261 3601/96/261 3607/96/261
f 3598/96/261 3607/96/261 3609/96/261
f 3602/96/266 3593/96/266 3606/96/266
f 3602/96/266 3606/96/266 3608/96/266
f 3586/96/262 3587/96/262 3614/96/262
f 3586/96/262 3614/96/262 3611/96/262
f 3587/96/262 3585/96/262 3617/96/262
f 3587/96/262 3617/96/262 3614/96/262
f 3585/96/262 3584/96/262 3620/96/262
f 3585/96/262 3620/96/262 3617/96/262
f 3584/96/262 3586/96/262 3611/96/262
f 3584/96/262 3611/96/262 3620/96/262
f 3622/96/266 3613/96/266 3626/96/266
f 3622/96/266 3626/96/266 3628/96/266
f 3616/96/267 3619/96/267 3630/96/267
f 3616/96/267 3630/96/267 3624/96/267
f 3612/96/264 3615/96/264 3623/96/264
f 3612/96/264 3623/96/264 3625/96/264
f 3666/96/261 3677/96/261 3675/96/261
f 3666/96/261 3675/96/261 3669/96/261
f 3644/96/267 3652/96/267 3658/96/267
f 3644/96/267 3658/96/267 3647/96/267
f 3631/96/278 3639/96/278 3642/96/278
f 3631/96/278 3642/96/278 3637/96/278
f 3637/96/278 3642/96/278 3645/96/278
f 3637/96/278 3645/96/278 3638/96/278
f 3638/96/278 3645/96/278 3648/96/278
f 3638/96/278 3648/96/278 3636/96/278
f 3636/96/278 3648/96/278 3639/96/278
f 3636/96/278 3639/96/278 3631/96/278
f 3640/96/264 3653/96/264 3651/96/264
f 3640/96/264 3651/96/264 3643/96/264
f 3646/96/261 3657/96/261 3655/96/261
f 3646/96/261 3655/96/261 3649/96/261
f 3650/96/266 3656/96/266 3654/96/266
f 3650/96/266 3654/96/266 3641/96/266
f 3634/96/278 3659/96/278 3662/96/278
f 3634/96/278 3662/96/278 3635/96/278
f 3635/96/278 3662/96/278 3665/96/278
f 3635/96/278 3665/96/278 3633/96/278
f 3633/96/278 3665/96/278 3668/96/278
f 3633/96/278 3668/96/278 3632/96/278
f 3632/96/278 3668/96/278 3659/96/278
f 3632/96/278 3659/96/278 3634/96/278
f 3670/96/266 3676/96/266 3674/96/266
f 3670/96/266 3674/96/266 3661/96/266
f 3664/96/267 3672/96/267 3678/96/267
f 3664/96/267 3678/96/267 3667/96/267
f 3660/96/264 3673/96/264 3671/96/264
f 3660/96/264 3671/96/264 3663/96/264
o Cube.003
v 1.258187 -0.716143 -0.085598
v 1.258187 -0.716143 -0.085598
v 1.258187 -0.716143 -0.085598
v 1.258187 -0.716143 -0.085598
v 1.258187 -0.648373 -0.085598
v 1.258187 -0.648373 -0.085598
v 1.258187 -0.648373 -0.085598
v 1.258187 -0.648373 -0.085598
v 1.258187 -0.716143 0.000000
v 1.258187 -0.716143 0.000000
v 1.258187 -0.648373 0.000000
v 1.258187 -0.648373 0.000000
v 1.273189 -0.663375 -0.111877
v 1.273189 -0.663375 -0.111877
v 1.273189 -0.663375 -0.111877
v 1.273189 -0.663375 -0.111877
v 1.273189 -0.701142 -0.111877
v 1.273189 -0.701142 -0.111877
v 1.273189 -0.701142 -0.111877
v 1.273189 -0.701142 -0.111877
v 1.273189 -0.663375 -0.516693
v 1.273189 -0.663375 -0.516693
v 1.273189 -0.663375 -0.516693
v 1.273189 -0.701142 -0.516693
v 1.273189 -0.701142 -0.516693
v 1.273189 -0.701142 -0.516693
v 1.069718 -0.663375 -0.596323
v 1.069718 -0.663375 -0.596323
v 1.069718 -0.663375 -0.596323
v 1.069718 -0.701142 -0.596323
v 1.069718 -0.701142 -0.596323
v 1.069718 -0.701142 -0.596323
v 0.987086 -0.663375 -0.629593
v 0.987086 -0.663375 -0.629593
v 0.987086 -0.663375 -0.629593
v 0.987086 -0.701142 -0.629593
v 0.987086 -0.701142 -0.629593
v 0.987086 -0.701142 -0.629593
v 0.987086 -0.663375 -0.596323
v 0.987086 -0.663375 -0.596323
v 0.987086 -0.663375 -0.596323
v 0.987086 -0.701142 -0.596323
v 0.987086 -0.701142 -0.596323
v 0.987086 -0.701142 -0.596323
v 1.258187 -0.596325 -0.085598
v 1.258187 -0.596325 -0.085598
v 1.258187 -0.596325 -0.085598
v 1.258187 -0.596325 -0.085598
v 1.258187 -0.528556 -0.085598
v 1.258187 -0.528556 -0.085598
v 1.258187 -0.528556 -0.085598
v 1.258187 -0.528556 -0.085598
v 1.258187 -0.596325 0.000000
v 1.258187 -0.596325 0.000000
v 1.258187 -0.528556 0.000000
v 1.258187 -0.528556 0.000000
v 1.273189 -0.543557 -0.111877
v 1.273189 -0.543557 -0.111877
v 1.273189 -0.543557 -0.111877
v 1.273189 -0.543557 -0.111877
v 1.273189 -0.581324 -0.111877
v 1.273189 -0.581324 -0.111877
v 1.273189 -0.581324 -0.111877
v 1.273189 -0.581324 -0.111877
v 1.273189 -0.543557 -0.516693
v 1.273189 -0.543557 -0.516693
v 1.273189 -0.543557 -0.516693
v 1.273189 -0.581324 -0.516693
v 1.273189 -0.581324 -0.516693
v 1.273189 -0.581324 -0.516693
v 1.019104 -0.543557 -0.551565
v 1.019104 -0.543557 -0.551565
v 1.019104 -0.543557 -0.551565
v 1.019104 -0.581324 -0.551565
v 1.019104 -0.581324 -0.551565
v 1.019104 -0.581324 -0.551565
v 1.019104 -0.543557 -0.518295
v 1.019104 -0.543557 -0.518295
v 1.019104 -0.543557 -0.518295
v 1.019104 -0.581324 -0.518295
v 1.019104 -0.581324 -0.518295
v 1.019104 -0.581324 -0.518295
v 1.082276 -0.543557 -0.517897
v 1.082276 -0.543557 -0.517897
v 1.082276 -0.543557 -0.517897
v 1.082276 -0.543557 -0.517897
v 1.082276 -0.581324 -0.517897
v 1.082276 -0.581324 -0.517897
v 1.019104 -0.459341 -0.558740
v 1.019104 -0.459341 -0.558740
v 1.019104 -0.459341 -0.558740
v 1.019104 -0.459341 -0.525470
v 1.019104 -0.459341 -0.525470
v 1.019104 -0.459341 -0.525470
v 1.019104 -0.459341 -0.525470
v 1.082276 -0.477672 -0.558341
v 1.082276 -0.477672 -0.558341
v 1.082276 -0.477672 -0.558341
v 1.082276 -0.477672 -0.525071
v 1.082276 -0.477672 -0.525071
v 1.082276 -0.477672 -0.525071
v 1.082276 -0.477672 -0.525071
v 1.082276 -0.477672 -0.525071
v 1.019104 -0.477895 -0.557159
v 1.019104 -0.477895 -0.557159
v 1.019104 -0.477895 -0.557159
v 1.082276 -0.492187 -0.556761
v 1.082276 -0.492187 -0.556761
v 1.082276 -0.492187 -0.556761
v 1.082276 -0.492187 -0.523491
v 1.082276 -0.492187 -0.523491
v 1.082276 -0.492187 -0.523491
v 1.082276 -0.492187 -0.523491
v 1.019104 -0.477895 -0.523889
v 1.019104 -0.477895 -0.523889
v 1.019104 -0.477895 -0.523889
v 1.019104 -0.477895 -0.523889
v 1.019104 -0.477895 -0.523889
v 1.033252 -0.450501 0.000000
v 1.033252 -0.450501 0.000000
v 1.033252 -0.450501 0.000000
v 1.033252 -0.450501 0.000000
v 1.033252 -0.450501 0.000000
v 1.033252 -0.450501 0.000000
v 1.033252 -0.450501 0.000000
v 1.096424 -0.468832 0.000000
v 1.096424 -0.468832 0.000000
v 1.096424 -0.468832 0.000000
v 1.096424 -0.468832 0.000000
v 1.096424 -0.468832 0.000000
v 1.096424 -0.483347 0.000000
v 1.096424 -0.483347 0.000000
v 1.096424 -0.483347 0.000000
v 1.096424 -0.483347 0.000000
v 1.096424 -0.483347 0.000000
v 1.096424 -0.483347 0.000000
v 1.096424 -0.483347 0.000000
v 1.033252 -0.469055 0.000000
v 1.033252 -0.469055 0.000000
v 1.033252 -0.469055 0.000000
v 1.033252 -0.469055 0.000000
v 1.033252 -0.469055 0.000000
v 1.313256 -0.716143 -0.085598
v 1.313256 -0.716143 -0.085598
v 1.313256 -0.716143 -0.085598
v 1.313256 -0.716143 -0.085598
v 1.313256 -0.716143 -0.085598
v 1.325957 -0.703507 -0.085598
v 1.325957 -0.703507 -0.085598
v 1.325957 -0.703507 -0.085598
v 1.325957 -0.703507 -0.085598
v 1.325957 -0.703507 -0.085598
v 1.319606 -0.714450 -0.085598
v 1.319606 -0.714450 -0.085598
v 1.319606 -0.714450 -0.085598
v 1.319606 -0.714450 -0.085598
v 1.319606 -0.714450 -0.085598
v 1.324255 -0.709825 -0.085598
v 1.324255 -0.709825 -0.085598
v 1.324255 -0.709825 -0.085598
v 1.324255 -0.709825 -0.085598
v 1.324255 -0.709825 -0.085598
v 1.325957 -0.661009 -0.085598
v 1.325957 -0.661009 -0.085598
v 1.325957 -0.661009 -0.085598
v 1.325957 -0.661009 -0.085598
v 1.325957 -0.661009 -0.085598
v 1.313256 -0.648373 -0.085598
v 1.313256 -0.648373 -0.085598
v 1.313256 -0.648373 -0.085598
v 1.313256 -0.648373 -0.085598
v 1.313256 -0.648373 -0.085598
v 1.324255 -0.654691 -0.085598
v 1.324255 -0.654691 -0.085598
v 1.324255 -0.654691 -0.085598
v 1.324255 -0.654691 -0.085598
v 1.324255 -0.654691 -0.085598
v 1.324255 -0.654691 -0.085598
v 1.319606 -0.650066 -0.085598
v 1.319606 -0.650066 -0.085598
v 1.319606 -0.650066 -0.085598
v 1.319606 -0.650066 -0.085598
v 1.319606 -0.650066 -0.085598
v 1.313268 -0.716143 0.000000
v 1.313268 -0.716143 0.000000
v 1.313268 -0.716143 0.000000
v 1.325957 -0.703517 0.000000
v 1.325957 -0.703517 0.000000
v 1.319613 -0.714452 0.000000
v 1.319613 -0.714452 0.000000
v 1.319613 -0.714452 0.000000
v 1.324257 -0.709830 0.000000
v 1.324257 -0.709830 0.000000
v 1.324257 -0.709830 0.000000
v 1.324257 -0.709830 0.000000
v 1.325957 -0.660999 0.000000
v 1.325957 -0.660999 0.000000
v 1.325957 -0.660999 0.000000
v 1.313268 -0.648373 0.000000
v 1.313268 -0.648373 0.000000
v 1.324257 -0.654686 0.000000
v 1.324257 -0.654686 0.000000
v 1.324257 -0.654686 0.000000
v 1.319613 -0.650065 0.000000
v 1.319613 -0.650065 0.000000
v 1.319613 -0.650065 0.000000
v 1.319613 -0.650065 0.000000
v 1.298267 -0.701142 -0.111877
v 1.298267 -0.701142 -0.111877
v 1.298267 -0.701142 -0.111877
v 1.298267 -0.701142 -0.111877
v 1.298267 -0.701142 -0.111877
v 1.310956 -0.688528 -0.111877
v 1.310956 -0.688528 -0.111877
v 1.310956 -0.688528 -0.111877
v 1.310956 -0.688528 -0.111877
v 1.310956 -0.688528 -0.111877
v 1.304611 -0.699452 -0.111877
v 1.304611 -0.699452 -0.111877
v 1.304611 -0.699452 -0.111877
v 1.304611 -0.699452 -0.111877
v 1.304611 -0.699452 -0.111877
v 1.304611 -0.699452 -0.111877
v 1.309256 -0.694835 -0.111877
v 1.309256 -0.694835 -0.111877
v 1.309256 -0.694835 -0.111877
v 1.309256 -0.694835 -0.111877
v 1.309256 -0.694835 -0.111877
v 1.310956 -0.675989 -0.111877
v 1.310956 -0.675989 -0.111877
v 1.310956 -0.675989 -0.111877
v 1.310956 -0.675989 -0.111877
v 1.310956 -0.675989 -0.111877
v 1.298267 -0.663375 -0.111877
v 1.298267 -0.663375 -0.111877
v 1.298267 -0.663375 -0.111877
v 1.298267 -0.663375 -0.111877
v 1.298267 -0.663375 -0.111877
v 1.309256 -0.669682 -0.111877
v 1.309256 -0.669682 -0.111877
v 1.309256 -0.669682 -0.111877
v 1.309256 -0.669682 -0.111877
v 1.309256 -0.669682 -0.111877
v 1.309256 -0.669682 -0.111877
v 1.304611 -0.665065 -0.111877
v 1.304611 -0.665065 -0.111877
v 1.304611 -0.665065 -0.111877
v 1.304611 -0.665065 -0.111877
v 1.304611 -0.665065 -0.111877
v 1.304611 -0.665065 -0.111877
v 1.273189 -0.675895 -0.549963
v 1.273189 -0.675895 -0.549963
v 1.273189 -0.675895 -0.549963
v 1.273189 -0.675895 -0.549963
v 1.273189 -0.675895 -0.549963
v 1.273189 -0.663375 -0.537165
v 1.273189 -0.663375 -0.537165
v 1.273189 -0.663375 -0.537165
v 1.273189 -0.663375 -0.537165
v 1.273189 -0.669635 -0.548249
v 1.273189 -0.669635 -0.548249
v 1.273189 -0.669635 -0.548249
v 1.273189 -0.669635 -0.548249
v 1.273189 -0.669635 -0.548249
v 1.273189 -0.665052 -0.543564
v 1.273189 -0.665052 -0.543564
v 1.273189 -0.665052 -0.543564
v 1.273189 -0.665052 -0.543564
v 1.273189 -0.665052 -0.543564
v 1.273189 -0.701142 -0.537165
v 1.273189 -0.701142 -0.537165
v 1.273189 -0.701142 -0.537165
v 1.273189 -0.701142 -0.537165
v 1.273189 -0.688621 -0.549963
v 1.273189 -0.688621 -0.549963
v 1.273189 -0.688621 -0.549963
v 1.273189 -0.688621 -0.549963
v 1.273189 -0.688621 -0.549963
v 1.273189 -0.699464 -0.543564
v 1.273189 -0.699464 -0.543564
v 1.273189 -0.699464 -0.543564
v 1.273189 -0.699464 -0.543564
v 1.273189 -0.694882 -0.548249
v 1.273189 -0.694882 -0.548249
v 1.273189 -0.694882 -0.548249
v 1.273189 -0.694882 -0.548249
v 1.273189 -0.694882 -0.548249
v 1.273189 -0.694882 -0.548249
v 1.298311 -0.701142 -0.537181
v 1.298311 -0.701142 -0.537181
v 1.298311 -0.701142 -0.537181
v 1.310956 -0.688604 -0.549963
v 1.310956 -0.688604 -0.549963
v 1.310956 -0.688604 -0.549963
v 1.310956 -0.688604 -0.549963
v 1.310956 -0.688604 -0.549963
v 1.304633 -0.699462 -0.543572
v 1.304633 -0.699462 -0.543572
v 1.304633 -0.699462 -0.543572
v 1.304633 -0.699462 -0.543572
v 1.304633 -0.699462 -0.543572
v 1.304633 -0.699462 -0.543572
v 1.309262 -0.694873 -0.548251
v 1.309262 -0.694873 -0.548251
v 1.309262 -0.694873 -0.548251
v 1.309262 -0.694873 -0.548251
v 1.309262 -0.694873 -0.548251
v 1.309262 -0.694873 -0.548251
v 1.298311 -0.663375 -0.537181
v 1.298311 -0.663375 -0.537181
v 1.298311 -0.663375 -0.537181
v 1.298311 -0.663375 -0.537181
v 1.310956 -0.675912 -0.549963
v 1.310956 -0.675912 -0.549963
v 1.310956 -0.675912 -0.549963
v 1.310956 -0.675912 -0.549963
v 1.310956 -0.675912 -0.549963
v 1.304633 -0.665054 -0.543572
v 1.304633 -0.665054 -0.543572
v 1.304633 -0.665054 -0.543572
v 1.304633 -0.665054 -0.543572
v 1.304633 -0.665054 -0.543572
v 1.309262 -0.669643 -0.548251
v 1.309262 -0.669643 -0.548251
v 1.309262 -0.669643 -0.548251
v 1.309262 -0.669643 -0.548251
v 1.309262 -0.669643 -0.548251
v 1.298300 -0.663375 -0.516693
v 1.298300 -0.663375 -0.516693
v 1.298300 -0.663375 -0.516693
v 1.298300 -0.663375 -0.516693
v 1.310956 -0.675943 -0.516693
v 1.310956 -0.675943 -0.516693
v 1.310956 -0.675943 -0.516693
v 1.310956 -0.675943 -0.516693
v 1.304628 -0.665058 -0.516693
v 1.304628 -0.665058 -0.516693
v 1.304628 -0.665058 -0.516693
v 1.304628 -0.665058 -0.516693
v 1.304628 -0.665058 -0.516693
v 1.304628 -0.665058 -0.516693
v 1.309260 -0.669659 -0.516693
v 1.309260 -0.669659 -0.516693
v 1.309260 -0.669659 -0.516693
v 1.309260 -0.669659 -0.516693
v 1.309260 -0.669659 -0.516693
v 1.310956 -0.688574 -0.516693
v 1.310956 -0.688574 -0.516693
v 1.310956 -0.688574 -0.516693
v 1.310956 -0.688574 -0.516693
v 1.298300 -0.701142 -0.516693
v 1.298300 -0.701142 -0.516693
v 1.298300 -0.701142 -0.516693
v 1.298300 -0.701142 -0.516693
v 1.309260 -0.694858 -0.516693
v 1.309260 -0.694858 -0.516693
v 1.309260 -0.694858 -0.516693
v 1.309260 -0.694858 -0.516693
v 1.309260 -0.694858 -0.516693
v 1.309260 -0.694858 -0.516693
v 1.304628 -0.699458 -0.516693
v 1.304628 -0.699458 -0.516693
v 1.304628 -0.699458 -0.516693
v 1.304628 -0.699458 -0.516693
v 1.304628 -0.699458 -0.516693
v 1.304628 -0.699458 -0.516693
v 1.069718 -0.663375 -0.616776
v 1.069718 -0.663375 -0.616776
v 1.069718 -0.663375 -0.616776
v 1.069718 -0.663375 -0.616776
v 1.069718 -0.675889 -0.629593
v 1.069718 -0.675889 -0.629593
v 1.069718 -0.675889 -0.629593
v 1.069718 -0.675889 -0.629593
v 1.057344 -0.663375 -0.629593
v 1.057344 -0.663375 -0.629593
v 1.057344 -0.663375 -0.629593
v 1.057344 -0.663375 -0.629593
v 1.057344 -0.663375 -0.629593
v 1.069718 -0.665051 -0.623184
v 1.069718 -0.665051 -0.623184
v 1.069718 -0.665051 -0.623184
v 1.069718 -0.665051 -0.623184
v 1.069718 -0.669632 -0.627876
v 1.069718 -0.669632 -0.627876
v 1.069718 -0.669632 -0.627876
v 1.069718 -0.669632 -0.627876
v 1.069718 -0.669632 -0.627876
v 1.069718 -0.688627 -0.629593
v 1.069718 -0.688627 -0.629593
v 1.069718 -0.688627 -0.629593
v 1.069718 -0.688627 -0.629593
v 1.069718 -0.688627 -0.629593
v 1.069718 -0.701142 -0.616776
v 1.069718 -0.701142 -0.616776
v 1.069718 -0.701142 -0.616776
v 1.057344 -0.701142 -0.629593
v 1.057344 -0.701142 -0.629593
v 1.057344 -0.701142 -0.629593
v 1.057344 -0.701142 -0.629593
v 1.057344 -0.701142 -0.629593
v 1.069718 -0.694884 -0.627876
v 1.069718 -0.694884 -0.627876
v 1.069718 -0.694884 -0.627876
v 1.069718 -0.694884 -0.627876
v 1.069718 -0.699465 -0.623184
v 1.069718 -0.699465 -0.623184
v 1.069718 -0.699465 -0.623184
v 1.069718 -0.699465 -0.623184
v 1.069718 -0.699465 -0.623184
v 1.313256 -0.596325 -0.085598
v 1.313256 -0.596325 -0.085598
v 1.313256 -0.596325 -0.085598
v 1.313256 -0.596325 -0.085598
v 1.313256 -0.596325 -0.085598
v 1.325957 -0.583690 -0.085598
v 1.325957 -0.583690 -0.085598
v 1.325957 -0.583690 -0.085598
v 1.325957 -0.583690 -0.085598
v 1.325957 -0.583690 -0.085598
v 1.319606 -0.594633 -0.085598
v 1.319606 -0.594633 -0.085598
v 1.319606 -0.594633 -0.085598
v 1.319606 -0.594633 -0.085598
v 1.319606 -0.594633 -0.085598
v 1.319606 -0.594633 -0.085598
v 1.324255 -0.590008 -0.085598
v 1.324255 -0.590008 -0.085598
v 1.324255 -0.590008 -0.085598
v 1.324255 -0.590008 -0.085598
v 1.324255 -0.590008 -0.085598
v 1.325957 -0.541192 -0.085598
v 1.325957 -0.541192 -0.085598
v 1.325957 -0.541192 -0.085598
v 1.325957 -0.541192 -0.085598
v 1.325957 -0.541192 -0.085598
v 1.313256 -0.528556 -0.085598
v 1.313256 -0.528556 -0.085598
v 1.313256 -0.528556 -0.085598
v 1.313256 -0.528556 -0.085598
v 1.313256 -0.528556 -0.085598
v 1.324255 -0.534874 -0.085598
v 1.324255 -0.534874 -0.085598
v 1.324255 -0.534874 -0.085598
v 1.324255 -0.534874 -0.085598
v 1.324255 -0.534874 -0.085598
v 1.324255 -0.534874 -0.085598
v 1.319606 -0.530249 -0.085598
v 1.319606 -0.530249 -0.085598
v 1.319606 -0.530249 -0.085598
v 1.319606 -0.530249 -0.085598
v 1.319606 -0.530249 -0.085598
v 1.313268 -0.596325 0.000000
v 1.313268 -0.596325 0.000000
v 1.313268 -0.596325 0.000000
v 1.325957 -0.583700 0.000000
v 1.325957 -0.583700 0.000000
v 1.319613 -0.594634 0.000000
v 1.319613 -0.594634 0.000000
v 1.319613 -0.594634 0.000000
v 1.324257 -0.590013 0.000000
v 1.324257 -0.590013 0.000000
v 1.324257 -0.590013 0.000000
v 1.324257 -0.590013 0.000000
v 1.325957 -0.541181 0.000000
v 1.325957 -0.541181 0.000000
v 1.325957 -0.541181 0.000000
v 1.313268 -0.528556 0.000000
v 1.313268 -0.528556 0.000000
v 1.324257 -0.534869 0.000000
v 1.324257 -0.534869 0.000000
v 1.324257 -0.534869 0.000000
v 1.319613 -0.530247 0.000000
v 1.319613 -0.530247 0.000000
v 1.319613 -0.530247 0.000000
v 1.319613 -0.530247 0.000000
v 1.298267 -0.581324 -0.111877
v 1.298267 -0.581324 -0.111877
v 1.298267 -0.581324 -0.111877
v 1.298267 -0.581324 -0.111877
v 1.298267 -0.581324 -0.111877
v 1.310956 -0.568710 -0.111877
v 1.310956 -0.568710 -0.111877
v 1.310956 -0.568710 -0.111877
v 1.310956 -0.568710 -0.111877
v 1.310956 -0.568710 -0.111877
v 1.304611 -0.579634 -0.111877
v 1.304611 -0.579634 -0.111877
v 1.304611 -0.579634 -0.111877
v 1.304611 -0.579634 -0.111877
v 1.304611 -0.579634 -0.111877
v 1.304611 -0.579634 -0.111877
v 1.309256 -0.575017 -0.111877
v 1.309256 -0.575017 -0.111877
v 1.309256 -0.575017 -0.111877
v 1.309256 -0.575017 -0.111877
v 1.309256 -0.575017 -0.111877
v 1.309256 -0.575017 -0.111877
v 1.310956 -0.556171 -0.111877
v 1.310956 -0.556171 -0.111877
v 1.310956 -0.556171 -0.111877
v 1.310956 -0.556171 -0.111877
v 1.310956 -0.556171 -0.111877
v 1.298267 -0.543557 -0.111877
v 1.298267 -0.543557 -0.111877
v 1.298267 -0.543557 -0.111877
v 1.298267 -0.543557 -0.111877
v 1.298267 -0.543557 -0.111877
v 1.309256 -0.549864 -0.111877
v 1.309256 -0.549864 -0.111877
v 1.309256 -0.549864 -0.111877
v 1.309256 -0.549864 -0.111877
v 1.309256 -0.549864 -0.111877
v 1.309256 -0.549864 -0.111877
v 1.304611 -0.545247 -0.111877
v 1.304611 -0.545247 -0.111877
v 1.304611 -0.545247 -0.111877
v 1.304611 -0.545247 -0.111877
v 1.304611 -0.545247 -0.111877
v 1.304611 -0.545247 -0.111877
v 1.273189 -0.556077 -0.549963
v 1.273189 -0.556077 -0.549963
v 1.273189 -0.556077 -0.549963
v 1.273189 -0.556077 -0.549963
v 1.273189 -0.556077 -0.549963
v 1.273189 -0.543557 -0.537589
v 1.273189 -0.543557 -0.537589
v 1.273189 -0.543557 -0.537589
v 1.273189 -0.543557 -0.537589
v 1.273189 -0.549817 -0.548305
v 1.273189 -0.549817 -0.548305
v 1.273189 -0.549817 -0.548305
v 1.273189 -0.549817 -0.548305
v 1.273189 -0.549817 -0.548305
v 1.273189 -0.549817 -0.548305
v 1.273189 -0.545234 -0.543776
v 1.273189 -0.545234 -0.543776
v 1.273189 -0.545234 -0.543776
v 1.273189 -0.545234 -0.543776
v 1.273189 -0.545234 -0.543776
v 1.273189 -0.545234 -0.543776
v 1.273189 -0.581324 -0.537589
v 1.273189 -0.581324 -0.537589
v 1.273189 -0.581324 -0.537589
v 1.273189 -0.581324 -0.537589
v 1.273189 -0.568804 -0.549963
v 1.273189 -0.568804 -0.549963
v 1.273189 -0.568804 -0.549963
v 1.273189 -0.568804 -0.549963
v 1.273189 -0.579647 -0.543776
v 1.273189 -0.579647 -0.543776
v 1.273189 -0.579647 -0.543776
v 1.273189 -0.579647 -0.543776
v 1.273189 -0.579647 -0.543776
v 1.273189 -0.579647 -0.543776
v 1.273189 -0.575064 -0.548305
v 1.273189 -0.575064 -0.548305
v 1.273189 -0.575064 -0.548305
v 1.273189 -0.575064 -0.548305
v 1.273189 -0.575064 -0.548305
v 1.273189 -0.575064 -0.548305
v 1.298311 -0.581324 -0.537589
v 1.298311 -0.581324 -0.537589
v 1.298311 -0.581324 -0.537589
v 1.298311 -0.581324 -0.537589
v 1.310956 -0.568786 -0.549963
v 1.310956 -0.568786 -0.549963
v 1.310956 -0.568786 -0.549963
v 1.310956 -0.568786 -0.549963
v 1.310956 -0.568786 -0.549963
v 1.304633 -0.579645 -0.543776
v 1.304633 -0.579645 -0.543776
v 1.304633 -0.579645 -0.543776
v 1.304633 -0.579645 -0.543776
v 1.304633 -0.579645 -0.543776
v 1.304633 -0.579645 -0.543776
v 1.309262 -0.575055 -0.548305
v 1.309262 -0.575055 -0.548305
v 1.309262 -0.575055 -0.548305
v 1.309262 -0.575055 -0.548305
v 1.309262 -0.575055 -0.548305
v 1.298311 -0.543557 -0.537589
v 1.298311 -0.543557 -0.537589
v 1.298311 -0.543557 -0.537589
v 1.298311 -0.543557 -0.537589
v 1.310956 -0.556095 -0.549963
v 1.310956 -0.556095 -0.549963
v 1.310956 -0.556095 -0.549963
v 1.310956 -0.556095 -0.549963
v 1.310956 -0.556095 -0.549963
v 1.304633 -0.545237 -0.543776
v 1.304633 -0.545237 -0.543776
v 1.304633 -0.545237 -0.543776
v 1.304633 -0.545237 -0.543776
v 1.304633 -0.545237 -0.543776
v 1.304633 -0.545237 -0.543776
v 1.309262 -0.549826 -0.548305
v 1.309262 -0.549826 -0.548305
v 1.309262 -0.549826 -0.548305
v 1.309262 -0.549826 -0.548305
v 1.309262 -0.549826 -0.548305
v 1.309262 -0.549826 -0.548305
v 1.298300 -0.543557 -0.516693
v 1.298300 -0.543557 -0.516693
v 1.298300 -0.543557 -0.516693
v 1.298300 -0.543557 -0.516693
v 1.310956 -0.556125 -0.516693
v 1.310956 -0.556125 -0.516693
v 1.310956 -0.556125 -0.516693
v 1.310956 -0.556125 -0.516693
v 1.304628 -0.545241 -0.516693
v 1.304628 -0.545241 -0.516693
v 1.304628 -0.545241 -0.516693
v 1.304628 -0.545241 -0.516693
v 1.304628 -0.545241 -0.516693
v 1.304628 -0.545241 -0.516693
v 1.309260 -0.549841 -0.516693
v 1.309260 -0.549841 -0.516693
v 1.309260 -0.549841 -0.516693
v 1.309260 -0.549841 -0.516693
v 1.309260 -0.549841 -0.516693
v 1.309260 -0.549841 -0.516693
v 1.310956 -0.568756 -0.516693
v 1.310956 -0.568756 -0.516693
v 1.310956 -0.568756 -0.516693
v 1.310956 -0.568756 -0.516693
v 1.298300 -0.581324 -0.516693
v 1.298300 -0.581324 -0.516693
v 1.298300 -0.581324 -0.516693
v 1.298300 -0.581324 -0.516693
v 1.309260 -0.575040 -0.516693
v 1.309260 -0.575040 -0.516693
v 1.309260 -0.575040 -0.516693
v 1.309260 -0.575040 -0.516693
v 1.309260 -0.575040 -0.516693
v 1.309260 -0.575040 -0.516693
v 1.304628 -0.579640 -0.516693
v 1.304628 -0.579640 -0.516693
v 1.304628 -0.579640 -0.516693
v 1.304628 -0.579640 -0.516693
v 1.304628 -0.579640 -0.516693
v 1.304628 -0.579640 -0.516693
v 1.082276 -0.543557 -0.538793
v 1.082276 -0.543557 -0.538793
v 1.082276 -0.543557 -0.538793
v 1.082276 -0.543557 -0.538793
v 1.082276 -0.543557 -0.538793
v 1.082276 -0.556072 -0.551167
v 1.082276 -0.556072 -0.551167
v 1.082276 -0.556072 -0.551167
v 1.069902 -0.543557 -0.551245
v 1.069902 -0.543557 -0.551245
v 1.069902 -0.543557 -0.551245
v 1.082276 -0.531256 -0.552506
v 1.082276 -0.531256 -0.552506
v 1.082276 -0.531256 -0.552506
v 1.082276 -0.545234 -0.544980
v 1.082276 -0.545234 -0.544980
v 1.082276 -0.545234 -0.544980
v 1.082276 -0.545234 -0.544980
v 1.082276 -0.549814 -0.549509
v 1.082276 -0.549814 -0.549509
v 1.082276 -0.549814 -0.549509
v 1.082276 -0.549814 -0.549509
v 1.082276 -0.568809 -0.551167
v 1.082276 -0.568809 -0.551167
v 1.082276 -0.568809 -0.551167
v 1.082276 -0.568809 -0.551167
v 1.082276 -0.581324 -0.538793
v 1.082276 -0.581324 -0.538793
v 1.082276 -0.581324 -0.538793
v 1.069902 -0.581324 -0.551245
v 1.069902 -0.581324 -0.551245
v 1.069902 -0.581324 -0.551245
v 1.069902 -0.581324 -0.551245
v 1.069902 -0.581324 -0.551245
v 1.082276 -0.575067 -0.549509
v 1.082276 -0.575067 -0.549509
v 1.082276 -0.575067 -0.549509
v 1.082276 -0.575067 -0.549509
v 1.082276 -0.575067 -0.549509
v 1.082276 -0.579648 -0.544980
v 1.082276 -0.579648 -0.544980
v 1.082276 -0.579648 -0.544980
v 1.082276 -0.579648 -0.544980
v 1.082276 -0.579648 -0.544980
v 1.258187 -0.716143 0.085598
v 1.258187 -0.716143 0.085598
v 1.258187 -0.716143 0.085598
v 1.258187 -0.716143 0.085598
v 1.258187 -0.648373 0.085598
v 1.258187 -0.648373 0.085598
v 1.258187 -0.648373 0.085598
v 1.258187 -0.648373 0.085598
v 1.273189 -0.663375 0.111877
v 1.273189 -0.663375 0.111877
v 1.273189 -0.663375 0.111877
v 1.273189 -0.663375 0.111877
v 1.273189 -0.701142 0.111877
v 1.273189 -0.701142 0.111877
v 1.273189 -0.701142 0.111877
v 1.273189 -0.701142 0.111877
v 1.273189 -0.663375 0.516693
v 1.273189 -0.663375 0.516693
v 1.273189 -0.663375 0.516693
v 1.273189 -0.701142 0.516693
v 1.273189 -0.701142 0.516693
v 1.273189 -0.701142 0.516693
v 1.069718 -0.663375 0.596323
v 1.069718 -0.663375 0.596323
v 1.069718 -0.663375 0.596323
v 1.069718 -0.701142 0.596323
v 1.069718 -0.701142 0.596323
v 1.069718 -0.701142 0.596323
v 0.987086 -0.663375 0.629593
v 0.987086 -0.663375 0.629593
v 0.987086 -0.663375 0.629593
v 0.987086 -0.701142 0.629593
v 0.987086 -0.701142 0.629593
v 0.987086 -0.701142 0.629593
v 0.987086 -0.663375 0.596323
v 0.987086 -0.663375 0.596323
v 0.987086 -0.663375 0.596323
v 0.987086 -0.701142 0.596323
v 0.987086 -0.701142 0.596323
v 0.987086 -0.701142 0.596323
v 1.258187 -0.596325 0.085598
v 1.258187 -0.596325 0.085598
v 1.258187 -0.596325 0.085598
v 1.258187 -0.596325 0.085598
v 1.258187 -0.528556 0.085598
v 1.258187 -0.528556 0.085598
v 1.258187 -0.528556 0.085598
v 1.258187 -0.528556 0.085598
v 1.273189 -0.543557 0.111877
v 1.273189 -0.543557 0.111877
v 1.273189 -0.543557 0.111877
v 1.273189 -0.543557 0.111877
v 1.273189 -0.581324 0.111877
v 1.273189 -0.581324 0.111877
v 1.273189 -0.581324 0.111877
v 1.273189 -0.581324 0.111877
v 1.273189 -0.543557 0.516693
v 1.273189 -0.543557 0.516693
v 1.273189 -0.543557 0.516693
v 1.273189 -0.581324 0.516693
v 1.273189 -0.581324 0.516693
v 1.273189 -0.581324 0.516693
v 1.019104 -0.543557 0.551565
v 1.019104 -0.543557 0.551565
v 1.019104 -0.543557 0.551565
v 1.019104 -0.581324 0.551565
v 1.019104 -0.581324 0.551565
v 1.019104 -0.581324 0.551565
v 1.019104 -0.543557 0.518295
v 1.019104 -0.543557 0.518295
v 1.019104 -0.543557 0.518295
v 1.019104 -0.581324 0.518295
v 1.019104 -0.581324 0.518295
v 1.019104 -0.581324 0.518295
v 1.082276 -0.543557 0.517897
v 1.082276 -0.543557 0.517897
v 1.082276 -0.543557 0.517897
v 1.082276 -0.543557 0.517897
v 1.082276 -0.581324 0.517897
v 1.082276 -0.581324 0.517897
v 1.019104 -0.459341 0.558740
v 1.019104 -0.459341 0.558740
v 1.019104 -0.459341 0.558740
v 1.019104 -0.459341 0.525470
v 1.019104 -0.459341 0.525470
v 1.019104 -0.459341 0.525470
v 1.019104 -0.459341 0.525470
v 1.082276 -0.477672 0.558341
v 1.082276 -0.477672 0.558341
v 1.082276 -0.477672 0.558341
v 1.082276 -0.477672 0.525071
v 1.082276 -0.477672 0.525071
v 1.082276 -0.477672 0.525071
v 1.082276 -0.477672 0.525071
v 1.082276 -0.477672 0.525071
v 1.019104 -0.477895 0.557159
v 1.019104 -0.477895 0.557159
v 1.019104 -0.477895 0.557159
v 1.082276 -0.492187 0.556761
v 1.082276 -0.492187 0.556761
v 1.082276 -0.492187 0.556761
v 1.082276 -0.492187 0.523491
v 1.082276 -0.492187 0.523491
v 1.082276 -0.492187 0.523491
v 1.082276 -0.492187 0.523491
v 1.019104 -0.477895 0.523889
v 1.019104 -0.477895 0.523889
v 1.019104 -0.477895 0.523889
v 1.019104 -0.477895 0.523889
v 1.019104 -0.477895 0.523889
v 1.313256 -0.716143 0.085598
v 1.313256 -0.716143 0.085598
v 1.313256 -0.716143 0.085598
v 1.313256 -0.716143 0.085598
v 1.313256 -0.716143 0.085598
v 1.325957 -0.703507 0.085598
v 1.325957 -0.703507 0.085598
v 1.325957 -0.703507 0.085598
v 1.325957 -0.703507 0.085598
v 1.325957 -0.703507 0.085598
v 1.319606 -0.714450 0.085598
v 1.319606 -0.714450 0.085598
v 1.319606 -0.714450 0.085598
v 1.319606 -0.714450 0.085598
v 1.319606 -0.714450 0.085598
v 1.324255 -0.709825 0.085598
v 1.324255 -0.709825 0.085598
v 1.324255 -0.709825 0.085598
v 1.324255 -0.709825 0.085598
v 1.324255 -0.709825 0.085598
v 1.325957 -0.661009 0.085598
v 1.325957 -0.661009 0.085598
v 1.325957 -0.661009 0.085598
v 1.325957 -0.661009 0.085598
v 1.325957 -0.661009 0.085598
v 1.313256 -0.648373 0.085598
v 1.313256 -0.648373 0.085598
v 1.313256 -0.648373 0.085598
v 1.313256 -0.648373 0.085598
v 1.313256 -0.648373 0.085598
v 1.324255 -0.654691 0.085598
v 1.324255 -0.654691 0.085598
v 1.324255 -0.654691 0.085598
v 1.324255 -0.654691 0.085598
v 1.324255 -0.654691 0.085598
v 1.324255 -0.654691 0.085598
v 1.319606 -0.650066 0.085598
v 1.319606 -0.650066 0.085598
v 1.319606 -0.650066 0.085598
v 1.319606 -0.650066 0.085598
v 1.319606 -0.650066 0.085598
v 1.298267 -0.701142 0.111877
v 1.298267 -0.701142 0.111877
v 1.298267 -0.701142 0.111877
v 1.298267 -0.701142 0.111877
v 1.298267 -0.701142 0.111877
v 1.310956 -0.688528 0.111877
v 1.310956 -0.688528 0.111877
v 1.310956 -0.688528 0.111877
v 1.310956 -0.688528 0.111877
v 1.310956 -0.688528 0.111877
v 1.304611 -0.699452 0.111877
v 1.304611 -0.699452 0.111877
v 1.304611 -0.699452 0.111877
v 1.304611 -0.699452 0.111877
v 1.304611 -0.699452 0.111877
v 1.304611 -0.699452 0.111877
v 1.309256 -0.694835 0.111877
v 1.309256 -0.694835 0.111877
v 1.309256 -0.694835 0.111877
v 1.309256 -0.694835 0.111877
v 1.309256 -0.694835 0.111877
v 1.310956 -0.675989 0.111877
v 1.310956 -0.675989 0.111877
v 1.310956 -0.675989 0.111877
v 1.310956 -0.675989 0.111877
v 1.310956 -0.675989 0.111877
v 1.298267 -0.663375 0.111877
v 1.298267 -0.663375 0.111877
v 1.298267 -0.663375 0.111877
v 1.298267 -0.663375 0.111877
v 1.298267 -0.663375 0.111877
v 1.309256 -0.669682 0.111877
v 1.309256 -0.669682 0.111877
v 1.309256 -0.669682 0.111877
v 1.309256 -0.669682 0.111877
v 1.309256 -0.669682 0.111877
v 1.309256 -0.669682 0.111877
v 1.304611 -0.665065 0.111877
v 1.304611 -0.665065 0.111877
v 1.304611 -0.665065 0.111877
v 1.304611 -0.665065 0.111877
v 1.304611 -0.665065 0.111877
v 1.304611 -0.665065 0.111877
v 1.273189 -0.675895 0.549963
v 1.273189 -0.675895 0.549963
v 1.273189 -0.675895 0.549963
v 1.273189 -0.675895 0.549963
v 1.273189 -0.675895 0.549963
v 1.273189 -0.663375 0.537165
v 1.273189 -0.663375 0.537165
v 1.273189 -0.663375 0.537165
v 1.273189 -0.663375 0.537165
v 1.273189 -0.669635 0.548249
v 1.273189 -0.669635 0.548249
v 1.273189 -0.669635 0.548249
v 1.273189 -0.669635 0.548249
v 1.273189 -0.669635 0.548249
v 1.273189 -0.665052 0.543564
v 1.273189 -0.665052 0.543564
v 1.273189 -0.665052 0.543564
v 1.273189 -0.665052 0.543564
v 1.273189 -0.665052 0.543564
v 1.273189 -0.701142 0.537165
v 1.273189 -0.701142 0.537165
v 1.273189 -0.701142 0.537165
v 1.273189 -0.701142 0.537165
v 1.273189 -0.688621 0.549963
v 1.273189 -0.688621 0.549963
v 1.273189 -0.688621 0.549963
v 1.273189 -0.688621 0.549963
v 1.273189 -0.688621 0.549963
v 1.273189 -0.699464 0.543564
v 1.273189 -0.699464 0.543564
v 1.273189 -0.699464 0.543564
v 1.273189 -0.699464 0.543564
v 1.273189 -0.694882 0.548249
v 1.273189 -0.694882 0.548249
v 1.273189 -0.694882 0.548249
v 1.273189 -0.694882 0.548249
v 1.273189 -0.694882 0.548249
v 1.273189 -0.694882 0.548249
v 1.298311 -0.701142 0.537181
v 1.298311 -0.701142 0.537181
v 1.298311 -0.701142 0.537181
v 1.310956 -0.688604 0.549963
v 1.310956 -0.688604 0.549963
v 1.310956 -0.688604 0.549963
v 1.310956 -0.688604 0.549963
v 1.310956 -0.688604 0.549963
v 1.304633 -0.699462 0.543572
v 1.304633 -0.699462 0.543572
v 1.304633 -0.699462 0.543572
v 1.304633 -0.699462 0.543572
v 1.304633 -0.699462 0.543572
v 1.304633 -0.699462 0.543572
v 1.309262 -0.694873 0.548251
v 1.309262 -0.694873 0.548251
v 1.309262 -0.694873 0.548251
v 1.309262 -0.694873 0.548251
v 1.309262 -0.694873 0.548251
v 1.309262 -0.694873 0.548251
v 1.298311 -0.663375 0.537181
v 1.298311 -0.663375 0.537181
v 1.298311 -0.663375 0.537181
v 1.298311 -0.663375 0.537181
v 1.310956 -0.675912 0.549963
v 1.310956 -0.675912 0.549963
v 1.310956 -0.675912 0.549963
v 1.310956 -0.675912 0.549963
v 1.310956 -0.675912 0.549963
v 1.304633 -0.665054 0.543572
v 1.304633 -0.665054 0.543572
v 1.304633 -0.665054 0.543572
v 1.304633 -0.665054 0.543572
v 1.304633 -0.665054 0.543572
v 1.309262 -0.669643 0.548251
v 1.309262 -0.669643 0.548251
v 1.309262 -0.669643 0.548251
v 1.309262 -0.669643 0.548251
v 1.309262 -0.669643 0.548251
v 1.298300 -0.663375 0.516693
v 1.298300 -0.663375 0.516693
v 1.298300 -0.663375 0.516693
v 1.298300 -0.663375 0.516693
v 1.310956 -0.675943 0.516693
v 1.310956 -0.675943 0.516693
v 1.310956 -0.675943 0.516693
v 1.310956 -0.675943 0.516693
v 1.304628 -0.665058 0.516693
v 1.304628 -0.665058 0.516693
v 1.304628 -0.665058 0.516693
v 1.304628 -0.665058 0.516693
v 1.304628 -0.665058 0.516693
v 1.304628 -0.665058 0.516693
v 1.309260 -0.669659 0.516693
v 1.309260 -0.669659 0.516693
v 1.309260 -0.669659 0.516693
v 1.309260 -0.669659 0.516693
v 1.309260 -0.669659 0.516693
v 1.310956 -0.688574 0.516693
v 1.310956 -0.688574 0.516693
v 1.310956 -0.688574 0.516693
v 1.310956 -0.688574 0.516693
v 1.298300 -0.701142 0.516693
v 1.298300 -0.701142 0.516693
v 1.298300 -0.701142 0.516693
v 1.298300 -0.701142 0.516693
v 1.309260 -0.694858 0.516693
v 1.309260 -0.694858 0.516693
v 1.309260 -0.694858 0.516693
v 1.309260 -0.694858 0.516693
v 1.309260 -0.694858 0.516693
v 1.309260 -0.694858 0.516693
v 1.304628 -0.699458 0.516693
v 1.304628 -0.699458 0.516693
v 1.304628 -0.699458 0.516693
v 1.304628 -0.699458 0.516693
v 1.304628 -0.699458 0.516693
v 1.304628 -0.699458 0.516693
v 1.069718 -0.663375 0.616776
v 1.069718 -0.663375 0.616776
v 1.069718 -0.663375 0.616776
v 1.069718 -0.663375 0.616776
v 1.069718 -0.675889 0.629593
v 1.069718 -0.675889 0.629593
v 1.069718 -0.675889 0.629593
v 1.069718 -0.675889 0.629593
v 1.057344 -0.663375 0.629593
v 1.057344 -0.663375 0.629593
v 1.057344 -0.663375 0.629593
v 1.057344 -0.663375 0.629593
v 1.057344 -0.663375 0.629593
v 1.069718 -0.665051 0.623184
v 1.069718 -0.665051 0.623184
v 1.069718 -0.665051 0.623184
v 1.069718 -0.665051 0.623184
v 1.069718 -0.669632 0.627876
v 1.069718 -0.669632 0.627876
v 1.069718 -0.669632 0.627876
v 1.069718 -0.669632 0.627876
v 1.069718 -0.669632 0.627876
v 1.069718 -0.688627 0.629593
v 1.069718 -0.688627 0.629593
v 1.069718 -0.688627 0.629593
v 1.069718 -0.688627 0.629593
v 1.069718 -0.688627 0.629593
v 1.069718 -0.701142 0.616776
v 1.069718 -0.701142 0.616776
v 1.069718 -0.701142 0.616776
v 1.057344 -0.701142 0.629593
v 1.057344 -0.701142 0.629593
v 1.057344 -0.701142 0.629593
v 1.057344 -0.701142 0.629593
v 1.057344 -0.701142 0.629593
v 1.069718 -0.694884 0.627876
v 1.069718 -0.694884 0.627876
v 1.069718 -0.694884 0.627876
v 1.069718 -0.694884 0.627876
v 1.069718 -0.699465 0.623184
v 1.069718 -0.699465 0.623184
v 1.069718 -0.699465 0.623184
v 1.069718 -0.699465 0.623184
v 1.069718 -0.699465 0.623184
v 1.313256 -0.596325 0.085598
v 1.313256 -0.596325 0.085598
v 1.313256 -0.596325 0.085598
v 1.313256 -0.596325 0.085598
v 1.313256 -0.596325 0.085598
v 1.325957 -0.583690 0.085598
v 1.325957 -0.583690 0.085598
v 1.325957 -0.583690 0.085598
v 1.325957 -0.583690 0.085598
v 1.325957 -0.583690 0.085598
v 1.319606 -0.594633 0.085598
v 1.319606 -0.594633 0.085598
v 1.319606 -0.594633 0.085598
v 1.319606 -0.594633 0.085598
v 1.319606 -0.594633 0.085598
v 1.319606 -0.594633 0.085598
v 1.324255 -0.590008 0.085598
v 1.324255 -0.590008 0.085598
v 1.324255 -0.590008 0.085598
v 1.324255 -0.590008 0.085598
v 1.324255 -0.590008 0.085598
v 1.325957 -0.541192 0.085598
v 1.325957 -0.541192 0.085598
v 1.325957 -0.541192 0.085598
v 1.325957 -0.541192 0.085598
v 1.325957 -0.541192 0.085598
v 1.313256 -0.528556 0.085598
v 1.313256 -0.528556 0.085598
v 1.313256 -0.528556 0.085598
v 1.313256 -0.528556 0.085598
v 1.313256 -0.528556 0.085598
v 1.324255 -0.534874 0.085598
v 1.324255 -0.534874 0.085598
v 1.324255 -0.534874 0.085598
v 1.324255 -0.534874 0.085598
v 1.324255 -0.534874 0.085598
v 1.324255 -0.534874 0.085598
v 1.319606 -0.530249 0.085598
v 1.319606 -0.530249 0.085598
v 1.319606 -0.530249 0.085598
v 1.319606 -0.530249 0.085598
v 1.319606 -0.530249 0.085598
v 1.298267 -0.581324 0.111877
v 1.298267 -0.581324 0.111877
v 1.298267 -0.581324 0.111877
v 1.298267 -0.581324 0.111877
v 1.298267 -0.581324 0.111877
v 1.310956 -0.568710 0.111877
v 1.310956 -0.568710 0.111877
v 1.310956 -0.568710 0.111877
v 1.310956 -0.568710 0.111877
v 1.310956 -0.568710 0.111877
v 1.304611 -0.579634 0.111877
v 1.304611 -0.579634 0.111877
v 1.304611 -0.579634 0.111877
v 1.304611 -0.579634 0.111877
v 1.304611 -0.579634 0.111877
v 1.304611 -0.579634 0.111877
v 1.309256 -0.575017 0.111877
v 1.309256 -0.575017 0.111877
v 1.309256 -0.575017 0.111877
v 1.309256 -0.575017 0.111877
v 1.309256 -0.575017 0.111877
v 1.309256 -0.575017 0.111877
v 1.310956 -0.556171 0.111877
v 1.310956 -0.556171 0.111877
v 1.310956 -0.556171 0.111877
v 1.310956 -0.556171 0.111877
v 1.310956 -0.556171 0.111877
v 1.298267 -0.543557 0.111877
v 1.298267 -0.543557 0.111877
v 1.298267 -0.543557 0.111877
v 1.298267 -0.543557 0.111877
v 1.298267 -0.543557 0.111877
v 1.309256 -0.549864 0.111877
v 1.309256 -0.549864 0.111877
v 1.309256 -0.549864 0.111877
v 1.309256 -0.549864 0.111877
v 1.309256 -0.549864 0.111877
v 1.309256 -0.549864 0.111877
v 1.304611 -0.545247 0.111877
v 1.304611 -0.545247 0.111877
v 1.304611 -0.545247 0.111877
v 1.304611 -0.545247 0.111877
v 1.304611 -0.545247 0.111877
v 1.304611 -0.545247 0.111877
v 1.273189 -0.556077 0.549963
v 1.273189 -0.556077 0.549963
v 1.273189 -0.556077 0.549963
v 1.273189 -0.556077 0.549963
v 1.273189 -0.556077 0.549963
v 1.273189 -0.543557 0.537589
v 1.273189 -0.543557 0.537589
v 1.273189 -0.543557 0.537589
v 1.273189 -0.543557 0.537589
v 1.273189 -0.549817 0.548305
v 1.273189 -0.549817 0.548305
v 1.273189 -0.549817 0.548305
v 1.273189 -0.549817 0.548305
v 1.273189 -0.549817 0.548305
v 1.273189 -0.549817 0.548305
v 1.273189 -0.545234 0.543776
v 1.273189 -0.545234 0.543776
v 1.273189 -0.545234 0.543776
v 1.273189 -0.545234 0.543776
v 1.273189 -0.545234 0.543776
v 1.273189 -0.545234 0.543776
v 1.273189 -0.581324 0.537589
v 1.273189 -0.581324 0.537589
v 1.273189 -0.581324 0.537589
v 1.273189 -0.581324 0.537589
v 1.273189 -0.568804 0.549963
v 1.273189 -0.568804 0.549963
v 1.273189 -0.568804 0.549963
v 1.273189 -0.568804 0.549963
v 1.273189 -0.579647 0.543776
v 1.273189 -0.579647 0.543776
v 1.273189 -0.579647 0.543776
v 1.273189 -0.579647 0.543776
v 1.273189 -0.579647 0.543776
v 1.273189 -0.579647 0.543776
v 1.273189 -0.575064 0.548305
v 1.273189 -0.575064 0.548305
v 1.273189 -0.575064 0.548305
v 1.273189 -0.575064 0.548305
v 1.273189 -0.575064 0.548305
v 1.273189 -0.575064 0.548305
v 1.298311 -0.581324 0.537589
v 1.298311 -0.581324 0.537589
v 1.298311 -0.581324 0.537589
v 1.298311 -0.581324 0.537589
v 1.310956 -0.568786 0.549963
v 1.310956 -0.568786 0.549963
v 1.310956 -0.568786 0.549963
v 1.310956 -0.568786 0.549963
v 1.310956 -0.568786 0.549963
v 1.304633 -0.579645 0.543776
v 1.304633 -0.579645 0.543776
v 1.304633 -0.579645 0.543776
v 1.304633 -0.579645 0.543776
v 1.304633 -0.579645 0.543776
v 1.304633 -0.579645 0.543776
v 1.309262 -0.575055 0.548305
v 1.309262 -0.575055 0.548305
v 1.309262 -0.575055 0.548305
v 1.309262 -0.575055 0.548305
v 1.309262 -0.575055 0.548305
v 1.298311 -0.543557 0.537589
v 1.298311 -0.543557 0.537589
v 1.298311 -0.543557 0.537589
v 1.298311 -0.543557 0.537589
v 1.310956 -0.556095 0.549963
v 1.310956 -0.556095 0.549963
v 1.310956 -0.556095 0.549963
v 1.310956 -0.556095 0.549963
v 1.310956 -0.556095 0.549963
v 1.304633 -0.545237 0.543776
v 1.304633 -0.545237 0.543776
v 1.304633 -0.545237 0.543776
v 1.304633 -0.545237 0.543776
v 1.304633 -0.545237 0.543776
v 1.304633 -0.545237 0.543776
v 1.309262 -0.549826 0.548305
v 1.309262 -0.549826 0.548305
v 1.309262 -0.549826 0.548305
v 1.309262 -0.549826 0.548305
v 1.309262 -0.549826 0.548305
v 1.309262 -0.549826 0.548305
v 1.298300 -0.543557 0.516693
v 1.298300 -0.543557 0.516693
v 1.298300 -0.543557 0.516693
v 1.298300 -0.543557 0.516693
v 1.310956 -0.556125 0.516693
v 1.310956 -0.556125 0.516693
v 1.310956 -0.556125 0.516693
v 1.310956 -0.556125 0.516693
v 1.304628 -0.545241 0.516693
v 1.304628 -0.545241 0.516693
v 1.304628 -0.545241 0.516693
v 1.304628 -0.545241 0.516693
v 1.304628 -0.545241 0.516693
v 1.304628 -0.545241 0.516693
v 1.309260 -0.549841 0.516693
v 1.309260 -0.549841 0.516693
v 1.309260 -0.549841 0.516693
v 1.309260 -0.549841 0.516693
v 1.309260 -0.549841 0.516693
v 1.309260 -0.549841 0.516693
v 1.310956 -0.568756 0.516693
v 1.310956 -0.568756 0.516693
v 1.310956 -0.568756 0.516693
v 1.310956 -0.568756 0.516693
v 1.298300 -0.581324 0.516693
v 1.298300 -0.581324 0.516693
v 1.298300 -0.581324 0.516693
v 1.298300 -0.581324 0.516693
v 1.309260 -0.575040 0.516693
v 1.309260 -0.575040 0.516693
v 1.309260 -0.575040 0.516693
v 1.309260 -0.575040 0.516693
v 1.309260 -0.575040 0.516693
v 1.309260 -0.575040 0.516693
v 1.304628 -0.579640 0.516693
v 1.304628 -0.579640 0.516693
v 1.304628 -0.579640 0.516693
v 1.304628 -0.579640 0.516693
v 1.304628 -0.579640 0.516693
v 1.304628 -0.579640 0.516693
v 1.082276 -0.543557 0.538793
v 1.082276 -0.543557 0.538793
v 1.082276 -0.543557 0.538793
v 1.082276 -0.543557 0.538793
v 1.082276 -0.543557 0.538793
v 1.082276 -0.556072 0.551167
v 1.082276 -0.556072 0.551167
v 1.082276 -0.556072 0.551167
v 1.069902 -0.543557 0.551245
v 1.069902 -0.543557 0.551245
v 1.069902 -0.543557 0.551245
v 1.082276 -0.531256 0.552506
v 1.082276 -0.531256 0.552506
v 1.082276 -0.531256 0.552506
v 1.082276 -0.545234 0.544980
v 1.082276 -0.545234 0.544980
v 1.082276 -0.545234 0.544980
v 1.082276 -0.545234 0.544980
v 1.082276 -0.549814 0.549509
v 1.082276 -0.549814 0.549509
v 1.082276 -0.549814 0.549509
v 1.082276 -0.549814 0.549509
v 1.082276 -0.568809 0.551167
v 1.082276 -0.568809 0.551167
v 1.082276 -0.568809 0.551167
v 1.082276 -0.568809 0.551167
v 1.082276 -0.581324 0.538793
v 1.082276 -0.581324 0.538793
v 1.082276 -0.581324 0.538793
v 1.069902 -0.581324 0.551245
v 1.069902 -0.581324 0.551245
v 1.069902 -0.581324 0.551245
v 1.069902 -0.581324 0.551245
v 1.069902 -0.581324 0.551245
v 1.082276 -0.575067 0.549509
v 1.082276 -0.575067 0.549509
v 1.082276 -0.575067 0.549509
v 1.082276 -0.575067 0.549509
v 1.082276 -0.575067 0.549509
v 1.082276 -0.579648 0.544980
v 1.082276 -0.579648 0.544980
v 1.082276 -0.579648 0.544980
v 1.082276 -0.579648 0.544980
v 1.082276 -0.579648 0.544980
vn -1.0000 -0.0000 -0.0000
vn -0.0000 -1.0000 -0.0000
vn -0.0000 0.8685 -0.4958
vn 0.8685 -0.0000 -0.4957
vn 0.8685 -0.0000 -0.4958
vn -0.0000 1.0000 -0.0000
vn -0.8685 -0.0000 -0.4958
vn 1.0000 -0.0000 -0.0000
vn -0.0000 -0.0000 -1.0000
vn 0.3644 -0.0000 -0.9312
vn -0.0000 -0.8685 -0.4958
vn -0.0000 -0.8685 -0.4957
vn -0.3644 -0.0000 0.9312
vn -0.0000 -0.0000 1.0000
vn -0.0000 0.8685 -0.4957
vn -0.0183 -0.0951 -0.9953
vn -0.0047 -0.0949 -0.9955
vn -0.0049 -0.0947 -0.9955
vn 0.0063 -0.0000 -1.0000
vn -0.0063 -0.0000 1.0000
vn 0.2787 0.9604 -0.0000
vn 0.9996 -0.0015 -0.0270
vn 0.0046 0.0951 0.9955
vn 0.0045 0.0952 0.9954
vn 0.2787 0.9601 -0.0237
vn 0.2786 0.9601 -0.0237
vn -0.2207 -0.9751 0.0224
vn -0.2206 -0.9751 0.0224
vn -0.9996 0.0009 0.0269
vn -0.9996 0.0011 0.0269
vn 0.2535 0.9359 -0.2448
vn 0.4169 0.6504 -0.6350
vn 0.2585 0.2556 -0.9316
vn 0.2586 -0.2556 -0.9316
vn 0.4170 -0.6503 -0.6350
vn 0.2537 -0.9358 -0.2449
vn 0.6016 -0.0431 -0.7976
vn 0.6016 -0.0431 -0.7977
vn 0.6016 -0.0428 -0.7977
vn 0.6015 -0.0431 -0.7977
vn 0.2563 -0.2476 -0.9344
vn 0.4143 -0.6399 -0.6472
vn 0.2544 -0.9334 -0.2529
vn 0.2576 -0.9662 -0.0000
vn 0.2575 -0.9663 -0.0000
vn 0.7054 -0.7088 -0.0001
vn 0.7053 -0.7089 -0.0001
vn 0.9656 -0.2601 -0.0000
vn 0.9656 -0.2600 -0.0000
vn 0.2577 0.9662 -0.0000
vn 0.2576 0.9662 -0.0000
vn 0.7053 0.7089 -0.0001
vn 0.9656 0.2600 -0.0000
vn 0.9656 0.2601 -0.0000
vn 0.7912 0.2133 -0.5732
vn 0.7912 0.2131 -0.5732
vn 0.5486 0.5520 -0.6280
vn 0.5488 0.5517 -0.6281
vn 0.2110 0.7922 -0.5726
vn 0.2112 0.7921 -0.5727
vn 0.2110 -0.7922 -0.5726
vn 0.2112 -0.7922 -0.5726
vn 0.5485 -0.5521 -0.6280
vn 0.5486 -0.5519 -0.6280
vn 0.5489 -0.5517 -0.6280
vn 0.7912 -0.2133 -0.5732
vn 0.7912 -0.2131 -0.5732
vn -0.0000 -0.9672 -0.2542
vn -0.0002 -0.9673 -0.2537
vn -0.0001 -0.9673 -0.2538
vn -0.0000 -0.9671 -0.2543
vn -0.0001 -0.7149 -0.6992
vn 0.0001 -0.7140 -0.7001
vn -0.0000 -0.2640 -0.9645
vn 0.0001 -0.2641 -0.9645
vn -0.0002 0.9671 -0.2542
vn -0.0000 0.9673 -0.2535
vn 0.0001 0.7147 -0.6994
vn -0.0000 0.7142 -0.6999
vn -0.0000 0.7143 -0.6999
vn 0.0001 0.7148 -0.6993
vn -0.0000 0.2634 -0.9647
vn 0.0001 0.2641 -0.9645
vn 0.9654 0.2608 0.0002
vn 0.9655 0.2605 0.0002
vn 0.7044 0.7098 0.0003
vn 0.7042 0.7100 0.0004
vn 0.7043 0.7099 0.0004
vn 0.7047 0.7095 0.0002
vn 0.2569 0.9664 0.0002
vn 0.2570 0.9664 0.0001
vn 0.2570 -0.9664 0.0001
vn 0.2572 -0.9664 0.0002
vn 0.7045 -0.7097 0.0003
vn 0.7047 -0.7095 0.0004
vn 0.9654 -0.2608 0.0002
vn 0.9654 -0.2606 0.0002
vn 0.9655 0.2603 -0.0001
vn 0.9655 0.2603 -0.0000
vn 0.7051 0.7091 -0.0000
vn 0.7050 0.7092 -0.0000
vn 0.2576 0.9663 -0.0000
vn 0.2574 0.9663 -0.0000
vn 0.2572 -0.9664 -0.0000
vn 0.2574 -0.9663 -0.0000
vn 0.7050 -0.7092 -0.0000
vn 0.9655 -0.2603 -0.0001
vn 0.9655 -0.2603 -0.0000
vn 0.3531 0.2476 -0.9022
vn 0.3531 0.2471 -0.9024
vn 0.2639 0.6895 -0.6745
vn 0.2638 0.6898 -0.6742
vn 0.2638 0.6899 -0.6741
vn 0.0985 0.9628 -0.2518
vn 0.0987 0.9626 -0.2523
vn 0.3531 -0.2476 -0.9022
vn 0.2637 -0.6902 -0.6739
vn 0.2639 -0.6896 -0.6744
vn 0.2638 -0.6898 -0.6742
vn 0.0988 -0.9626 -0.2524
vn 0.0986 -0.9627 -0.2520
vn 0.2575 0.9663 -0.0000
vn 0.7054 0.7088 -0.0001
vn 0.5488 0.5517 -0.6280
vn 0.2112 0.7921 -0.5726
vn 0.2111 -0.7922 -0.5726
vn 0.5488 -0.5517 -0.6280
vn -0.0000 -0.9652 -0.2616
vn 0.0001 -0.9651 -0.2619
vn -0.0000 -0.7029 -0.7113
vn 0.0002 -0.7025 -0.7117
vn 0.0001 -0.2557 -0.9667
vn 0.0001 -0.2556 -0.9668
vn 0.0001 -0.2560 -0.9667
vn 0.0001 -0.2557 -0.9668
vn -0.0000 0.9651 -0.2621
vn 0.0001 0.9652 -0.2616
vn 0.0001 0.7025 -0.7117
vn 0.0001 0.7026 -0.7116
vn 0.0001 0.2557 -0.9668
vn 0.0001 0.2560 -0.9667
vn 0.9655 0.2606 0.0002
vn 0.2570 0.9664 0.0002
vn 0.2572 0.9664 0.0001
vn 0.2568 -0.9665 0.0001
vn 0.7042 -0.7100 0.0003
vn 0.7047 -0.7096 0.0004
vn 0.7047 0.7095 -0.0000
vn 0.2572 0.9664 -0.0000
vn 0.7050 -0.7092 -0.0001
vn 0.0061 -0.2560 -0.9666
vn 0.0061 -0.2561 -0.9666
vn 0.0045 -0.7029 -0.7113
vn 0.0045 -0.7030 -0.7111
vn 0.0017 -0.9652 -0.2616
vn 0.0016 -0.9652 -0.2615
vn 0.0061 0.2561 -0.9666
vn 0.0061 0.2560 -0.9666
vn 0.0045 0.7031 -0.7111
vn 0.0045 0.7029 -0.7113
vn 0.0016 0.9652 -0.2616
vn -0.0000 0.8685 0.4958
vn 0.8685 -0.0000 0.4957
vn 0.8685 -0.0000 0.4958
vn -0.8685 -0.0000 0.4958
vn 0.3644 -0.0000 0.9312
vn -0.0000 -0.8685 0.4958
vn -0.0000 -0.8685 0.4957
vn -0.3644 -0.0000 -0.9312
vn -0.0000 0.8685 0.4957
vn -0.0183 -0.0951 0.9953
vn -0.0047 -0.0949 0.9955
vn -0.0046 -0.0951 0.9955
vn 0.0063 -0.0000 1.0000
vn -0.0063 -0.0000 -1.0000
vn 0.9996 -0.0015 0.0270
vn 0.0046 0.0951 -0.9955
vn 0.0045 0.0952 -0.9954
vn 0.2786 0.9601 0.0237
vn 0.2787 0.9601 0.0237
vn -0.2206 -0.9751 -0.0224
vn -0.2207 -0.9751 -0.0224
vn -0.9996 0.0009 -0.0269
vn -0.9996 0.0011 -0.0269
vn 0.2535 0.9359 0.2448
vn 0.4169 0.6504 0.6350
vn 0.2585 0.2556 0.9316
vn 0.2586 -0.2556 0.9316
vn 0.4170 -0.6503 0.6350
vn 0.2537 -0.9358 0.2449
vn 0.6016 -0.0431 0.7977
vn 0.6017 -0.0431 0.7976
vn 0.6018 -0.0431 0.7975
vn 0.6015 -0.0431 0.7977
vn 0.2563 -0.2476 0.9344
vn 0.4143 -0.6399 0.6472
vn 0.2544 -0.9334 0.2529
vn 0.7054 -0.7088 0.0001
vn 0.7053 -0.7089 0.0001
vn 0.7053 0.7089 0.0001
vn 0.7912 0.2131 0.5732
vn 0.7912 0.2133 0.5732
vn 0.5488 0.5517 0.6281
vn 0.5486 0.5520 0.6280
vn 0.2112 0.7921 0.5727
vn 0.2110 0.7922 0.5726
vn 0.2112 -0.7922 0.5726
vn 0.2110 -0.7922 0.5726
vn 0.5485 -0.5521 0.6280
vn 0.5489 -0.5517 0.6280
vn 0.5486 -0.5519 0.6280
vn 0.7912 -0.2131 0.5732
vn 0.7912 -0.2133 0.5732
vn -0.0000 -0.9672 0.2542
vn -0.0000 -0.9671 0.2543
vn -0.0001 -0.9673 0.2538
vn -0.0002 -0.9673 0.2537
vn 0.0001 -0.7140 0.7001
vn -0.0001 -0.7149 0.6992
vn 0.0001 -0.2641 0.9645
vn -0.0000 -0.2640 0.9645
vn -0.0000 0.9673 0.2535
vn -0.0002 0.9671 0.2542
vn 0.0001 0.7147 0.6994
vn 0.0001 0.7148 0.6993
vn -0.0000 0.7143 0.6999
vn -0.0000 0.7142 0.6999
vn 0.0001 0.2641 0.9645
vn -0.0000 0.2634 0.9647
vn 0.9655 0.2605 -0.0002
vn 0.9654 0.2608 -0.0002
vn 0.7044 0.7098 -0.0003
vn 0.7047 0.7095 -0.0002
vn 0.7043 0.7099 -0.0004
vn 0.7042 0.7100 -0.0004
vn 0.2570 0.9664 -0.0001
vn 0.2569 0.9664 -0.0002
vn 0.2572 -0.9664 -0.0002
vn 0.2570 -0.9664 -0.0001
vn 0.7047 -0.7095 -0.0004
vn 0.7045 -0.7097 -0.0003
vn 0.9654 -0.2606 -0.0002
vn 0.9654 -0.2608 -0.0002
vn 0.9655 0.2603 0.0001
vn 0.9655 -0.2603 0.0001
vn 0.3531 0.2471 0.9024
vn 0.3531 0.2476 0.9022
vn 0.2639 0.6895 0.6745
vn 0.2638 0.6899 0.6741
vn 0.2638 0.6898 0.6742
vn 0.0987 0.9626 0.2523
vn 0.0985 0.9628 0.2518
vn 0.3531 -0.2476 0.9022
vn 0.2637 -0.6902 0.6739
vn 0.2638 -0.6898 0.6742
vn 0.2639 -0.6896 0.6744
vn 0.0986 -0.9627 0.2520
vn 0.0988 -0.9626 0.2524
vn 0.7054 0.7088 0.0001
vn 0.5488 0.5517 0.6280
vn 0.2112 0.7921 0.5726
vn 0.2111 -0.7922 0.5726
vn 0.5488 -0.5517 0.6280
vn 0.0001 -0.9651 0.2619
vn -0.0000 -0.9652 0.2616
vn 0.0002 -0.7025 0.7117
vn -0.0000 -0.7029 0.7113
vn 0.0001 -0.2557 0.9667
vn 0.0001 -0.2557 0.9668
vn 0.0001 -0.2560 0.9667
vn 0.0001 -0.2556 0.9668
vn 0.0001 0.9652 0.2616
vn -0.0000 0.9651 0.2621
vn 0.0001 0.7026 0.7116
vn 0.0001 0.7025 0.7117
vn 0.0001 0.2560 0.9667
vn 0.0001 0.2557 0.9668
vn 0.9655 0.2606 -0.0002
vn 0.2572 0.9664 -0.0001
vn 0.2570 0.9664 -0.0002
vn 0.2568 -0.9665 -0.0001
vn 0.7047 -0.7096 -0.0004
vn 0.7042 -0.7100 -0.0003
vn 0.7050 -0.7092 0.0001
vn 0.0061 -0.2561 0.9666
vn 0.0061 -0.2560 0.9666
vn 0.0045 -0.7030 0.7111
vn 0.0045 -0.7029 0.7113
vn 0.0016 -0.9652 0.2615
vn 0.0017 -0.9652 0.2616
vn 0.0061 0.2560 0.9666
vn 0.0061 0.2561 0.9666
vn 0.0045 0.7029 0.7113
vn 0.0045 0.7031 0.7111
vn 0.0016 0.9652 0.2616
vt 0.375000 0.125000
vt 0.625000 0.125000
vt 0.625000 0.250000
vt 0.375000 0.250000
vt 0.291005 0.500000
vt 0.125000 0.500000
vt 0.291226 0.500000
vt 0.875000 0.500000
vt 0.671855 0.500000
vt 0.708995 0.500000
vt 0.578387 0.500000
vt 0.421613 0.500000
vt 0.458500 0.500000
vt 0.541500 0.500000
vt 0.328145 0.500000
vt 0.328191 0.625000
vt 0.125000 0.625000
vt 0.875000 0.625000
vt 0.671809 0.625000
vt 0.578424 0.625000
vt 0.421576 0.625000
vt 0.708774 0.500000
vt 0.708702 0.500000
vt 0.291298 0.500000
vt 0.542158 0.250000
vt 0.457842 0.250000
vt 0.458196 0.500000
vt 0.541804 0.500000
vt 0.542121 0.250000
vt 0.457879 0.250000
vt 0.457994 0.500000
vt 0.542006 0.500000
vt 0.613901 0.250000
vt 0.583579 0.250000
vt 0.352088 0.500000
vt 0.351596 0.625000
vt 0.397788 0.500000
vt 0.398288 0.625000
vt 0.648404 0.625000
vt 0.647912 0.500000
vt 0.601712 0.625000
vt 0.602212 0.500000
vt 0.583593 0.500000
vt 0.666657 0.500000
vt 0.333343 0.500000
vt 0.416407 0.500000
vt 0.333149 0.500000
vt 0.363786 0.500000
vt 0.375000 0.488786
vt 0.666851 0.500000
vt 0.625000 0.458149
vt 0.583503 0.488786
vt 0.583560 0.250000
vt 0.583503 0.500000
vt 0.583402 0.500000
vt 0.666887 0.500000
vt 0.333113 0.500000
vt 0.416497 0.500000
vt 0.416598 0.500000
s 1
usemtl Material.013
f 3688/105/286 3690/106/286 3686/107/286
f 3688/105/286 3686/107/286 3682/108/286
f 3887/109/287 3696/110/287 3702/110/287
f 3887/109/287 3702/110/287 4029/111/287
f 3683/112/288 3846/113/288 3912/114/288
f 3683/112/288 3912/114/288 3691/112/288
f 3843/115/289 3827/116/290 3893/117/289
f 3843/115/289 3893/117/289 3908/118/289
f 3680/110/287 3822/119/287 3862/120/287
f 3680/110/287 3862/120/287 3687/121/287
f 3699/112/291 3934/112/291 4045/112/291
f 3699/112/291 4045/112/291 3706/112/291
f 3681/108/292 3685/107/292 3693/107/292
f 3681/108/292 3693/107/292 3697/108/292
f 3847/113/291 3684/112/291 3689/122/291
f 3847/113/291 3689/122/291 3877/123/291
f 3830/116/293 3845/115/293 3876/124/293
f 3830/116/293 3876/124/293 3866/125/293
f 3699/112/291 4006/126/291 3987/127/291
f 3699/112/291 3987/127/291 3934/112/291
f 4029/111/287 3702/110/287 3948/110/287
f 4029/111/287 3948/110/287 3967/128/287
f 3711/107/294 4053/107/294 4049/129/294
f 4049/129/294 4067/130/294 4075/108/294
f 4075/108/294 3714/108/294 3711/107/294
f 4049/129/294 4075/108/294 3711/107/294
f 3948/110/287 3702/110/287 3709/110/287
f 3948/110/287 3709/110/287 4072/110/287
f 3911/118/293 3895/117/293 4028/131/293
f 3911/118/293 4028/131/293 4013/132/293
f 3692/112/291 3913/114/291 4006/126/291
f 3692/112/291 4006/126/291 3699/112/291
f 3698/108/286 3694/107/286 3701/107/286
f 3698/108/286 3701/107/286 3704/108/286
f 3933/133/295 3956/134/295 4071/130/295
f 3933/133/295 4071/130/295 4052/129/295
f 4089/119/296 3723/110/296 3739/110/296
f 4089/119/296 3739/110/296 4155/109/297
f 3703/108/298 3700/107/298 3707/107/298
f 3703/108/298 3707/107/298 3710/108/298
f 4013/132/293 4028/131/293 3974/135/293
f 4013/132/293 3974/135/293 3995/136/293
f 3952/134/294 3929/133/294 3991/136/294
f 3952/134/294 3991/136/294 3970/135/294
f 3722/108/286 3719/107/286 3713/107/286
f 3722/108/286 3713/107/286 3716/108/286
f 3718/112/291 3706/112/291 4045/112/291
f 4045/112/291 4054/112/291 3712/112/291
f 4045/112/291 3712/112/291 3718/112/291
f 3708/108/299 3705/107/299 3717/107/299
f 3708/108/299 3717/107/299 3720/108/299
f 3715/110/287 4076/110/287 4072/110/287
f 4072/110/287 3709/110/287 3721/110/287
f 4072/110/287 3721/110/287 3715/110/287
f 3732/105/286 3734/106/286 3730/107/286
f 3732/105/286 3730/107/286 3726/108/286
f 4156/109/287 3740/110/287 3746/110/287
f 4156/109/287 3746/110/287 4305/111/287
f 3727/112/300 4115/113/288 4182/114/288
f 3727/112/300 4182/114/288 3735/112/300
f 4112/115/289 4095/116/290 4162/117/289
f 4112/115/289 4162/117/289 4178/118/289
f 3724/110/287 4090/119/287 4131/120/287
f 3724/110/287 4131/120/287 3731/121/287
f 3743/112/291 4206/112/291 4321/112/291
f 3743/112/291 4321/112/291 3761/112/291
f 3725/108/292 3729/107/292 3737/107/292
f 3725/108/292 3737/107/292 3741/108/292
f 4116/113/291 3728/112/291 3733/122/291
f 4116/113/291 3733/122/291 4146/123/291
f 4098/116/293 4114/115/293 4145/124/293
f 4098/116/293 4145/124/293 4135/125/293
f 3743/112/291 4281/126/291 4261/127/291
f 3743/112/291 4261/127/291 4206/112/291
f 3787/107/301 3783/107/301 3768/107/301
f 3787/107/301 3768/107/301 3776/107/301
f 3786/107/302 4334/107/302 4331/107/302
f 4331/107/302 3750/107/302 3782/107/303
f 4331/107/302 3782/107/303 3786/107/302
f 4221/110/287 3746/110/287 3765/110/287
f 4221/110/287 3765/110/287 4347/110/287
f 4181/118/293 4164/117/293 4304/131/293
f 4181/118/293 4304/131/293 4288/132/293
f 3736/112/291 4183/114/291 4281/126/291
f 3736/112/291 4281/126/291 3743/112/291
f 3742/108/286 3738/107/286 3745/107/286
f 3742/108/286 3745/107/286 3748/108/286
f 4203/133/304 4227/134/304 4345/130/304
f 4203/133/304 4345/130/304 4327/129/304
f 3766/108/305 3764/107/305 3756/107/305
f 3766/108/305 3756/107/305 3759/108/305
f 3790/112/293 3763/112/293 4325/112/293
f 4325/112/293 4333/112/293 3785/112/293
f 4325/112/293 3785/112/293 3790/112/293
f 3754/110/286 3760/110/286 3757/107/286
f 3754/110/286 3757/107/286 3751/112/286
f 4224/134/294 4199/133/294 4264/136/294
f 4224/134/294 4264/136/294 4244/135/294
f 4288/132/293 4304/131/293 4248/135/293
f 4288/132/293 4248/135/293 4268/136/293
f 3747/108/305 3744/107/305 3764/107/305
f 3747/108/305 3764/107/305 3766/108/305
f 4305/111/287 3746/110/287 4221/110/287
f 4305/111/287 4221/110/287 4242/128/287
f 3777/112/306 3774/112/306 3767/112/306
f 3777/112/306 3767/112/306 3770/112/306
f 3790/112/293 3785/112/293 3775/112/293
f 3790/112/293 3775/112/293 3781/112/293
f 3789/112/307 3780/112/307 3808/112/307
f 3789/112/307 3808/112/307 3811/112/307
f 3784/112/286 3796/107/286 3773/107/286
f 3784/112/286 3773/107/286 3769/112/286
f 3751/112/286 3757/107/286 3796/107/286
f 3751/112/286 3796/107/286 3784/112/286
f 3755/107/308 3762/107/309 3788/107/309
f 3755/107/308 3788/107/309 3792/107/309
f 3752/110/287 4350/110/287 4347/110/287
f 4347/110/287 3765/110/287 3758/110/287
f 4347/110/287 3758/110/287 3752/110/287
f 3749/107/304 4329/107/304 4327/129/304
f 4327/129/304 4345/130/304 4351/108/304
f 4351/108/304 3753/108/304 3749/107/304
f 4327/129/304 4351/108/304 3749/107/304
f 3816/107/299 3809/107/299 3804/107/299
f 3816/107/299 3804/107/299 3797/107/299
f 3779/112/310 3771/112/310 3801/112/310
f 3778/112/311 3800/112/311 3806/112/311
f 3794/107/312 3791/107/312 3813/107/312
f 3793/107/313 3812/107/313 3817/107/313
f 3772/107/314 3795/107/314 3819/107/314
f 3772/107/314 3819/107/314 3802/107/315
f 4048/107/316 4059/137/316 4055/107/316
f 4061/137/317 4066/138/317 4057/107/317
f 4062/138/318 4050/129/318 4056/107/318
f 4068/110/319 4080/110/319 4078/110/319
f 4083/110/320 4088/110/320 4079/110/320
f 4086/110/321 4074/110/321 4077/110/321
f 4332/107/322 4324/107/323 4338/137/324
f 4342/138/325 4328/129/325 4330/107/323
f 4332/107/322 4338/137/324 4342/138/325
f 4342/138/325 4330/107/323 4332/107/322
f 4346/110/326 4358/110/326 4353/110/326
f 4359/110/327 4364/110/327 4354/110/327
f 4363/110/328 4349/110/328 4352/110/328
f 3863/120/329 3825/119/329 3832/139/329
f 3864/120/330 3833/139/330 3867/140/330
f 3869/140/331 3835/139/332 3837/141/332
f 3869/140/331 3837/141/332 3871/142/331
f 3872/142/333 3840/141/333 3828/116/333
f 3873/142/334 3829/116/334 3865/125/334
f 3850/113/335 3878/123/335 3883/143/335
f 3849/113/336 3882/143/336 3859/144/336
f 3861/144/337 3885/143/337 3880/145/337
f 3861/144/337 3880/145/337 3853/146/337
f 3856/146/338 3881/145/338 3875/124/338
f 3855/146/339 3874/124/339 3844/115/339
f 3841/115/340 3907/118/340 3920/147/340
f 3842/115/341 3921/147/341 3854/146/341
f 3851/146/342 3917/147/342 3926/148/342
f 3852/146/343 3927/148/343 3860/144/343
f 3857/144/344 3923/148/344 3914/114/344
f 3858/144/345 3915/114/345 3848/113/345
f 3823/119/346 3888/109/346 3896/149/346
f 3824/119/347 3897/149/347 3831/139/347
f 3834/139/348 3899/149/349 3902/150/349
f 3834/139/348 3902/150/349 3836/141/350
f 3838/141/351 3904/150/351 3891/117/351
f 3839/141/352 3892/117/352 3826/116/352
f 3969/128/353 3951/110/354 3960/110/355
f 3969/128/353 3960/110/355 3980/151/356
f 3975/151/357 3957/110/357 3961/110/357
f 3976/151/358 3962/110/358 3981/152/358
f 3982/153/359 3963/108/359 3953/134/359
f 3983/153/360 3954/134/360 3971/135/360
f 3937/112/361 3990/127/361 4000/154/361
f 3936/112/362 3999/154/362 3947/112/362
f 3943/107/363 3996/155/364 4001/156/365
f 3943/107/363 4001/156/365 3938/157/366
f 3939/157/367 4002/156/367 3992/136/367
f 3940/157/368 3993/136/368 3930/133/368
f 4010/132/369 3994/136/369 4004/158/369
f 4011/132/370 4005/158/370 4022/159/370
f 4020/159/371 4003/158/372 3998/154/373
f 4020/159/371 3998/154/373 4017/160/374
f 4015/160/375 3997/154/375 3989/127/375
f 4014/160/376 3988/127/376 4007/126/376
f 4031/111/377 3968/128/377 3978/151/377
f 4030/111/378 3977/151/378 4039/161/378
f 4042/161/379 3979/151/379 3984/162/379
f 4043/161/380 3985/162/380 4033/163/380
f 4036/163/381 3986/162/381 3972/135/381
f 4037/163/382 3973/135/382 4025/131/382
f 3909/118/383 4012/132/383 4023/159/383
f 3910/118/384 4024/159/384 3922/147/384
f 3918/147/385 4021/159/385 4018/160/385
f 3919/147/386 4019/160/386 3928/148/386
f 3924/148/387 4016/160/387 4008/126/387
f 3925/148/388 4009/126/388 3916/114/388
f 3889/109/389 4032/111/389 4040/161/389
f 3890/109/390 4041/161/390 3898/149/390
f 3900/149/391 4044/161/391 4034/163/391
f 3901/149/391 4035/163/391 3903/150/391
f 3905/150/392 4038/163/392 4026/131/392
f 3906/150/393 4027/131/393 3894/117/393
f 3931/133/394 4051/129/394 4064/138/394
f 3932/133/395 4065/138/395 3942/157/395
f 3941/157/396 4063/138/397 4060/107/398
f 3941/157/396 4060/107/398 3946/107/396
f 3944/112/399 4058/112/399 4046/112/399
f 3945/112/400 4047/112/400 3935/112/400
f 4069/130/401 3955/134/401 3965/108/401
f 4070/130/401 3966/108/401 4082/108/401
f 4081/110/402 3964/110/403 3959/110/403
f 4081/110/402 3959/110/403 4087/110/404
f 4085/110/405 3958/110/405 3950/110/405
f 4084/110/406 3949/110/406 4073/110/406
f 4132/120/330 4093/119/330 4100/139/330
f 4133/120/330 4101/139/330 4136/140/330
f 4138/140/332 4104/139/332 4106/141/332
f 4138/140/332 4106/141/332 4140/142/332
f 4141/142/333 4109/141/333 4096/116/333
f 4142/142/334 4097/116/334 4134/125/334
f 4119/113/407 4147/123/407 4152/143/407
f 4118/113/336 4151/143/336 4128/144/336
f 4130/144/337 4154/143/408 4149/145/408
f 4130/144/337 4149/145/408 4122/146/337
f 4125/146/338 4150/145/338 4144/124/338
f 4124/146/339 4143/124/339 4113/115/339
f 4110/115/340 4177/118/340 4190/147/340
f 4111/115/341 4191/147/341 4123/146/341
f 4120/146/342 4187/147/342 4196/148/342
f 4121/146/409 4197/148/409 4129/144/409
f 4126/144/344 4193/148/344 4184/114/344
f 4127/144/410 4185/114/410 4117/113/410
f 4091/119/346 4157/109/346 4165/149/346
f 4092/119/411 4166/149/411 4099/139/411
f 4102/139/349 4168/149/349 4171/150/349
f 4103/139/412 4172/150/412 4105/141/412
f 4107/141/351 4174/150/351 4160/117/351
f 4108/141/352 4161/117/352 4094/116/352
f 4240/128/413 4220/110/413 4228/110/413
f 4241/128/414 4229/110/414 4249/151/414
f 4250/151/415 4230/110/415 4234/110/415
f 4251/151/416 4235/110/416 4255/152/416
f 4256/153/417 4236/108/418 4225/134/419
f 4256/153/417 4225/134/419 4245/135/420
f 4204/112/421 4260/127/421 4269/154/421
f 4205/112/422 4270/154/422 4214/112/422
f 4215/107/423 4271/155/423 4275/156/423
f 4216/107/424 4276/156/424 4208/157/424
f 4209/157/425 4277/156/425 4265/136/425
f 4210/157/426 4266/136/426 4200/133/426
f 4285/132/369 4267/136/369 4279/158/369
f 4286/132/427 4280/158/427 4298/159/427
f 4295/159/372 4278/158/372 4273/154/372
f 4296/159/371 4274/154/371 4292/160/371
f 4289/160/428 4272/154/428 4262/127/428
f 4290/160/429 4263/127/429 4282/126/429
f 4307/111/430 4243/128/430 4253/151/430
f 4306/111/378 4252/151/378 4315/161/378
f 4318/161/431 4254/151/431 4257/162/431
f 4319/161/432 4258/162/432 4309/163/432
f 4312/163/381 4259/162/381 4246/135/381
f 4313/163/382 4247/135/382 4301/131/382
f 4179/118/383 4287/132/383 4299/159/383
f 4180/118/384 4300/159/384 4192/147/384
f 4188/147/433 4297/159/433 4293/160/433
f 4189/147/386 4294/160/386 4198/148/386
f 4194/148/434 4291/160/434 4283/126/434
f 4195/148/388 4284/126/388 4186/114/388
f 4158/109/389 4308/111/389 4316/161/389
f 4159/109/390 4317/161/390 4167/149/390
f 4170/149/435 4320/161/435 4311/163/435
f 4169/149/391 4310/163/391 4173/150/391
f 4175/150/392 4314/163/392 4302/131/392
f 4176/150/393 4303/131/393 4163/117/393
f 4343/130/436 4226/134/436 4238/108/436
f 4344/130/437 4239/108/437 4357/108/437
f 4356/110/438 4237/110/438 4233/110/438
f 4355/110/439 4232/110/439 4362/110/439
f 4361/110/440 4231/110/440 4223/110/440
f 4360/110/441 4222/110/441 4348/110/441
f 4202/133/442 4326/129/442 4341/138/442
f 4201/133/443 4340/138/443 4213/157/443
f 4211/157/444 4339/138/444 4336/107/444
f 4212/157/445 4337/107/445 4219/107/445
f 4218/112/446 4335/112/446 4323/112/446
f 4217/112/446 4322/112/446 4207/112/446
f 3821/119/297 3679/110/296 3695/110/297
f 3821/119/297 3695/110/297 3886/109/297
f 3688/105/286 4368/108/286 4372/107/286
f 3688/105/286 4372/107/286 3690/106/286
f 4517/109/287 4659/111/287 4384/110/287
f 4517/109/287 4384/110/287 4378/110/287
f 4369/112/447 4373/112/447 4542/114/447
f 4369/112/447 4542/114/447 4500/113/447
f 4497/115/448 4538/118/448 4523/117/448
f 4497/115/448 4523/117/448 4481/116/449
f 4366/110/287 3687/121/287 3862/120/287
f 4366/110/287 3862/120/287 4476/119/287
f 4381/112/291 4388/112/291 4675/112/291
f 4381/112/291 4675/112/291 4564/112/291
f 4367/108/450 4379/108/450 4375/107/450
f 4367/108/450 4375/107/450 4371/107/450
f 4501/113/291 3877/123/291 3689/122/291
f 4501/113/291 3689/122/291 4370/112/291
f 4484/116/293 3866/125/293 3876/124/293
f 4484/116/293 3876/124/293 4499/115/293
f 4381/112/291 4564/112/291 4617/127/291
f 4381/112/291 4617/127/291 4636/126/291
f 4659/111/287 4597/128/287 4578/110/287
f 4659/111/287 4578/110/287 4384/110/287
f 4679/129/299 4683/107/299 4393/107/299
f 4393/107/299 4396/108/299 4705/108/299
f 4705/108/299 4697/130/299 4679/129/299
f 4393/107/299 4705/108/299 4679/129/299
f 4578/110/287 4702/110/287 4391/110/287
f 4578/110/287 4391/110/287 4384/110/287
f 4541/118/293 4643/132/293 4658/131/293
f 4541/118/293 4658/131/293 4525/117/293
f 4374/112/291 4381/112/291 4636/126/291
f 4374/112/291 4636/126/291 4543/114/291
f 4380/108/286 4386/108/286 4383/107/286
f 4380/108/286 4383/107/286 4376/107/286
f 4563/133/451 4682/129/451 4701/130/451
f 4563/133/451 4701/130/451 4586/134/451
f 4719/119/452 4761/109/453 4417/110/452
f 4719/119/452 4417/110/452 4405/110/452
f 4385/108/454 4392/108/454 4389/107/454
f 4385/108/454 4389/107/454 4382/107/454
f 4643/132/293 4625/136/293 4604/135/293
f 4643/132/293 4604/135/293 4658/131/293
f 4582/134/299 4600/135/299 4621/136/299
f 4582/134/299 4621/136/299 4559/133/299
f 4404/108/286 4398/108/286 4395/107/286
f 4404/108/286 4395/107/286 4401/107/286
f 4675/112/291 4388/112/291 4400/112/291
f 4400/112/291 4394/112/291 4684/112/291
f 4400/112/291 4684/112/291 4675/112/291
f 4390/108/294 4402/108/294 4399/107/294
f 4390/108/294 4399/107/294 4387/107/294
f 4702/110/287 4706/110/287 4397/110/287
f 4397/110/287 4403/110/287 4391/110/287
f 4397/110/287 4391/110/287 4702/110/287
f 3732/105/286 4408/108/286 4412/107/286
f 3732/105/286 4412/107/286 3734/106/286
f 4762/109/287 4911/111/287 4424/110/287
f 4762/109/287 4424/110/287 4418/110/287
f 4409/112/455 4413/112/455 4788/114/447
f 4409/112/455 4788/114/447 4745/113/447
f 4742/115/448 4784/118/448 4768/117/448
f 4742/115/448 4768/117/448 4725/116/449
f 4406/110/287 3731/121/287 4131/120/287
f 4406/110/287 4131/120/287 4720/119/287
f 4421/112/291 4439/112/291 4927/112/291
f 4421/112/291 4927/112/291 4812/112/291
f 4407/108/450 4419/108/450 4415/107/450
f 4407/108/450 4415/107/450 4411/107/450
f 4746/113/291 4146/123/291 3733/122/291
f 4746/113/291 3733/122/291 4410/112/291
f 4728/116/293 4135/125/293 4145/124/293
f 4728/116/293 4145/124/293 4744/115/293
f 4421/112/291 4812/112/291 4867/127/291
f 4421/112/291 4867/127/291 4887/126/291
f 4465/107/456 4454/107/456 4446/107/456
f 4465/107/456 4446/107/456 4461/107/456
f 4937/107/457 4940/107/457 4464/107/457
f 4464/107/457 4460/107/457 4428/107/458
f 4464/107/457 4428/107/458 4937/107/457
f 4827/110/287 4953/110/287 4443/110/287
f 4827/110/287 4443/110/287 4424/110/287
f 4787/118/293 4894/132/293 4910/131/293
f 4787/118/293 4910/131/293 4770/117/293
f 4414/112/291 4421/112/291 4887/126/291
f 4414/112/291 4887/126/291 4789/114/291
f 4420/108/286 4426/108/286 4423/107/286
f 4420/108/286 4423/107/286 4416/107/286
f 4809/133/459 4933/129/459 4951/130/459
f 4809/133/459 4951/130/459 4833/134/459
f 4444/108/460 4437/108/460 4434/107/460
f 4444/108/460 4434/107/460 4442/107/460
f 4931/112/293 4441/112/293 4468/112/293
f 4468/112/293 4463/112/293 4939/112/293
f 4468/112/293 4939/112/293 4931/112/293
f 4432/110/286 4429/112/286 4435/107/286
f 4432/110/286 4435/107/286 4438/110/286
f 4830/134/299 4850/135/299 4870/136/299
f 4830/134/299 4870/136/299 4805/133/299
f 4894/132/293 4874/136/293 4854/135/293
f 4894/132/293 4854/135/293 4910/131/293
f 4425/108/460 4444/108/460 4442/107/460
f 4425/108/460 4442/107/460 4422/107/460
f 4911/111/287 4848/128/287 4827/110/287
f 4911/111/287 4827/110/287 4424/110/287
f 4455/112/306 4448/112/306 4445/112/306
f 4455/112/306 4445/112/306 4452/112/306
f 4468/112/293 4459/112/293 4453/112/293
f 4468/112/293 4453/112/293 4463/112/293
f 4467/112/461 3810/112/461 3807/112/461
f 4467/112/461 3807/112/461 4458/112/461
f 4462/112/286 4447/112/286 4451/107/286
f 4462/112/286 4451/107/286 4474/107/286
f 4429/112/286 4462/112/286 4474/107/286
f 4429/112/286 4474/107/286 4435/107/286
f 4433/107/462 4470/107/463 4466/107/463
f 4433/107/462 4466/107/463 4440/107/463
f 4953/110/287 4956/110/287 4430/110/287
f 4430/110/287 4436/110/287 4443/110/287
f 4430/110/287 4443/110/287 4953/110/287
f 4933/129/459 4935/107/459 4427/107/459
f 4427/107/459 4431/108/459 4957/108/459
f 4957/108/459 4951/130/459 4933/129/459
f 4427/107/459 4957/108/459 4933/129/459
f 4456/112/464 3805/112/464 3798/112/464
f 4457/112/465 3799/112/465 4449/112/465
f 4471/107/466 3818/107/466 3814/107/466
f 4472/107/467 3815/107/467 4469/107/467
f 4450/107/468 3803/107/469 3820/107/468
f 4450/107/468 3820/107/468 4473/107/468
f 4678/107/470 4685/107/470 4689/137/470
f 4691/137/471 4687/107/471 4696/138/471
f 4692/138/472 4686/107/472 4680/129/472
f 4698/110/473 4708/110/473 4710/110/473
f 4713/110/474 4709/110/474 4718/110/474
f 4716/110/475 4707/110/475 4704/110/475
f 4944/137/476 4930/107/476 4938/107/477
f 4938/107/477 4936/107/478 4934/129/479
f 4948/138/476 4944/137/476 4938/107/477
f 4938/107/477 4934/129/479 4948/138/476
f 4952/110/480 4959/110/480 4964/110/480
f 4965/110/481 4960/110/481 4970/110/481
f 4969/110/482 4958/110/482 4955/110/482
f 3864/120/330 3867/140/330 4487/139/330
f 3863/120/329 4486/139/329 4479/119/329
f 3868/140/483 3870/142/483 4491/141/484
f 3868/140/483 4491/141/484 4489/139/484
f 3873/142/334 3865/125/334 4483/116/334
f 3872/142/333 4482/116/333 4494/141/333
f 4503/113/336 4513/144/336 3882/143/336
f 4504/113/335 3883/143/335 3878/123/335
f 4515/144/485 4507/146/485 3879/145/485
f 4515/144/485 3879/145/485 3884/143/485
f 4509/146/339 4498/115/339 3874/124/339
f 4510/146/338 3875/124/338 3881/145/338
f 4496/115/486 4508/146/486 4551/147/486
f 4495/115/487 4550/147/487 4537/118/487
f 4506/146/488 4514/144/488 4557/148/488
f 4505/146/489 4556/148/489 4547/147/489
f 4512/144/490 4502/113/490 4545/114/490
f 4511/144/491 4544/114/491 4553/148/491
f 4478/119/492 4485/139/492 4527/149/492
f 4477/119/493 4526/149/493 4518/109/493
f 4488/139/494 4490/141/495 4532/150/496
f 4488/139/494 4532/150/496 4529/149/496
f 4493/141/497 4480/116/497 4522/117/497
f 4492/141/498 4521/117/498 4534/150/498
f 4599/128/499 4610/151/500 4590/110/501
f 4599/128/499 4590/110/501 4581/110/502
f 4606/151/503 4611/152/503 4592/110/503
f 4605/151/504 4591/110/504 4587/110/504
f 4613/153/505 4601/135/505 4584/134/505
f 4612/153/506 4583/134/506 4593/108/506
f 4566/112/507 4577/112/507 4629/154/507
f 4567/112/508 4630/154/508 4620/127/508
f 4573/107/509 4568/157/510 4631/156/511
f 4573/107/509 4631/156/511 4626/155/512
f 4570/157/513 4560/133/513 4623/136/513
f 4569/157/514 4622/136/514 4632/156/514
f 4641/132/515 4652/159/515 4635/158/515
f 4640/132/516 4634/158/516 4624/136/516
f 4650/159/517 4647/160/518 4628/154/519
f 4650/159/517 4628/154/519 4633/158/520
f 4644/160/521 4637/126/521 4618/127/521
f 4645/160/522 4619/127/522 4627/154/522
f 4660/111/523 4669/161/523 4607/151/523
f 4661/111/524 4608/151/524 4598/128/524
f 4673/161/525 4663/163/525 4615/162/525
f 4672/161/526 4614/162/526 4609/151/526
f 4667/163/527 4655/131/527 4603/135/527
f 4666/163/528 4602/135/528 4616/162/528
f 4540/118/384 4552/147/384 4654/159/384
f 4539/118/529 4653/159/529 4642/132/529
f 4549/147/386 4558/148/386 4649/160/386
f 4548/147/385 4648/160/385 4651/159/385
f 4555/148/388 4546/114/388 4639/126/388
f 4554/148/387 4638/126/387 4646/160/387
f 4520/109/390 4528/149/390 4671/161/390
f 4519/109/389 4670/161/389 4662/111/389
f 4531/149/391 4533/150/391 4665/163/391
f 4530/149/391 4664/163/391 4674/161/391
f 4536/150/393 4524/117/393 4657/131/393
f 4535/150/530 4656/131/530 4668/163/530
f 4562/133/531 4572/157/531 4695/138/531
f 4561/133/532 4694/138/532 4681/129/532
f 4571/157/533 4576/107/533 4690/107/534
f 4571/157/533 4690/107/534 4693/138/535
f 4575/112/536 4565/112/536 4677/112/536
f 4574/112/537 4676/112/537 4688/112/537
f 4700/130/538 4712/108/538 4596/108/538
f 4699/130/538 4595/108/538 4585/134/538
f 4711/110/539 4717/110/540 4589/110/541
f 4711/110/539 4589/110/541 4594/110/541
f 4714/110/542 4703/110/542 4579/110/542
f 4715/110/543 4580/110/543 4588/110/543
f 4133/120/330 4136/140/330 4731/139/330
f 4132/120/330 4730/139/330 4723/119/330
f 4137/140/484 4139/142/484 4736/141/484
f 4137/140/484 4736/141/484 4734/139/484
f 4142/142/334 4134/125/334 4727/116/334
f 4141/142/333 4726/116/333 4739/141/333
f 4748/113/336 4758/144/336 4151/143/336
f 4749/113/407 4152/143/407 4147/123/407
f 4760/144/485 4752/146/485 4148/145/544
f 4760/144/485 4148/145/544 4153/143/544
f 4754/146/339 4743/115/339 4143/124/339
f 4755/146/338 4144/124/338 4150/145/338
f 4741/115/486 4753/146/486 4797/147/486
f 4740/115/487 4796/147/487 4783/118/487
f 4751/146/545 4759/144/545 4803/148/545
f 4750/146/489 4802/148/489 4793/147/489
f 4757/144/546 4747/113/546 4791/114/546
f 4756/144/491 4790/114/491 4799/148/491
f 4722/119/547 4729/139/547 4772/149/547
f 4721/119/493 4771/149/493 4763/109/493
f 4733/139/548 4735/141/548 4778/150/548
f 4732/139/496 4777/150/496 4774/149/496
f 4738/141/497 4724/116/497 4767/117/497
f 4737/141/498 4766/117/498 4780/150/498
f 4847/128/549 4855/151/549 4835/110/549
f 4846/128/550 4834/110/550 4826/110/550
f 4857/151/551 4861/152/551 4841/110/551
f 4856/151/552 4840/110/552 4836/110/552
f 4862/153/553 4851/135/554 4831/134/555
f 4862/153/553 4831/134/555 4842/108/556
f 4811/112/557 4820/112/557 4876/154/557
f 4810/112/558 4875/154/558 4866/127/558
f 4822/107/559 4814/157/559 4882/156/559
f 4821/107/560 4881/156/560 4877/155/560
f 4816/157/561 4806/133/561 4872/136/561
f 4815/157/562 4871/136/562 4883/156/562
f 4892/132/563 4904/159/563 4886/158/563
f 4891/132/516 4885/158/516 4873/136/516
f 4902/159/517 4898/160/517 4880/154/517
f 4901/159/520 4879/154/520 4884/158/520
f 4896/160/564 4888/126/564 4869/127/564
f 4895/160/565 4868/127/565 4878/154/565
f 4912/111/523 4921/161/523 4858/151/523
f 4913/111/566 4859/151/566 4849/128/566
f 4925/161/567 4915/163/567 4864/162/567
f 4924/161/568 4863/162/568 4860/151/568
f 4919/163/527 4907/131/527 4853/135/527
f 4918/163/528 4852/135/528 4865/162/528
f 4786/118/384 4798/147/384 4906/159/384
f 4785/118/529 4905/159/529 4893/132/529
f 4795/147/386 4804/148/386 4900/160/386
f 4794/147/433 4899/160/433 4903/159/433
f 4801/148/388 4792/114/388 4890/126/388
f 4800/148/434 4889/126/434 4897/160/434
f 4765/109/390 4773/149/390 4923/161/390
f 4764/109/389 4922/161/389 4914/111/389
f 4775/149/391 4779/150/391 4916/163/391
f 4776/149/569 4917/163/569 4926/161/569
f 4782/150/393 4769/117/393 4909/131/393
f 4781/150/530 4908/131/530 4920/163/530
f 4950/130/570 4963/108/570 4845/108/570
f 4949/130/571 4844/108/571 4832/134/571
f 4961/110/572 4968/110/572 4838/110/572
f 4962/110/573 4839/110/573 4843/110/573
f 4966/110/574 4954/110/574 4828/110/574
f 4967/110/575 4829/110/575 4837/110/575
f 4807/133/576 4819/157/576 4946/138/576
f 4808/133/577 4947/138/577 4932/129/577
f 4818/157/578 4825/107/578 4943/107/578
f 4817/157/579 4942/107/579 4945/138/579
f 4823/112/580 4813/112/580 4928/112/580
f 4824/112/580 4929/112/580 4941/112/580
f 4475/119/453 4516/109/453 4377/110/453
f 4475/119/453 4377/110/453 4365/110/452
o Plane.001
v -2.082642 0.114772 -0.712155
v -2.082642 0.114772 -0.712155
v -2.082642 0.114772 -0.712155
v -1.792072 0.114772 -0.712155
v -1.792072 0.114772 -0.712155
v -1.792072 0.114772 -0.712155
v -1.792072 0.813387 -0.520795
v -1.792072 0.813387 -0.520795
v -1.792072 0.813387 -0.520795
v -2.082642 0.813387 -0.520795
v -2.082642 0.813387 -0.520795
v -2.082642 0.813387 -0.520795
v -2.082642 0.187414 -0.712155
v -2.082642 0.187414 -0.712155
v -2.082642 0.260056 -0.712155
v -2.082642 0.260056 -0.712155
v -2.082642 0.332699 -0.712155
v -2.082642 0.332699 -0.712155
v -2.082642 0.405341 -0.712155
v -2.082642 0.405341 -0.712155
v -2.082642 0.477983 -0.712155
v -2.082642 0.477983 -0.712155
v -2.082642 0.550626 -0.712155
v -2.082642 0.550626 -0.712155
v -2.082642 0.623268 -0.712155
v -2.082642 0.623268 -0.712155
v -2.082642 0.695910 -0.712155
v -2.082642 0.695910 -0.712155
v -2.082642 0.695910 -0.712155
v -2.082642 0.768553 -0.712155
v -2.082642 0.768553 -0.712155
v -2.082642 0.768553 -0.712155
v -2.082642 0.768553 -0.712155
v -2.082642 0.768553 -0.712155
v -2.082642 0.813387 -0.666080
v -2.082642 0.813387 -0.666080
v -2.082642 0.813387 -0.666080
v -2.082642 0.813387 -0.666080
v -2.082642 0.813387 -0.593437
v -2.082642 0.813387 -0.593437
v -2.082642 0.813387 -0.593437
v -1.792072 0.187414 -0.712155
v -1.792072 0.187414 -0.712155
v -1.792072 0.260056 -0.712155
v -1.792072 0.260056 -0.712155
v -1.792072 0.332699 -0.712155
v -1.792072 0.332699 -0.712155
v -1.792072 0.405341 -0.712155
v -1.792072 0.405341 -0.712155
v -1.792072 0.477983 -0.712155
v -1.792072 0.477983 -0.712155
v -1.792072 0.550626 -0.712155
v -1.792072 0.550626 -0.712155
v -1.792072 0.623268 -0.712155
v -1.792072 0.623268 -0.712155
v -1.792072 0.695910 -0.712155
v -1.792072 0.695910 -0.712155
v -1.792072 0.695910 -0.712155
v -1.792072 0.768553 -0.712155
v -1.792072 0.768553 -0.712155
v -1.792072 0.768553 -0.712155
v -1.792072 0.768553 -0.712155
v -1.792072 0.813387 -0.666080
v -1.792072 0.813387 -0.666080
v -1.792072 0.813387 -0.666080
v -1.792072 0.813387 -0.666080
v -1.792072 0.813387 -0.666080
v -1.792072 0.813387 -0.593437
v -1.792072 0.813387 -0.593437
v -1.792072 0.813387 -0.593437
v -1.821689 0.114772 -0.712155
v -1.821689 0.114772 -0.712155
v -1.821689 0.114772 -0.712155
v -1.821689 0.813387 -0.520795
v -1.821689 0.813387 -0.520795
v -1.821689 0.813387 -0.520795
v -1.821689 0.187414 -0.712155
v -1.821689 0.187414 -0.712155
v -1.821689 0.187414 -0.712155
v -1.821689 0.214648 -0.712155
v -1.821689 0.214648 -0.712155
v -1.821689 0.214648 -0.712155
v -1.821689 0.332699 -0.712155
v -1.821689 0.332699 -0.712155
v -1.821689 0.332699 -0.712155
v -1.821689 0.355616 -0.712155
v -1.821689 0.355616 -0.712155
v -1.821689 0.355616 -0.712155
v -1.821689 0.477983 -0.712155
v -1.821689 0.477983 -0.712155
v -1.821689 0.477983 -0.712155
v -1.821689 0.503081 -0.712155
v -1.821689 0.503081 -0.712155
v -1.821689 0.503081 -0.712155
v -1.821689 0.623268 -0.712155
v -1.821689 0.623268 -0.712155
v -1.821689 0.623268 -0.712155
v -1.821689 0.649138 -0.712155
v -1.821689 0.649138 -0.712155
v -1.821689 0.649138 -0.712155
v -1.821689 0.768553 -0.712155
v -1.821689 0.768553 -0.712155
v -1.821689 0.768553 -0.712155
v -1.821689 0.768553 -0.712155
v -1.821689 0.768553 -0.712155
v -1.821689 0.813387 -0.666926
v -1.821689 0.813387 -0.666926
v -1.821689 0.813387 -0.666926
v -1.821689 0.813387 -0.666926
v -1.821689 0.813387 -0.666926
v -1.821689 0.813387 -0.593437
v -1.821689 0.813387 -0.593437
v -1.821689 0.813387 -0.593437
v -2.049895 0.813387 -0.520795
v -2.049895 0.813387 -0.520795
v -2.049895 0.813387 -0.520795
v -2.049895 0.187414 -0.712155
v -2.049895 0.187414 -0.712155
v -2.049895 0.187414 -0.712155
v -2.049895 0.214648 -0.712155
v -2.049895 0.214648 -0.712155
v -2.049895 0.214648 -0.712155
v -2.049895 0.332699 -0.712155
v -2.049895 0.332699 -0.712155
v -2.049895 0.332699 -0.712155
v -2.049895 0.355616 -0.712155
v -2.049895 0.355616 -0.712155
v -2.049895 0.355616 -0.712155
v -2.049895 0.477983 -0.712155
v -2.049895 0.477983 -0.712155
v -2.049895 0.477983 -0.712155
v -2.049895 0.503081 -0.712155
v -2.049895 0.503081 -0.712155
v -2.049895 0.503081 -0.712155
v -2.049895 0.623268 -0.712155
v -2.049895 0.623268 -0.712155
v -2.049895 0.623268 -0.712155
v -2.049895 0.649138 -0.712155
v -2.049895 0.649138 -0.712155
v -2.049895 0.649138 -0.712155
v -2.049895 0.768553 -0.712155
v -2.049895 0.768553 -0.712155
v -2.049895 0.768553 -0.712155
v -2.049895 0.768553 -0.712155
v -2.049895 0.768553 -0.712155
v -2.049895 0.813387 -0.666926
v -2.049895 0.813387 -0.666926
v -2.049895 0.813387 -0.666926
v -2.049895 0.813387 -0.666926
v -2.049895 0.813387 -0.666926
v -2.049895 0.813387 -0.666926
v -2.049895 0.813387 -0.593437
v -2.049895 0.813387 -0.593437
v -2.049895 0.813387 -0.593437
v -2.049895 0.114772 -0.712155
v -2.049895 0.114772 -0.712155
v -2.049895 0.114772 -0.712155
v -2.082642 0.114772 -0.720872
v -2.082642 0.114772 -0.720872
v -2.082642 0.114772 -0.720872
v -1.792072 0.114772 -0.720872
v -1.792072 0.114772 -0.720872
v -1.792072 0.114772 -0.720872
v -1.792072 0.822104 -0.520795
v -1.792072 0.822104 -0.520795
v -1.792072 0.822104 -0.520795
v -2.082642 0.822104 -0.520795
v -2.082642 0.822104 -0.520795
v -2.082642 0.822104 -0.520795
v -2.082642 0.187414 -0.720872
v -2.082642 0.187414 -0.720872
v -2.082642 0.260056 -0.720872
v -2.082642 0.260056 -0.720872
v -2.082642 0.332699 -0.720872
v -2.082642 0.332699 -0.720872
v -2.082642 0.405341 -0.720872
v -2.082642 0.405341 -0.720872
v -2.082642 0.477983 -0.720872
v -2.082642 0.477983 -0.720872
v -2.082642 0.550626 -0.720872
v -2.082642 0.550626 -0.720872
v -2.082642 0.623268 -0.720872
v -2.082642 0.623268 -0.720872
v -2.082642 0.695910 -0.720872
v -2.082642 0.695910 -0.720872
v -2.082642 0.695910 -0.720872
v -2.082642 0.695910 -0.720872
v -2.082685 0.771925 -0.720193
v -2.082685 0.771925 -0.720193
v -2.082685 0.771925 -0.720193
v -2.082685 0.771925 -0.720193
v -2.082684 0.821475 -0.669332
v -2.082684 0.821475 -0.669332
v -2.082684 0.821475 -0.669332
v -2.082684 0.821475 -0.669332
v -2.082684 0.821475 -0.669332
v -2.082642 0.822104 -0.593437
v -2.082642 0.822104 -0.593437
v -2.082642 0.822104 -0.593437
v -2.082642 0.822104 -0.593437
v -1.792072 0.187414 -0.720872
v -1.792072 0.187414 -0.720872
v -1.792072 0.260056 -0.720872
v -1.792072 0.260056 -0.720872
v -1.792072 0.332699 -0.720872
v -1.792072 0.332699 -0.720872
v -1.792072 0.405341 -0.720872
v -1.792072 0.405341 -0.720872
v -1.792072 0.477983 -0.720872
v -1.792072 0.477983 -0.720872
v -1.792072 0.550626 -0.720872
v -1.792072 0.550626 -0.720872
v -1.792072 0.623268 -0.720872
v -1.792072 0.623268 -0.720872
v -1.792072 0.695910 -0.720872
v -1.792072 0.695910 -0.720872
v -1.792072 0.695910 -0.720872
v -1.792072 0.695910 -0.720872
v -1.792025 0.771925 -0.720193
v -1.792025 0.771925 -0.720193
v -1.792025 0.771925 -0.720193
v -1.792025 0.771925 -0.720193
v -1.792025 0.771925 -0.720193
v -1.792026 0.821477 -0.669327
v -1.792026 0.821477 -0.669327
v -1.792026 0.821477 -0.669327
v -1.792026 0.821477 -0.669327
v -1.792072 0.822104 -0.593437
v -1.792072 0.822104 -0.593437
v -1.792072 0.822104 -0.593437
v -1.792072 0.822104 -0.593437
v -1.821689 0.114772 -0.720872
v -1.821689 0.114772 -0.720872
v -1.821689 0.114772 -0.720872
v -1.821689 0.822104 -0.520795
v -1.821689 0.822104 -0.520795
v -1.821689 0.822104 -0.520795
v -1.821689 0.187414 -0.720872
v -1.821689 0.187414 -0.720872
v -1.821689 0.187414 -0.720872
v -1.821689 0.214648 -0.720872
v -1.821689 0.214648 -0.720872
v -1.821689 0.214648 -0.720872
v -1.821689 0.332699 -0.720872
v -1.821689 0.332699 -0.720872
v -1.821689 0.332699 -0.720872
v -1.821689 0.355616 -0.720872
v -1.821689 0.355616 -0.720872
v -1.821689 0.355616 -0.720872
v -1.821689 0.477983 -0.720872
v -1.821689 0.477983 -0.720872
v -1.821689 0.477983 -0.720872
v -1.821689 0.503081 -0.720872
v -1.821689 0.503081 -0.720872
v -1.821689 0.503081 -0.720872
v -1.821689 0.623268 -0.720872
v -1.821689 0.623268 -0.720872
v -1.821689 0.623268 -0.720872
v -1.821689 0.649138 -0.720872
v -1.821689 0.649138 -0.720872
v -1.821689 0.649138 -0.720872
v -1.821689 0.649138 -0.720872
v -1.821658 0.772993 -0.719656
v -1.821658 0.772993 -0.719656
v -1.821658 0.772993 -0.719656
v -1.821658 0.772993 -0.719656
v -1.821658 0.772993 -0.719656
v -1.821658 0.820910 -0.671330
v -1.821658 0.820910 -0.671330
v -1.821658 0.820910 -0.671330
v -1.821658 0.820910 -0.671330
v -1.821658 0.820910 -0.671330
v -1.821658 0.820910 -0.671330
v -1.821689 0.822104 -0.593437
v -1.821689 0.822104 -0.593437
v -1.821689 0.822104 -0.593437
v -1.821689 0.822104 -0.593437
v -2.049895 0.822104 -0.520795
v -2.049895 0.822104 -0.520795
v -2.049895 0.822104 -0.520795
v -2.049895 0.187414 -0.720872
v -2.049895 0.187414 -0.720872
v -2.049895 0.187414 -0.720872
v -2.049895 0.214648 -0.720872
v -2.049895 0.214648 -0.720872
v -2.049895 0.214648 -0.720872
v -2.049895 0.332699 -0.720872
v -2.049895 0.332699 -0.720872
v -2.049895 0.332699 -0.720872
v -2.049895 0.355616 -0.720872
v -2.049895 0.355616 -0.720872
v -2.049895 0.355616 -0.720872
v -2.049895 0.477983 -0.720872
v -2.049895 0.477983 -0.720872
v -2.049895 0.477983 -0.720872
v -2.049895 0.503081 -0.720872
v -2.049895 0.503081 -0.720872
v -2.049895 0.503081 -0.720872
v -2.049895 0.623268 -0.720872
v -2.049895 0.623268 -0.720872
v -2.049895 0.623268 -0.720872
v -2.049895 0.649138 -0.720872
v -2.049895 0.649138 -0.720872
v -2.049895 0.649138 -0.720872
v -2.049895 0.649138 -0.720872
v -2.049923 0.772993 -0.719656
v -2.049923 0.772993 -0.719656
v -2.049923 0.772993 -0.719656
v -2.049923 0.772993 -0.719656
v -2.049923 0.772993 -0.719656
v -2.049923 0.820912 -0.671327
v -2.049923 0.820912 -0.671327
v -2.049923 0.820912 -0.671327
v -2.049923 0.820912 -0.671327
v -2.049923 0.820912 -0.671327
v -2.049895 0.822104 -0.593437
v -2.049895 0.822104 -0.593437
v -2.049895 0.822104 -0.593437
v -2.049895 0.822104 -0.593437
v -2.049895 0.114772 -0.720872
v -2.049895 0.114772 -0.720872
v -2.049895 0.114772 -0.720872
vn -0.0000 -1.0000 -0.0000
vn -0.0000 -0.0000 1.0000
vn -0.0100 -0.7134 0.7007
vn -0.0000 -0.7102 0.7040
vn 0.0091 -0.7134 0.7007
vn -0.0000 1.0000 -0.0000
vn -0.0000 -0.0000 -1.0000
vn -0.0164 0.0095 -0.9998
vn -0.0167 0.0095 -0.9998
vn 0.0234 0.7131 -0.7007
vn -0.0092 0.9999 -0.0119
vn -0.0000 0.7101 -0.7041
vn 0.0144 0.0097 -0.9999
vn 0.0148 0.0095 -0.9998
vn 0.0150 0.0094 -0.9998
vn 0.0145 0.0096 -0.9998
vn -0.0211 0.7131 -0.7007
vn 0.0082 0.9999 -0.0119
vn -1.0000 -0.0000 -0.0000
vn 1.0000 -0.0000 -0.0000
vn -1.0000 -0.0003 0.0025
vn -1.0000 -0.0003 0.0023
vn -1.0000 -0.0037 0.0036
vn -1.0000 -0.0038 0.0037
vn -1.0000 -0.0024 0.0003
vn 1.0000 -0.0003 0.0028
vn 1.0000 -0.0042 0.0041
vn 1.0000 -0.0041 0.0040
vn 1.0000 -0.0027 0.0003
vn -1.0000 0.0020 -0.0002
vn -1.0000 0.0019 -0.0002
vn -1.0000 0.0021 -0.0002
vn -1.0000 0.0001 -0.0019
vn -0.0000 -0.8605 -0.5094
vn -0.0000 0.5052 0.8630
vn -0.0000 0.5048 0.8632
vn 1.0000 0.0001 -0.0017
vn 1.0000 0.0017 -0.0002
vn 1.0000 0.0016 -0.0002
vt 0.632691 0.916667
vt 0.666667 0.916667
vt 0.666667 1.000000
vt 0.632691 1.000000
vt 0.632691 0.000000
vt 0.666667 0.000000
vt 0.666667 0.083333
vt 0.632691 0.083333
vt 0.666667 0.166667
vt 0.632691 0.166667
vt 0.666667 0.250000
vt 0.632691 0.250000
vt 0.666667 0.333333
vt 0.632691 0.333333
vt 0.666667 0.416667
vt 0.632691 0.416667
vt 0.666667 0.500000
vt 0.632691 0.500000
vt 0.666667 0.583333
vt 0.632691 0.583333
vt 0.666667 0.666667
vt 0.632691 0.666667
vt 0.666667 0.750000
vt 0.632691 0.750000
vt 0.666667 0.833333
vt 0.632691 0.833333
vt 0.370900 0.750000
vt 0.370900 0.833333
vt 0.370900 0.583333
vt 0.370900 0.666667
vt 0.370900 0.416667
vt 0.370900 0.500000
vt 0.370900 0.250000
vt 0.370900 0.333333
vt 0.370900 0.083333
vt 0.370900 0.166667
vt 0.333333 0.916667
vt 0.370900 0.916667
vt 0.370900 1.000000
vt 0.333333 1.000000
vt 0.333333 0.000000
vt 0.370900 0.000000
vt 0.333333 0.083333
vt 0.333333 0.166667
vt 0.333333 0.250000
vt 0.333333 0.333333
vt 0.333333 0.416667
vt 0.333333 0.500000
vt 0.333333 0.583333
vt 0.333333 0.666667
vt 0.333333 0.750000
vt 0.333333 0.833333
s 1
usemtl Material.014
f 5081/164/581 5038/165/581 4977/166/581
f 5081/164/581 4977/166/581 5044/167/581
f 5042/168/582 4975/169/582 5012/170/582
f 5042/168/582 5012/170/582 5048/171/582
f 5048/171/582 5012/170/582 5014/172/582
f 5048/171/582 5014/172/582 5051/173/582
f 5051/173/582 5014/172/582 5016/174/582
f 5051/173/582 5016/174/582 5054/175/582
f 5054/175/582 5016/174/582 5018/176/582
f 5054/175/582 5018/176/582 5057/177/582
f 5057/177/582 5018/176/582 5020/178/582
f 5057/177/582 5020/178/582 5060/179/582
f 5060/179/582 5020/178/582 5022/180/582
f 5060/179/582 5022/180/582 5063/181/582
f 5063/181/582 5022/180/582 5024/182/582
f 5063/181/582 5024/182/582 5066/183/582
f 5066/183/582 5024/182/582 5026/184/582
f 5066/183/582 5026/184/582 5069/185/582
f 5069/185/582 5026/184/582 5029/186/582
f 5069/185/582 5029/186/582 5072/187/582
f 5074/187/583 5032/186/583 5037/188/583
f 5074/187/583 5037/188/583 5079/189/583
f 5076/189/581 5033/188/581 5038/165/581
f 5076/189/581 5038/165/581 5081/164/581
f 5111/190/584 5071/187/584 5077/189/584
f 5111/190/584 5077/189/584 5117/191/584
f 5106/192/582 5066/183/582 5069/185/582
f 5106/192/582 5069/185/582 5109/193/582
f 5100/194/582 5060/179/582 5063/181/582
f 5100/194/582 5063/181/582 5103/195/582
f 5094/196/582 5054/175/582 5057/177/582
f 5094/196/582 5057/177/582 5097/197/582
f 5088/198/582 5048/171/582 5051/173/582
f 5088/198/582 5051/173/582 5091/199/582
f 5009/200/581 5122/201/581 5084/202/581
f 5009/200/581 5084/202/581 4980/203/581
f 4972/204/582 5126/205/582 5088/198/582
f 4972/204/582 5088/198/582 4983/206/582
f 4983/206/582 5088/198/582 5091/199/582
f 4983/206/582 5091/199/582 4985/207/582
f 4985/207/582 5091/199/582 5094/196/582
f 4985/207/582 5094/196/582 4987/208/582
f 4987/208/582 5094/196/582 5097/197/582
f 4987/208/582 5097/197/582 4989/209/582
f 4989/209/582 5097/197/582 5100/194/582
f 4989/209/582 5100/194/582 4991/210/582
f 4991/210/582 5100/194/582 5103/195/582
f 4991/210/582 5103/195/582 4993/211/582
f 4993/211/582 5103/195/582 5106/192/582
f 4993/211/582 5106/192/582 4995/212/582
f 4995/212/582 5106/192/582 5109/193/582
f 4995/212/582 5109/193/582 4997/213/582
f 4997/213/582 5109/193/582 5112/190/582
f 4997/213/582 5112/190/582 5000/214/582
f 5001/214/585 5114/190/585 5120/191/585
f 5001/214/585 5120/191/585 5006/215/585
f 5005/215/581 5116/191/581 5122/201/581
f 5005/215/581 5122/201/581 5009/200/581
f 5244/164/586 5205/167/586 5134/166/586
f 5244/164/586 5134/166/586 5198/165/586
f 5203/168/587 5209/171/587 5171/170/587
f 5203/168/587 5171/170/587 5132/169/587
f 5209/171/587 5212/173/587 5173/172/587
f 5209/171/587 5173/172/587 5171/170/587
f 5212/173/587 5215/175/587 5175/174/587
f 5212/173/587 5175/174/587 5173/172/587
f 5215/175/587 5218/177/587 5177/176/587
f 5215/175/587 5177/176/587 5175/174/587
f 5218/177/587 5221/179/587 5179/178/587
f 5218/177/587 5179/178/587 5177/176/587
f 5221/179/587 5224/181/587 5181/180/587
f 5221/179/587 5181/180/587 5179/178/587
f 5224/181/587 5227/183/587 5183/182/587
f 5224/181/587 5183/182/587 5181/180/587
f 5227/183/587 5230/185/587 5185/184/587
f 5227/183/587 5185/184/587 5183/182/587
f 5231/185/588 5236/187/588 5193/186/589
f 5231/185/588 5193/186/589 5188/184/588
f 5235/187/590 5241/189/590 5194/188/590
f 5235/187/590 5194/188/590 5189/186/590
f 5242/189/591 5245/164/591 5201/165/591
f 5242/189/591 5201/165/591 5197/188/591
f 5277/190/592 5282/191/592 5240/189/592
f 5277/190/592 5240/189/592 5234/187/592
f 5270/192/587 5273/193/587 5230/185/587
f 5270/192/587 5230/185/587 5227/183/587
f 5264/194/587 5267/195/587 5224/181/587
f 5264/194/587 5224/181/587 5221/179/587
f 5258/196/587 5261/197/587 5218/177/587
f 5258/196/587 5218/177/587 5215/175/587
f 5252/198/587 5255/199/587 5212/173/587
f 5252/198/587 5212/173/587 5209/171/587
f 5167/200/586 5137/203/586 5248/202/586
f 5167/200/586 5248/202/586 5286/201/586
f 5129/204/587 5140/206/587 5252/198/587
f 5129/204/587 5252/198/587 5291/205/587
f 5140/206/587 5142/207/587 5255/199/587
f 5140/206/587 5255/199/587 5252/198/587
f 5142/207/587 5144/208/587 5258/196/587
f 5142/207/587 5258/196/587 5255/199/587
f 5144/208/587 5146/209/587 5261/197/587
f 5144/208/587 5261/197/587 5258/196/587
f 5146/209/587 5148/210/587 5264/194/587
f 5146/209/587 5264/194/587 5261/197/587
f 5148/210/587 5150/211/587 5267/195/587
f 5148/210/587 5267/195/587 5264/194/587
f 5150/211/587 5152/212/587 5270/192/587
f 5150/211/587 5270/192/587 5267/195/587
f 5152/212/587 5154/213/587 5273/193/587
f 5152/212/587 5273/193/587 5270/192/587
f 5155/213/593 5158/214/594 5278/190/595
f 5155/213/593 5278/190/595 5274/193/596
f 5159/214/597 5163/215/597 5285/191/597
f 5159/214/597 5285/191/597 5280/190/597
f 5162/215/598 5168/200/598 5287/201/598
f 5162/215/598 5287/201/598 5283/191/598
f 4974/169/581 5041/168/581 5202/168/581
f 4974/169/581 5202/168/581 5131/169/581
f 4981/203/582 5085/202/582 5249/202/582
f 4981/203/582 5249/202/582 5138/203/582
f 5011/200/599 4982/203/599 5139/203/599
f 5011/200/599 5139/203/599 5170/200/599
f 4979/166/600 5040/165/600 5200/165/600
f 4979/166/600 5200/165/600 5136/166/600
f 4973/204/599 4984/206/599 5141/206/599
f 4973/204/599 5141/206/599 5130/204/599
f 4984/206/599 4986/207/599 5143/207/599
f 4984/206/599 5143/207/599 5141/206/599
f 4986/207/599 4988/208/599 5145/208/599
f 4986/207/599 5145/208/599 5143/207/599
f 4988/208/599 4990/209/599 5147/209/599
f 4988/208/599 5147/209/599 5145/208/599
f 4990/209/599 4992/210/599 5149/210/599
f 4990/209/599 5149/210/599 5147/209/599
f 4992/210/599 4994/211/599 5151/211/599
f 4992/210/599 5151/211/599 5149/210/599
f 4994/211/599 4996/212/599 5153/212/599
f 4994/211/599 5153/212/599 5151/211/599
f 4996/212/599 4999/213/599 5157/213/599
f 4996/212/599 5157/213/599 5153/212/599
f 4998/213/601 5004/214/601 5161/214/601
f 4998/213/601 5161/214/601 5156/213/602
f 5003/214/603 5007/215/603 5165/215/603
f 5002/214/604 5164/215/604 5160/214/604
f 5008/215/605 5010/200/605 5169/200/605
f 5008/215/605 5169/200/605 5166/215/605
f 5013/170/600 4976/169/600 5133/169/600
f 5013/170/600 5133/169/600 5172/170/600
f 5015/172/600 5013/170/600 5172/170/600
f 5015/172/600 5172/170/600 5174/172/600
f 5017/174/600 5015/172/600 5174/172/600
f 5017/174/600 5174/172/600 5176/174/600
f 5019/176/600 5017/174/600 5176/174/600
f 5019/176/600 5176/174/600 5178/176/600
f 5021/178/600 5019/176/600 5178/176/600
f 5021/178/600 5178/176/600 5180/178/600
f 5023/180/600 5021/178/600 5180/178/600
f 5023/180/600 5180/178/600 5182/180/600
f 5025/182/600 5023/180/600 5182/180/600
f 5025/182/600 5182/180/600 5184/182/600
f 5028/184/600 5025/182/600 5184/182/600
f 5028/184/600 5184/182/600 5187/184/600
f 5031/186/606 5027/184/606 5186/184/606
f 5031/186/606 5186/184/606 5192/186/606
f 5034/188/607 5030/186/607 5190/186/607
f 5035/188/608 5191/186/608 5195/188/608
f 5039/165/609 5036/188/609 5196/188/609
f 5039/165/609 5196/188/609 5199/165/609
f 5045/167/582 4978/166/582 5135/166/582
f 5045/167/582 5135/166/582 5206/167/582
f 5080/189/610 5082/164/611 5246/164/611
f 5080/189/610 5246/164/611 5243/189/612
f 5070/185/613 5075/187/613 5237/187/613
f 5070/185/613 5237/187/613 5232/185/613
f 5064/181/599 5067/183/599 5228/183/599
f 5064/181/599 5228/183/599 5225/181/599
f 5058/177/599 5061/179/599 5222/179/599
f 5058/177/599 5222/179/599 5219/177/599
f 5052/173/599 5055/175/599 5216/175/599
f 5052/173/599 5216/175/599 5213/173/599
f 5043/168/599 5049/171/599 5210/171/599
f 5043/168/599 5210/171/599 5204/168/599
f 5083/164/599 5046/167/599 5207/167/599
f 5083/164/599 5207/167/599 5247/164/599
f 5047/171/581 5087/198/581 5251/198/581
f 5047/171/581 5251/198/581 5208/171/581
f 5090/199/586 5050/173/586 5211/173/586
f 5090/199/586 5211/173/586 5254/199/586
f 5053/175/581 5093/196/581 5257/196/581
f 5053/175/581 5257/196/581 5214/175/581
f 5096/197/586 5056/177/586 5217/177/586
f 5096/197/586 5217/177/586 5260/197/586
f 5059/179/581 5099/194/581 5263/194/581
f 5059/179/581 5263/194/581 5220/179/581
f 5102/195/586 5062/181/586 5223/181/586
f 5102/195/586 5223/181/586 5266/195/586
f 5065/183/581 5105/192/581 5269/192/581
f 5065/183/581 5269/192/581 5226/183/581
f 5108/193/586 5068/185/586 5229/185/586
f 5108/193/586 5229/185/586 5272/193/586
f 5073/187/614 5113/190/614 5276/190/614
f 5073/187/614 5276/190/614 5233/187/614
f 5118/191/615 5078/189/615 5238/189/615
f 5119/191/616 5239/189/616 5281/191/616
f 5125/205/581 4971/204/581 5128/204/581
f 5125/205/581 5128/204/581 5290/205/581
f 5086/202/600 5124/201/600 5289/201/600
f 5086/202/600 5289/201/600 5250/202/600
f 5089/198/600 5127/205/600 5292/205/600
f 5089/198/600 5292/205/600 5253/198/600
f 5095/196/600 5092/199/600 5256/199/600
f 5095/196/600 5256/199/600 5259/196/600
f 5101/194/600 5098/197/600 5262/197/600
f 5101/194/600 5262/197/600 5265/194/600
f 5107/192/600 5104/195/600 5268/195/600
f 5107/192/600 5268/195/600 5271/192/600
f 5115/190/617 5110/193/617 5275/193/617
f 5115/190/617 5275/193/617 5279/190/617
f 5123/201/618 5121/191/618 5284/191/619
f 5123/201/618 5284/191/619 5288/201/618
