# Blender 4.4.3
# www.blender.org
mtllib ChassisMesh.mtl
o Circle.007
v -0.077983 0.388678 0.154338
v -0.077983 0.388678 0.154338
v -0.077983 0.388678 0.154338
v -0.077983 0.388678 0.154338
v -0.077983 0.399746 0.155429
v -0.077983 0.399746 0.155429
v -0.077983 0.399746 0.155429
v -0.077983 0.399746 0.155429
v -0.077983 0.410388 0.158657
v -0.077983 0.410388 0.158657
v -0.077983 0.410388 0.158657
v -0.077983 0.410388 0.158657
v -0.077983 0.420196 0.163899
v -0.077983 0.420196 0.163899
v -0.077983 0.420196 0.163899
v -0.077983 0.420196 0.163899
v -0.077983 0.428793 0.170955
v -0.077983 0.428793 0.170955
v -0.077983 0.428793 0.170955
v -0.077983 0.428793 0.170955
v -0.077983 0.435848 0.179551
v -0.077983 0.435848 0.179551
v -0.077983 0.435848 0.179551
v -0.077983 0.435848 0.179551
v -0.077983 0.441090 0.189359
v -0.077983 0.441090 0.189359
v -0.077983 0.441090 0.189359
v -0.077983 0.441090 0.189359
v -0.077983 0.444319 0.200002
v -0.077983 0.444319 0.200002
v -0.077983 0.444319 0.200002
v -0.077983 0.444319 0.200002
v -0.077983 0.445409 0.211069
v -0.077983 0.445409 0.211069
v -0.077983 0.445409 0.211069
v -0.077983 0.445409 0.211069
v -0.077983 0.444319 0.222137
v -0.077983 0.444319 0.222137
v -0.077983 0.444319 0.222137
v -0.077983 0.444319 0.222137
v -0.077983 0.441090 0.232779
v -0.077983 0.441090 0.232779
v -0.077983 0.441090 0.232779
v -0.077983 0.441090 0.232779
v -0.077983 0.435848 0.242587
v -0.077983 0.435848 0.242587
v -0.077983 0.435848 0.242587
v -0.077983 0.435848 0.242587
v -0.077983 0.428793 0.251184
v -0.077983 0.428793 0.251184
v -0.077983 0.428793 0.251184
v -0.077983 0.428793 0.251184
v -0.077983 0.420196 0.258239
v -0.077983 0.420196 0.258239
v -0.077983 0.420196 0.258239
v -0.077983 0.420196 0.258239
v -0.077983 0.410388 0.263482
v -0.077983 0.410388 0.263482
v -0.077983 0.410388 0.263482
v -0.077983 0.410388 0.263482
v -0.077983 0.399746 0.266710
v -0.077983 0.399746 0.266710
v -0.077983 0.399746 0.266710
v -0.077983 0.399746 0.266710
v -0.077983 0.388678 0.267800
v -0.077983 0.388678 0.267800
v -0.077983 0.388678 0.267800
v -0.077983 0.388678 0.267800
v -0.077983 0.377610 0.266710
v -0.077983 0.377610 0.266710
v -0.077983 0.377610 0.266710
v -0.077983 0.377610 0.266710
v -0.077983 0.366968 0.263482
v -0.077983 0.366968 0.263482
v -0.077983 0.366968 0.263482
v -0.077983 0.366968 0.263482
v -0.077983 0.357160 0.258239
v -0.077983 0.357160 0.258239
v -0.077983 0.357160 0.258239
v -0.077983 0.357160 0.258239
v -0.077983 0.348563 0.251184
v -0.077983 0.348563 0.251184
v -0.077983 0.348563 0.251184
v -0.077983 0.348563 0.251184
v -0.077983 0.341508 0.242587
v -0.077983 0.341508 0.242587
v -0.077983 0.341508 0.242587
v -0.077983 0.341508 0.242587
v -0.077983 0.336265 0.232779
v -0.077983 0.336265 0.232779
v -0.077983 0.336265 0.232779
v -0.077983 0.336265 0.232779
v -0.077983 0.333037 0.222137
v -0.077983 0.333037 0.222137
v -0.077983 0.333037 0.222137
v -0.077983 0.333037 0.222137
v -0.077983 0.331947 0.211069
v -0.077983 0.331947 0.211069
v -0.077983 0.331947 0.211069
v -0.077983 0.331947 0.211069
v -0.077983 0.333037 0.200002
v -0.077983 0.333037 0.200002
v -0.077983 0.333037 0.200002
v -0.077983 0.333037 0.200002
v -0.077983 0.336265 0.189359
v -0.077983 0.336265 0.189359
v -0.077983 0.336265 0.189359
v -0.077983 0.336265 0.189359
v -0.077983 0.341508 0.179551
v -0.077983 0.341508 0.179551
v -0.077983 0.341508 0.179551
v -0.077983 0.341508 0.179551
v -0.077983 0.348563 0.170955
v -0.077983 0.348563 0.170955
v -0.077983 0.348563 0.170955
v -0.077983 0.348563 0.170955
v -0.077983 0.357160 0.163899
v -0.077983 0.357160 0.163899
v -0.077983 0.357160 0.163899
v -0.077983 0.357160 0.163899
v -0.077983 0.366968 0.158657
v -0.077983 0.366968 0.158657
v -0.077983 0.366968 0.158657
v -0.077983 0.366968 0.158657
v -0.077983 0.377610 0.155429
v -0.077983 0.377610 0.155429
v -0.077983 0.377610 0.155429
v -0.077983 0.377610 0.155429
v -0.123402 0.402165 0.143264
v -0.123402 0.402165 0.143264
v -0.123402 0.402165 0.143264
v -0.123402 0.388678 0.141936
v -0.123402 0.388678 0.141936
v -0.123402 0.388678 0.141936
v -0.123402 0.415134 0.147198
v -0.123402 0.415134 0.147198
v -0.123402 0.415134 0.147198
v -0.123402 0.427086 0.153587
v -0.123402 0.427086 0.153587
v -0.123402 0.427086 0.153587
v -0.123402 0.437563 0.162185
v -0.123402 0.437563 0.162185
v -0.123402 0.437563 0.162185
v -0.123402 0.446160 0.172661
v -0.123402 0.446160 0.172661
v -0.123402 0.446160 0.172661
v -0.123402 0.452549 0.184613
v -0.123402 0.452549 0.184613
v -0.123402 0.452549 0.184613
v -0.123402 0.456483 0.197582
v -0.123402 0.456483 0.197582
v -0.123402 0.456483 0.197582
v -0.123402 0.457811 0.211069
v -0.123402 0.457811 0.211069
v -0.123402 0.457811 0.211069
v -0.123402 0.456483 0.224557
v -0.123402 0.456483 0.224557
v -0.123402 0.456483 0.224557
v -0.123402 0.452549 0.237526
v -0.123402 0.452549 0.237526
v -0.123402 0.452549 0.237526
v -0.123402 0.446160 0.249478
v -0.123402 0.446160 0.249478
v -0.123402 0.446160 0.249478
v -0.123402 0.437563 0.259954
v -0.123402 0.437563 0.259954
v -0.123402 0.437563 0.259954
v -0.123402 0.427086 0.268552
v -0.123402 0.427086 0.268552
v -0.123402 0.427086 0.268552
v -0.123402 0.415134 0.274940
v -0.123402 0.415134 0.274940
v -0.123402 0.415134 0.274940
v -0.123402 0.402165 0.278874
v -0.123402 0.402165 0.278874
v -0.123402 0.402165 0.278874
v -0.123402 0.388678 0.280203
v -0.123402 0.388678 0.280203
v -0.123402 0.388678 0.280203
v -0.123402 0.375191 0.278874
v -0.123402 0.375191 0.278874
v -0.123402 0.375191 0.278874
v -0.123402 0.362222 0.274940
v -0.123402 0.362222 0.274940
v -0.123402 0.362222 0.274940
v -0.123402 0.350269 0.268552
v -0.123402 0.350269 0.268552
v -0.123402 0.350269 0.268552
v -0.123402 0.339793 0.259954
v -0.123402 0.339793 0.259954
v -0.123402 0.339793 0.259954
v -0.123402 0.331195 0.249478
v -0.123402 0.331195 0.249478
v -0.123402 0.331195 0.249478
v -0.123402 0.324807 0.237526
v -0.123402 0.324807 0.237526
v -0.123402 0.324807 0.237526
v -0.123402 0.320873 0.224557
v -0.123402 0.320873 0.224557
v -0.123402 0.320873 0.224557
v -0.123402 0.319544 0.211069
v -0.123402 0.319544 0.211069
v -0.123402 0.319544 0.211069
v -0.123402 0.320873 0.197582
v -0.123402 0.320873 0.197582
v -0.123402 0.320873 0.197582
v -0.123402 0.324807 0.184613
v -0.123402 0.324807 0.184613
v -0.123402 0.324807 0.184613
v -0.123402 0.331195 0.172661
v -0.123402 0.331195 0.172661
v -0.123402 0.331195 0.172661
v -0.123402 0.339793 0.162185
v -0.123402 0.339793 0.162185
v -0.123402 0.339793 0.162185
v -0.123402 0.350269 0.153587
v -0.123402 0.350269 0.153587
v -0.123402 0.350269 0.153587
v -0.123402 0.362222 0.147198
v -0.123402 0.362222 0.147198
v -0.123402 0.362222 0.147198
v -0.123402 0.375191 0.143264
v -0.123402 0.375191 0.143264
v -0.123402 0.375191 0.143264
v -0.070684 0.402165 0.143264
v -0.070684 0.402165 0.143264
v -0.070684 0.402165 0.143264
v -0.070684 0.402165 0.143264
v -0.070684 0.388678 0.141936
v -0.070684 0.388678 0.141936
v -0.070684 0.388678 0.141936
v -0.070684 0.388678 0.141936
v -0.070684 0.415134 0.147198
v -0.070684 0.415134 0.147198
v -0.070684 0.415134 0.147198
v -0.070684 0.415134 0.147198
v -0.070684 0.427086 0.153587
v -0.070684 0.427086 0.153587
v -0.070684 0.427086 0.153587
v -0.070684 0.427086 0.153587
v -0.070684 0.437563 0.162185
v -0.070684 0.437563 0.162185
v -0.070684 0.437563 0.162185
v -0.070684 0.437563 0.162185
v -0.070684 0.446160 0.172661
v -0.070684 0.446160 0.172661
v -0.070684 0.446160 0.172661
v -0.070684 0.446160 0.172661
v -0.070684 0.452549 0.184613
v -0.070684 0.452549 0.184613
v -0.070684 0.452549 0.184613
v -0.070684 0.452549 0.184613
v -0.070684 0.456483 0.197582
v -0.070684 0.456483 0.197582
v -0.070684 0.456483 0.197582
v -0.070684 0.456483 0.197582
v -0.070684 0.457811 0.211069
v -0.070684 0.457811 0.211069
v -0.070684 0.457811 0.211069
v -0.070684 0.457811 0.211069
v -0.070684 0.456483 0.224557
v -0.070684 0.456483 0.224557
v -0.070684 0.456483 0.224557
v -0.070684 0.456483 0.224557
v -0.070684 0.452549 0.237526
v -0.070684 0.452549 0.237526
v -0.070684 0.452549 0.237526
v -0.070684 0.452549 0.237526
v -0.070684 0.446160 0.249478
v -0.070684 0.446160 0.249478
v -0.070684 0.446160 0.249478
v -0.070684 0.446160 0.249478
v -0.070684 0.437563 0.259954
v -0.070684 0.437563 0.259954
v -0.070684 0.437563 0.259954
v -0.070684 0.437563 0.259954
v -0.070684 0.427086 0.268552
v -0.070684 0.427086 0.268552
v -0.070684 0.427086 0.268552
v -0.070684 0.427086 0.268552
v -0.070684 0.415134 0.274940
v -0.070684 0.415134 0.274940
v -0.070684 0.415134 0.274940
v -0.070684 0.415134 0.274940
v -0.070684 0.402165 0.278874
v -0.070684 0.402165 0.278874
v -0.070684 0.402165 0.278874
v -0.070684 0.402165 0.278874
v -0.070684 0.388678 0.280203
v -0.070684 0.388678 0.280203
v -0.070684 0.388678 0.280203
v -0.070684 0.388678 0.280203
v -0.070684 0.375191 0.278874
v -0.070684 0.375191 0.278874
v -0.070684 0.375191 0.278874
v -0.070684 0.375191 0.278874
v -0.070684 0.362222 0.274940
v -0.070684 0.362222 0.274940
v -0.070684 0.362222 0.274940
v -0.070684 0.362222 0.274940
v -0.070684 0.350269 0.268552
v -0.070684 0.350269 0.268552
v -0.070684 0.350269 0.268552
v -0.070684 0.350269 0.268552
v -0.070684 0.339793 0.259954
v -0.070684 0.339793 0.259954
v -0.070684 0.339793 0.259954
v -0.070684 0.339793 0.259954
v -0.070684 0.331195 0.249478
v -0.070684 0.331195 0.249478
v -0.070684 0.331195 0.249478
v -0.070684 0.331195 0.249478
v -0.070684 0.324807 0.237526
v -0.070684 0.324807 0.237526
v -0.070684 0.324807 0.237526
v -0.070684 0.324807 0.237526
v -0.070684 0.320873 0.224557
v -0.070684 0.320873 0.224557
v -0.070684 0.320873 0.224557
v -0.070684 0.320873 0.224557
v -0.070684 0.319544 0.211069
v -0.070684 0.319544 0.211069
v -0.070684 0.319544 0.211069
v -0.070684 0.319544 0.211069
v -0.070684 0.320873 0.197582
v -0.070684 0.320873 0.197582
v -0.070684 0.320873 0.197582
v -0.070684 0.320873 0.197582
v -0.070684 0.324807 0.184613
v -0.070684 0.324807 0.184613
v -0.070684 0.324807 0.184613
v -0.070684 0.324807 0.184613
v -0.070684 0.331195 0.172661
v -0.070684 0.331195 0.172661
v -0.070684 0.331195 0.172661
v -0.070684 0.331195 0.172661
v -0.070684 0.339793 0.162185
v -0.070684 0.339793 0.162185
v -0.070684 0.339793 0.162185
v -0.070684 0.339793 0.162185
v -0.070684 0.350269 0.153587
v -0.070684 0.350269 0.153587
v -0.070684 0.350269 0.153587
v -0.070684 0.350269 0.153587
v -0.070684 0.362222 0.147198
v -0.070684 0.362222 0.147198
v -0.070684 0.362222 0.147198
v -0.070684 0.362222 0.147198
v -0.070684 0.375191 0.143264
v -0.070684 0.375191 0.143264
v -0.070684 0.375191 0.143264
v -0.070684 0.375191 0.143264
v -0.082995 0.399746 0.155429
v -0.082995 0.399746 0.155429
v -0.082995 0.388678 0.154338
v -0.082995 0.388678 0.154338
v -0.082995 0.410388 0.158657
v -0.082995 0.410388 0.158657
v -0.082995 0.420196 0.163899
v -0.082995 0.420196 0.163899
v -0.082995 0.428793 0.170955
v -0.082995 0.428793 0.170955
v -0.082995 0.435848 0.179551
v -0.082995 0.435848 0.179551
v -0.082995 0.441090 0.189359
v -0.082995 0.441090 0.189359
v -0.082995 0.444319 0.200002
v -0.082995 0.444319 0.200002
v -0.082995 0.445409 0.211069
v -0.082995 0.445409 0.211069
v -0.082995 0.444319 0.222137
v -0.082995 0.444319 0.222137
v -0.082995 0.441090 0.232779
v -0.082995 0.441090 0.232779
v -0.082995 0.435848 0.242587
v -0.082995 0.435848 0.242587
v -0.082995 0.428793 0.251184
v -0.082995 0.428793 0.251184
v -0.082995 0.420196 0.258239
v -0.082995 0.420196 0.258239
v -0.082995 0.410388 0.263482
v -0.082995 0.410388 0.263482
v -0.082995 0.399746 0.266710
v -0.082995 0.399746 0.266710
v -0.082995 0.388678 0.267800
v -0.082995 0.388678 0.267800
v -0.082995 0.377610 0.266710
v -0.082995 0.377610 0.266710
v -0.082995 0.366968 0.263482
v -0.082995 0.366968 0.263482
v -0.082995 0.357160 0.258239
v -0.082995 0.357160 0.258239
v -0.082995 0.348563 0.251184
v -0.082995 0.348563 0.251184
v -0.082995 0.341508 0.242587
v -0.082995 0.341508 0.242587
v -0.082995 0.336265 0.232779
v -0.082995 0.336265 0.232779
v -0.082995 0.333037 0.222137
v -0.082995 0.333037 0.222137
v -0.082995 0.331947 0.211069
v -0.082995 0.331947 0.211069
v -0.082995 0.333037 0.200002
v -0.082995 0.333037 0.200002
v -0.082995 0.336265 0.189359
v -0.082995 0.336265 0.189359
v -0.082995 0.341508 0.179551
v -0.082995 0.341508 0.179551
v -0.082995 0.348563 0.170955
v -0.082995 0.348563 0.170955
v -0.082995 0.357160 0.163899
v -0.082995 0.357160 0.163899
v -0.082995 0.366968 0.158657
v -0.082995 0.366968 0.158657
v -0.082995 0.377610 0.155429
v -0.082995 0.377610 0.155429
v -0.077983 0.388678 -0.284846
v -0.077983 0.388678 -0.284846
v -0.077983 0.388678 -0.284846
v -0.077983 0.388678 -0.284846
v -0.077983 0.399746 -0.283756
v -0.077983 0.399746 -0.283756
v -0.077983 0.399746 -0.283756
v -0.077983 0.399746 -0.283756
v -0.077983 0.410388 -0.280528
v -0.077983 0.410388 -0.280528
v -0.077983 0.410388 -0.280528
v -0.077983 0.410388 -0.280528
v -0.077983 0.410388 -0.280528
v -0.077983 0.420196 -0.275285
v -0.077983 0.420196 -0.275285
v -0.077983 0.420196 -0.275285
v -0.077983 0.420196 -0.275285
v -0.077983 0.428793 -0.268230
v -0.077983 0.428793 -0.268230
v -0.077983 0.428793 -0.268230
v -0.077983 0.428793 -0.268230
v -0.077983 0.428793 -0.268230
v -0.077983 0.435848 -0.259633
v -0.077983 0.435848 -0.259633
v -0.077983 0.435848 -0.259633
v -0.077983 0.435848 -0.259633
v -0.077983 0.435848 -0.259633
v -0.077983 0.441090 -0.249825
v -0.077983 0.441090 -0.249825
v -0.077983 0.441090 -0.249825
v -0.077983 0.441090 -0.249825
v -0.077983 0.444319 -0.239183
v -0.077983 0.444319 -0.239183
v -0.077983 0.444319 -0.239183
v -0.077983 0.444319 -0.239183
v -0.077983 0.444319 -0.239183
v -0.077983 0.445409 -0.228115
v -0.077983 0.445409 -0.228115
v -0.077983 0.445409 -0.228115
v -0.077983 0.445409 -0.228115
v -0.077983 0.444319 -0.217048
v -0.077983 0.444319 -0.217048
v -0.077983 0.444319 -0.217048
v -0.077983 0.444319 -0.217048
v -0.077983 0.441090 -0.206405
v -0.077983 0.441090 -0.206405
v -0.077983 0.441090 -0.206405
v -0.077983 0.441090 -0.206405
v -0.077983 0.435848 -0.196597
v -0.077983 0.435848 -0.196597
v -0.077983 0.435848 -0.196597
v -0.077983 0.435848 -0.196597
v -0.077983 0.435848 -0.196597
v -0.077983 0.428793 -0.188001
v -0.077983 0.428793 -0.188001
v -0.077983 0.428793 -0.188001
v -0.077983 0.428793 -0.188001
v -0.077983 0.420196 -0.180945
v -0.077983 0.420196 -0.180945
v -0.077983 0.420196 -0.180945
v -0.077983 0.420196 -0.180945
v -0.077983 0.410388 -0.175703
v -0.077983 0.410388 -0.175703
v -0.077983 0.410388 -0.175703
v -0.077983 0.410388 -0.175703
v -0.077983 0.399746 -0.172475
v -0.077983 0.399746 -0.172475
v -0.077983 0.399746 -0.172475
v -0.077983 0.399746 -0.172475
v -0.077983 0.388678 -0.171385
v -0.077983 0.388678 -0.171385
v -0.077983 0.388678 -0.171385
v -0.077983 0.388678 -0.171385
v -0.077983 0.377610 -0.172475
v -0.077983 0.377610 -0.172475
v -0.077983 0.377610 -0.172475
v -0.077983 0.377610 -0.172475
v -0.077983 0.366968 -0.175703
v -0.077983 0.366968 -0.175703
v -0.077983 0.366968 -0.175703
v -0.077983 0.366968 -0.175703
v -0.077983 0.357160 -0.180945
v -0.077983 0.357160 -0.180945
v -0.077983 0.357160 -0.180945
v -0.077983 0.357160 -0.180945
v -0.077983 0.348563 -0.188001
v -0.077983 0.348563 -0.188001
v -0.077983 0.348563 -0.188001
v -0.077983 0.348563 -0.188001
v -0.077983 0.348563 -0.188001
v -0.077983 0.341508 -0.196597
v -0.077983 0.341508 -0.196597
v -0.077983 0.341508 -0.196597
v -0.077983 0.341508 -0.196597
v -0.077983 0.341508 -0.196597
v -0.077983 0.336265 -0.206405
v -0.077983 0.336265 -0.206405
v -0.077983 0.336265 -0.206405
v -0.077983 0.336265 -0.206405
v -0.077983 0.333037 -0.217048
v -0.077983 0.333037 -0.217048
v -0.077983 0.333037 -0.217048
v -0.077983 0.333037 -0.217048
v -0.077983 0.331947 -0.228115
v -0.077983 0.331947 -0.228115
v -0.077983 0.331947 -0.228115
v -0.077983 0.331947 -0.228115
v -0.077983 0.331947 -0.228115
v -0.077983 0.333037 -0.239183
v -0.077983 0.333037 -0.239183
v -0.077983 0.333037 -0.239183
v -0.077983 0.333037 -0.239183
v -0.077983 0.336265 -0.249825
v -0.077983 0.336265 -0.249825
v -0.077983 0.336265 -0.249825
v -0.077983 0.336265 -0.249825
v -0.077983 0.341508 -0.259633
v -0.077983 0.341508 -0.259633
v -0.077983 0.341508 -0.259633
v -0.077983 0.341508 -0.259633
v -0.077983 0.348563 -0.268230
v -0.077983 0.348563 -0.268230
v -0.077983 0.348563 -0.268230
v -0.077983 0.348563 -0.268230
v -0.077983 0.357160 -0.275285
v -0.077983 0.357160 -0.275285
v -0.077983 0.357160 -0.275285
v -0.077983 0.357160 -0.275285
v -0.077983 0.366968 -0.280528
v -0.077983 0.366968 -0.280528
v -0.077983 0.366968 -0.280528
v -0.077983 0.366968 -0.280528
v -0.077983 0.377610 -0.283756
v -0.077983 0.377610 -0.283756
v -0.077983 0.377610 -0.283756
v -0.077983 0.377610 -0.283756
v -0.123402 0.402165 -0.295921
v -0.123402 0.402165 -0.295921
v -0.123402 0.402165 -0.295921
v -0.123402 0.388678 -0.297249
v -0.123402 0.388678 -0.297249
v -0.123402 0.388678 -0.297249
v -0.123402 0.415134 -0.291986
v -0.123402 0.415134 -0.291986
v -0.123402 0.415134 -0.291986
v -0.123402 0.427086 -0.285598
v -0.123402 0.427086 -0.285598
v -0.123402 0.427086 -0.285598
v -0.123402 0.437563 -0.277000
v -0.123402 0.437563 -0.277000
v -0.123402 0.437563 -0.277000
v -0.123402 0.446160 -0.266524
v -0.123402 0.446160 -0.266524
v -0.123402 0.446160 -0.266524
v -0.123402 0.452549 -0.254572
v -0.123402 0.452549 -0.254572
v -0.123402 0.452549 -0.254572
v -0.123402 0.456483 -0.241603
v -0.123402 0.456483 -0.241603
v -0.123402 0.456483 -0.241603
v -0.123402 0.457811 -0.228115
v -0.123402 0.457811 -0.228115
v -0.123402 0.457811 -0.228115
v -0.123402 0.456483 -0.214628
v -0.123402 0.456483 -0.214628
v -0.123402 0.456483 -0.214628
v -0.123402 0.452549 -0.201659
v -0.123402 0.452549 -0.201659
v -0.123402 0.452549 -0.201659
v -0.123402 0.446160 -0.189707
v -0.123402 0.446160 -0.189707
v -0.123402 0.446160 -0.189707
v -0.123402 0.437563 -0.179231
v -0.123402 0.437563 -0.179231
v -0.123402 0.437563 -0.179231
v -0.123402 0.427086 -0.170633
v -0.123402 0.427086 -0.170633
v -0.123402 0.427086 -0.170633
v -0.123402 0.415134 -0.164244
v -0.123402 0.415134 -0.164244
v -0.123402 0.415134 -0.164244
v -0.123402 0.402165 -0.160310
v -0.123402 0.402165 -0.160310
v -0.123402 0.402165 -0.160310
v -0.123402 0.388678 -0.158982
v -0.123402 0.388678 -0.158982
v -0.123402 0.388678 -0.158982
v -0.123402 0.375191 -0.160310
v -0.123402 0.375191 -0.160310
v -0.123402 0.375191 -0.160310
v -0.123402 0.362222 -0.164244
v -0.123402 0.362222 -0.164244
v -0.123402 0.362222 -0.164244
v -0.123402 0.350269 -0.170633
v -0.123402 0.350269 -0.170633
v -0.123402 0.350269 -0.170633
v -0.123402 0.339793 -0.179231
v -0.123402 0.339793 -0.179231
v -0.123402 0.339793 -0.179231
v -0.123402 0.331196 -0.189707
v -0.123402 0.331196 -0.189707
v -0.123402 0.331196 -0.189707
v -0.123402 0.324807 -0.201659
v -0.123402 0.324807 -0.201659
v -0.123402 0.324807 -0.201659
v -0.123402 0.320873 -0.214628
v -0.123402 0.320873 -0.214628
v -0.123402 0.320873 -0.214628
v -0.123402 0.319544 -0.228115
v -0.123402 0.319544 -0.228115
v -0.123402 0.319544 -0.228115
v -0.123402 0.320873 -0.241603
v -0.123402 0.320873 -0.241603
v -0.123402 0.320873 -0.241603
v -0.123402 0.324807 -0.254572
v -0.123402 0.324807 -0.254572
v -0.123402 0.324807 -0.254572
v -0.123402 0.331196 -0.266524
v -0.123402 0.331196 -0.266524
v -0.123402 0.331196 -0.266524
v -0.123402 0.339793 -0.277000
v -0.123402 0.339793 -0.277000
v -0.123402 0.339793 -0.277000
v -0.123402 0.350269 -0.285598
v -0.123402 0.350269 -0.285598
v -0.123402 0.350269 -0.285598
v -0.123402 0.362222 -0.291986
v -0.123402 0.362222 -0.291986
v -0.123402 0.362222 -0.291986
v -0.123402 0.375191 -0.295921
v -0.123402 0.375191 -0.295921
v -0.123402 0.375191 -0.295921
v -0.070684 0.402165 -0.295921
v -0.070684 0.402165 -0.295921
v -0.070684 0.402165 -0.295921
v -0.070684 0.402165 -0.295921
v -0.070684 0.388678 -0.297249
v -0.070684 0.388678 -0.297249
v -0.070684 0.388678 -0.297249
v -0.070684 0.388678 -0.297249
v -0.070684 0.415134 -0.291986
v -0.070684 0.415134 -0.291986
v -0.070684 0.415134 -0.291986
v -0.070684 0.415134 -0.291986
v -0.070684 0.427086 -0.285598
v -0.070684 0.427086 -0.285598
v -0.070684 0.427086 -0.285598
v -0.070684 0.427086 -0.285598
v -0.070684 0.427086 -0.285598
v -0.070684 0.437563 -0.277000
v -0.070684 0.437563 -0.277000
v -0.070684 0.437563 -0.277000
v -0.070684 0.437563 -0.277000
v -0.070684 0.446160 -0.266524
v -0.070684 0.446160 -0.266524
v -0.070684 0.446160 -0.266524
v -0.070684 0.446160 -0.266524
v -0.070684 0.446160 -0.266524
v -0.070684 0.452549 -0.254572
v -0.070684 0.452549 -0.254572
v -0.070684 0.452549 -0.254572
v -0.070684 0.452549 -0.254572
v -0.070684 0.452549 -0.254572
v -0.070684 0.456483 -0.241603
v -0.070684 0.456483 -0.241603
v -0.070684 0.456483 -0.241603
v -0.070684 0.456483 -0.241603
v -0.070684 0.457811 -0.228115
v -0.070684 0.457811 -0.228115
v -0.070684 0.457811 -0.228115
v -0.070684 0.457811 -0.228115
v -0.070684 0.457811 -0.228115
v -0.070684 0.456483 -0.214628
v -0.070684 0.456483 -0.214628
v -0.070684 0.456483 -0.214628
v -0.070684 0.456483 -0.214628
v -0.070684 0.452549 -0.201659
v -0.070684 0.452549 -0.201659
v -0.070684 0.452549 -0.201659
v -0.070684 0.452549 -0.201659
v -0.070684 0.446160 -0.189707
v -0.070684 0.446160 -0.189707
v -0.070684 0.446160 -0.189707
v -0.070684 0.446160 -0.189707
v -0.070684 0.437563 -0.179231
v -0.070684 0.437563 -0.179231
v -0.070684 0.437563 -0.179231
v -0.070684 0.437563 -0.179231
v -0.070684 0.437563 -0.179231
v -0.070684 0.427086 -0.170633
v -0.070684 0.427086 -0.170633
v -0.070684 0.427086 -0.170633
v -0.070684 0.427086 -0.170633
v -0.070684 0.415134 -0.164244
v -0.070684 0.415134 -0.164244
v -0.070684 0.415134 -0.164244
v -0.070684 0.415134 -0.164244
v -0.070684 0.402165 -0.160310
v -0.070684 0.402165 -0.160310
v -0.070684 0.402165 -0.160310
v -0.070684 0.402165 -0.160310
v -0.070684 0.388678 -0.158982
v -0.070684 0.388678 -0.158982
v -0.070684 0.388678 -0.158982
v -0.070684 0.388678 -0.158982
v -0.070684 0.375191 -0.160310
v -0.070684 0.375191 -0.160310
v -0.070684 0.375191 -0.160310
v -0.070684 0.375191 -0.160310
v -0.070684 0.362222 -0.164244
v -0.070684 0.362222 -0.164244
v -0.070684 0.362222 -0.164244
v -0.070684 0.362222 -0.164244
v -0.070684 0.350269 -0.170633
v -0.070684 0.350269 -0.170633
v -0.070684 0.350269 -0.170633
v -0.070684 0.350269 -0.170633
v -0.070684 0.339793 -0.179231
v -0.070684 0.339793 -0.179231
v -0.070684 0.339793 -0.179231
v -0.070684 0.339793 -0.179231
v -0.070684 0.331195 -0.189707
v -0.070684 0.331195 -0.189707
v -0.070684 0.331195 -0.189707
v -0.070684 0.331195 -0.189707
v -0.070684 0.331195 -0.189707
v -0.070684 0.324807 -0.201659
v -0.070684 0.324807 -0.201659
v -0.070684 0.324807 -0.201659
v -0.070684 0.324807 -0.201659
v -0.070684 0.324807 -0.201659
v -0.070684 0.320873 -0.214628
v -0.070684 0.320873 -0.214628
v -0.070684 0.320873 -0.214628
v -0.070684 0.320873 -0.214628
v -0.070684 0.319544 -0.228115
v -0.070684 0.319544 -0.228115
v -0.070684 0.319544 -0.228115
v -0.070684 0.319544 -0.228115
v -0.070684 0.320873 -0.241603
v -0.070684 0.320873 -0.241603
v -0.070684 0.320873 -0.241603
v -0.070684 0.320873 -0.241603
v -0.070684 0.320873 -0.241603
v -0.070684 0.324807 -0.254572
v -0.070684 0.324807 -0.254572
v -0.070684 0.324807 -0.254572
v -0.070684 0.324807 -0.254572
v -0.070684 0.331195 -0.266524
v -0.070684 0.331195 -0.266524
v -0.070684 0.331195 -0.266524
v -0.070684 0.331195 -0.266524
v -0.070684 0.339793 -0.277000
v -0.070684 0.339793 -0.277000
v -0.070684 0.339793 -0.277000
v -0.070684 0.339793 -0.277000
v -0.070684 0.350269 -0.285598
v -0.070684 0.350269 -0.285598
v -0.070684 0.350269 -0.285598
v -0.070684 0.350269 -0.285598
v -0.070684 0.362222 -0.291986
v -0.070684 0.362222 -0.291986
v -0.070684 0.362222 -0.291986
v -0.070684 0.362222 -0.291986
v -0.070684 0.375191 -0.295921
v -0.070684 0.375191 -0.295921
v -0.070684 0.375191 -0.295921
v -0.070684 0.375191 -0.295921
v -0.082995 0.399746 -0.283756
v -0.082995 0.399746 -0.283756
v -0.082995 0.388678 -0.284846
v -0.082995 0.388678 -0.284846
v -0.082995 0.410388 -0.280528
v -0.082995 0.410388 -0.280528
v -0.082995 0.420196 -0.275285
v -0.082995 0.420196 -0.275285
v -0.082995 0.428793 -0.268230
v -0.082995 0.428793 -0.268230
v -0.082995 0.435848 -0.259633
v -0.082995 0.435848 -0.259633
v -0.082995 0.441090 -0.249825
v -0.082995 0.441090 -0.249825
v -0.082995 0.444319 -0.239183
v -0.082995 0.444319 -0.239183
v -0.082995 0.445409 -0.228115
v -0.082995 0.445409 -0.228115
v -0.082995 0.444319 -0.217048
v -0.082995 0.444319 -0.217048
v -0.082995 0.441090 -0.206405
v -0.082995 0.441090 -0.206405
v -0.082995 0.435848 -0.196597
v -0.082995 0.435848 -0.196597
v -0.082995 0.428793 -0.188001
v -0.082995 0.428793 -0.188001
v -0.082995 0.420196 -0.180945
v -0.082995 0.420196 -0.180945
v -0.082995 0.410388 -0.175703
v -0.082995 0.410388 -0.175703
v -0.082995 0.399746 -0.172475
v -0.082995 0.399746 -0.172475
v -0.082995 0.388678 -0.171385
v -0.082995 0.388678 -0.171385
v -0.082995 0.377610 -0.172475
v -0.082995 0.377610 -0.172475
v -0.082995 0.366968 -0.175703
v -0.082995 0.366968 -0.175703
v -0.082995 0.357160 -0.180945
v -0.082995 0.357160 -0.180945
v -0.082995 0.348563 -0.188001
v -0.082995 0.348563 -0.188001
v -0.082995 0.341508 -0.196597
v -0.082995 0.341508 -0.196597
v -0.082995 0.336265 -0.206405
v -0.082995 0.336265 -0.206405
v -0.082995 0.333037 -0.217048
v -0.082995 0.333037 -0.217048
v -0.082995 0.331947 -0.228115
v -0.082995 0.331947 -0.228115
v -0.082995 0.333037 -0.239183
v -0.082995 0.333037 -0.239183
v -0.082995 0.336265 -0.249825
v -0.082995 0.336265 -0.249825
v -0.082995 0.341508 -0.259633
v -0.082995 0.341508 -0.259633
v -0.082995 0.348563 -0.268230
v -0.082995 0.348563 -0.268230
v -0.082995 0.357160 -0.275285
v -0.082995 0.357160 -0.275285
v -0.082995 0.366968 -0.280528
v -0.082995 0.366968 -0.280528
v -0.082995 0.377610 -0.283756
v -0.082995 0.377610 -0.283756
v -0.077983 0.388678 -0.141569
v -0.077983 0.388678 -0.141569
v -0.077983 0.388678 -0.141569
v -0.077983 0.388678 -0.141569
v -0.077983 0.399746 -0.140479
v -0.077983 0.399746 -0.140479
v -0.077983 0.399746 -0.140479
v -0.077983 0.399746 -0.140479
v -0.077983 0.410388 -0.137251
v -0.077983 0.410388 -0.137251
v -0.077983 0.410388 -0.137251
v -0.077983 0.410388 -0.137251
v -0.077983 0.420196 -0.132009
v -0.077983 0.420196 -0.132009
v -0.077983 0.420196 -0.132009
v -0.077983 0.420196 -0.132009
v -0.077983 0.428793 -0.124953
v -0.077983 0.428793 -0.124953
v -0.077983 0.428793 -0.124953
v -0.077983 0.428793 -0.124953
v -0.077983 0.428793 -0.124953
v -0.077983 0.435848 -0.116357
v -0.077983 0.435848 -0.116357
v -0.077983 0.435848 -0.116357
v -0.077983 0.435848 -0.116357
v -0.077983 0.435848 -0.116357
v -0.077983 0.441090 -0.106549
v -0.077983 0.441090 -0.106549
v -0.077983 0.441090 -0.106549
v -0.077983 0.441090 -0.106549
v -0.077983 0.444319 -0.095906
v -0.077983 0.444319 -0.095906
v -0.077983 0.444319 -0.095906
v -0.077983 0.444319 -0.095906
v -0.077983 0.444319 -0.095906
v -0.077983 0.445409 -0.084839
v -0.077983 0.445409 -0.084839
v -0.077983 0.445409 -0.084839
v -0.077983 0.445409 -0.084839
v -0.077983 0.444319 -0.073771
v -0.077983 0.444319 -0.073771
v -0.077983 0.444319 -0.073771
v -0.077983 0.444319 -0.073771
v -0.077983 0.441090 -0.063129
v -0.077983 0.441090 -0.063129
v -0.077983 0.441090 -0.063129
v -0.077983 0.441090 -0.063129
v -0.077983 0.435848 -0.053321
v -0.077983 0.435848 -0.053321
v -0.077983 0.435848 -0.053321
v -0.077983 0.435848 -0.053321
v -0.077983 0.428793 -0.044724
v -0.077983 0.428793 -0.044724
v -0.077983 0.428793 -0.044724
v -0.077983 0.428793 -0.044724
v -0.077983 0.420196 -0.037669
v -0.077983 0.420196 -0.037669
v -0.077983 0.420196 -0.037669
v -0.077983 0.420196 -0.037669
v -0.077983 0.410388 -0.032426
v -0.077983 0.410388 -0.032426
v -0.077983 0.410388 -0.032426
v -0.077983 0.410388 -0.032426
v -0.077983 0.399746 -0.029198
v -0.077983 0.399746 -0.029198
v -0.077983 0.399746 -0.029198
v -0.077983 0.399746 -0.029198
v -0.077983 0.388678 -0.028108
v -0.077983 0.388678 -0.028108
v -0.077983 0.388678 -0.028108
v -0.077983 0.388678 -0.028108
v -0.077983 0.377610 -0.029198
v -0.077983 0.377610 -0.029198
v -0.077983 0.377610 -0.029198
v -0.077983 0.377610 -0.029198
v -0.077983 0.366968 -0.032426
v -0.077983 0.366968 -0.032426
v -0.077983 0.366968 -0.032426
v -0.077983 0.366968 -0.032426
v -0.077983 0.357160 -0.037669
v -0.077983 0.357160 -0.037669
v -0.077983 0.357160 -0.037669
v -0.077983 0.357160 -0.037669
v -0.077983 0.348563 -0.044724
v -0.077983 0.348563 -0.044724
v -0.077983 0.348563 -0.044724
v -0.077983 0.348563 -0.044724
v -0.077983 0.348563 -0.044724
v -0.077983 0.341508 -0.053321
v -0.077983 0.341508 -0.053321
v -0.077983 0.341508 -0.053321
v -0.077983 0.341508 -0.053321
v -0.077983 0.336265 -0.063129
v -0.077983 0.336265 -0.063129
v -0.077983 0.336265 -0.063129
v -0.077983 0.336265 -0.063129
v -0.077983 0.333037 -0.073771
v -0.077983 0.333037 -0.073771
v -0.077983 0.333037 -0.073771
v -0.077983 0.333037 -0.073771
v -0.077983 0.331947 -0.084839
v -0.077983 0.331947 -0.084839
v -0.077983 0.331947 -0.084839
v -0.077983 0.331947 -0.084839
v -0.077983 0.333037 -0.095906
v -0.077983 0.333037 -0.095906
v -0.077983 0.333037 -0.095906
v -0.077983 0.333037 -0.095906
v -0.077983 0.336265 -0.106549
v -0.077983 0.336265 -0.106549
v -0.077983 0.336265 -0.106549
v -0.077983 0.336265 -0.106549
v -0.077983 0.341508 -0.116357
v -0.077983 0.341508 -0.116357
v -0.077983 0.341508 -0.116357
v -0.077983 0.341508 -0.116357
v -0.077983 0.341508 -0.116357
v -0.077983 0.348563 -0.124953
v -0.077983 0.348563 -0.124953
v -0.077983 0.348563 -0.124953
v -0.077983 0.348563 -0.124953
v -0.077983 0.357160 -0.132009
v -0.077983 0.357160 -0.132009
v -0.077983 0.357160 -0.132009
v -0.077983 0.357160 -0.132009
v -0.077983 0.366968 -0.137251
v -0.077983 0.366968 -0.137251
v -0.077983 0.366968 -0.137251
v -0.077983 0.366968 -0.137251
v -0.077983 0.377610 -0.140479
v -0.077983 0.377610 -0.140479
v -0.077983 0.377610 -0.140479
v -0.077983 0.377610 -0.140479
v -0.123402 0.402165 -0.152644
v -0.123402 0.402165 -0.152644
v -0.123402 0.402165 -0.152644
v -0.123402 0.388678 -0.153972
v -0.123402 0.388678 -0.153972
v -0.123402 0.388678 -0.153972
v -0.123402 0.415134 -0.148710
v -0.123402 0.415134 -0.148710
v -0.123402 0.415134 -0.148710
v -0.123402 0.427086 -0.142321
v -0.123402 0.427086 -0.142321
v -0.123402 0.427086 -0.142321
v -0.123402 0.437563 -0.133723
v -0.123402 0.437563 -0.133723
v -0.123402 0.437563 -0.133723
v -0.123402 0.446160 -0.123247
v -0.123402 0.446160 -0.123247
v -0.123402 0.446160 -0.123247
v -0.123402 0.452549 -0.111295
v -0.123402 0.452549 -0.111295
v -0.123402 0.452549 -0.111295
v -0.123402 0.456483 -0.098326
v -0.123402 0.456483 -0.098326
v -0.123402 0.456483 -0.098326
v -0.123402 0.457811 -0.084839
v -0.123402 0.457811 -0.084839
v -0.123402 0.457811 -0.084839
v -0.123402 0.456483 -0.071351
v -0.123402 0.456483 -0.071351
v -0.123402 0.456483 -0.071351
v -0.123402 0.452549 -0.058382
v -0.123402 0.452549 -0.058382
v -0.123402 0.452549 -0.058382
v -0.123402 0.446160 -0.046430
v -0.123402 0.446160 -0.046430
v -0.123402 0.446160 -0.046430
v -0.123402 0.437563 -0.035954
v -0.123402 0.437563 -0.035954
v -0.123402 0.437563 -0.035954
v -0.123402 0.427086 -0.027356
v -0.123402 0.427086 -0.027356
v -0.123402 0.427086 -0.027356
v -0.123402 0.415134 -0.020968
v -0.123402 0.415134 -0.020968
v -0.123402 0.415134 -0.020968
v -0.123402 0.402165 -0.017034
v -0.123402 0.402165 -0.017034
v -0.123402 0.402165 -0.017034
v -0.123402 0.388678 -0.015705
v -0.123402 0.388678 -0.015705
v -0.123402 0.388678 -0.015705
v -0.123402 0.375191 -0.017034
v -0.123402 0.375191 -0.017034
v -0.123402 0.375191 -0.017034
v -0.123402 0.362222 -0.020968
v -0.123402 0.362222 -0.020968
v -0.123402 0.362222 -0.020968
v -0.123402 0.350269 -0.027356
v -0.123402 0.350269 -0.027356
v -0.123402 0.350269 -0.027356
v -0.123402 0.339793 -0.035954
v -0.123402 0.339793 -0.035954
v -0.123402 0.339793 -0.035954
v -0.123402 0.331196 -0.046430
v -0.123402 0.331196 -0.046430
v -0.123402 0.331196 -0.046430
v -0.123402 0.324807 -0.058382
v -0.123402 0.324807 -0.058382
v -0.123402 0.324807 -0.058382
v -0.123402 0.320873 -0.071351
v -0.123402 0.320873 -0.071351
v -0.123402 0.320873 -0.071351
v -0.123402 0.319544 -0.084839
v -0.123402 0.319544 -0.084839
v -0.123402 0.319544 -0.084839
v -0.123402 0.320873 -0.098326
v -0.123402 0.320873 -0.098326
v -0.123402 0.320873 -0.098326
v -0.123402 0.324807 -0.111295
v -0.123402 0.324807 -0.111295
v -0.123402 0.324807 -0.111295
v -0.123402 0.331196 -0.123247
v -0.123402 0.331196 -0.123247
v -0.123402 0.331196 -0.123247
v -0.123402 0.339793 -0.133723
v -0.123402 0.339793 -0.133723
v -0.123402 0.339793 -0.133723
v -0.123402 0.350269 -0.142321
v -0.123402 0.350269 -0.142321
v -0.123402 0.350269 -0.142321
v -0.123402 0.362222 -0.148710
v -0.123402 0.362222 -0.148710
v -0.123402 0.362222 -0.148710
v -0.123402 0.375191 -0.152644
v -0.123402 0.375191 -0.152644
v -0.123402 0.375191 -0.152644
v -0.070684 0.402165 -0.152644
v -0.070684 0.402165 -0.152644
v -0.070684 0.402165 -0.152644
v -0.070684 0.402165 -0.152644
v -0.070684 0.388678 -0.153972
v -0.070684 0.388678 -0.153972
v -0.070684 0.388678 -0.153972
v -0.070684 0.388678 -0.153972
v -0.070684 0.415134 -0.148710
v -0.070684 0.415134 -0.148710
v -0.070684 0.415134 -0.148710
v -0.070684 0.415134 -0.148710
v -0.070684 0.427086 -0.142321
v -0.070684 0.427086 -0.142321
v -0.070684 0.427086 -0.142321
v -0.070684 0.427086 -0.142321
v -0.070684 0.437563 -0.133723
v -0.070684 0.437563 -0.133723
v -0.070684 0.437563 -0.133723
v -0.070684 0.437563 -0.133723
v -0.070684 0.446160 -0.123247
v -0.070684 0.446160 -0.123247
v -0.070684 0.446160 -0.123247
v -0.070684 0.446160 -0.123247
v -0.070684 0.446160 -0.123247
v -0.070684 0.452549 -0.111295
v -0.070684 0.452549 -0.111295
v -0.070684 0.452549 -0.111295
v -0.070684 0.452549 -0.111295
v -0.070684 0.452549 -0.111295
v -0.070684 0.456483 -0.098326
v -0.070684 0.456483 -0.098326
v -0.070684 0.456483 -0.098326
v -0.070684 0.456483 -0.098326
v -0.070684 0.457811 -0.084839
v -0.070684 0.457811 -0.084839
v -0.070684 0.457811 -0.084839
v -0.070684 0.457811 -0.084839
v -0.070684 0.457811 -0.084839
v -0.070684 0.456483 -0.071351
v -0.070684 0.456483 -0.071351
v -0.070684 0.456483 -0.071351
v -0.070684 0.456483 -0.071351
v -0.070684 0.452549 -0.058382
v -0.070684 0.452549 -0.058382
v -0.070684 0.452549 -0.058382
v -0.070684 0.452549 -0.058382
v -0.070684 0.446160 -0.046430
v -0.070684 0.446160 -0.046430
v -0.070684 0.446160 -0.046430
v -0.070684 0.446160 -0.046430
v -0.070684 0.437563 -0.035954
v -0.070684 0.437563 -0.035954
v -0.070684 0.437563 -0.035954
v -0.070684 0.437563 -0.035954
v -0.070684 0.427086 -0.027356
v -0.070684 0.427086 -0.027356
v -0.070684 0.427086 -0.027356
v -0.070684 0.427086 -0.027356
v -0.070684 0.415134 -0.020968
v -0.070684 0.415134 -0.020968
v -0.070684 0.415134 -0.020968
v -0.070684 0.415134 -0.020968
v -0.070684 0.402165 -0.017034
v -0.070684 0.402165 -0.017034
v -0.070684 0.402165 -0.017034
v -0.070684 0.402165 -0.017034
v -0.070684 0.388678 -0.015705
v -0.070684 0.388678 -0.015705
v -0.070684 0.388678 -0.015705
v -0.070684 0.388678 -0.015705
v -0.070684 0.375191 -0.017034
v -0.070684 0.375191 -0.017034
v -0.070684 0.375191 -0.017034
v -0.070684 0.375191 -0.017034
v -0.070684 0.362222 -0.020968
v -0.070684 0.362222 -0.020968
v -0.070684 0.362222 -0.020968
v -0.070684 0.362222 -0.020968
v -0.070684 0.350269 -0.027356
v -0.070684 0.350269 -0.027356
v -0.070684 0.350269 -0.027356
v -0.070684 0.350269 -0.027356
v -0.070684 0.339793 -0.035954
v -0.070684 0.339793 -0.035954
v -0.070684 0.339793 -0.035954
v -0.070684 0.339793 -0.035954
v -0.070684 0.331195 -0.046430
v -0.070684 0.331195 -0.046430
v -0.070684 0.331195 -0.046430
v -0.070684 0.331195 -0.046430
v -0.070684 0.331195 -0.046430
v -0.070684 0.324807 -0.058382
v -0.070684 0.324807 -0.058382
v -0.070684 0.324807 -0.058382
v -0.070684 0.324807 -0.058382
v -0.070684 0.320873 -0.071351
v -0.070684 0.320873 -0.071351
v -0.070684 0.320873 -0.071351
v -0.070684 0.320873 -0.071351
v -0.070684 0.319544 -0.084839
v -0.070684 0.319544 -0.084839
v -0.070684 0.319544 -0.084839
v -0.070684 0.319544 -0.084839
v -0.070684 0.320873 -0.098326
v -0.070684 0.320873 -0.098326
v -0.070684 0.320873 -0.098326
v -0.070684 0.320873 -0.098326
v -0.070684 0.324807 -0.111295
v -0.070684 0.324807 -0.111295
v -0.070684 0.324807 -0.111295
v -0.070684 0.324807 -0.111295
v -0.070684 0.331195 -0.123247
v -0.070684 0.331195 -0.123247
v -0.070684 0.331195 -0.123247
v -0.070684 0.331195 -0.123247
v -0.070684 0.339793 -0.133723
v -0.070684 0.339793 -0.133723
v -0.070684 0.339793 -0.133723
v -0.070684 0.339793 -0.133723
v -0.070684 0.339793 -0.133723
v -0.070684 0.350269 -0.142321
v -0.070684 0.350269 -0.142321
v -0.070684 0.350269 -0.142321
v -0.070684 0.350269 -0.142321
v -0.070684 0.362222 -0.148710
v -0.070684 0.362222 -0.148710
v -0.070684 0.362222 -0.148710
v -0.070684 0.362222 -0.148710
v -0.070684 0.375191 -0.152644
v -0.070684 0.375191 -0.152644
v -0.070684 0.375191 -0.152644
v -0.070684 0.375191 -0.152644
v -0.082995 0.399746 -0.140479
v -0.082995 0.399746 -0.140479
v -0.082995 0.388678 -0.141569
v -0.082995 0.388678 -0.141569
v -0.082995 0.410388 -0.137251
v -0.082995 0.410388 -0.137251
v -0.082995 0.420196 -0.132009
v -0.082995 0.420196 -0.132009
v -0.082995 0.428793 -0.124953
v -0.082995 0.428793 -0.124953
v -0.082995 0.435848 -0.116357
v -0.082995 0.435848 -0.116357
v -0.082995 0.441090 -0.106549
v -0.082995 0.441090 -0.106549
v -0.082995 0.444319 -0.095906
v -0.082995 0.444319 -0.095906
v -0.082995 0.445409 -0.084839
v -0.082995 0.445409 -0.084839
v -0.082995 0.444319 -0.073771
v -0.082995 0.444319 -0.073771
v -0.082995 0.441090 -0.063129
v -0.082995 0.441090 -0.063129
v -0.082995 0.435848 -0.053321
v -0.082995 0.435848 -0.053321
v -0.082995 0.428793 -0.044724
v -0.082995 0.428793 -0.044724
v -0.082995 0.420196 -0.037669
v -0.082995 0.420196 -0.037669
v -0.082995 0.410388 -0.032426
v -0.082995 0.410388 -0.032426
v -0.082995 0.399746 -0.029198
v -0.082995 0.399746 -0.029198
v -0.082995 0.388678 -0.028108
v -0.082995 0.388678 -0.028108
v -0.082995 0.377610 -0.029198
v -0.082995 0.377610 -0.029198
v -0.082995 0.366968 -0.032426
v -0.082995 0.366968 -0.032426
v -0.082995 0.357160 -0.037669
v -0.082995 0.357160 -0.037669
v -0.082995 0.348563 -0.044724
v -0.082995 0.348563 -0.044724
v -0.082995 0.341508 -0.053321
v -0.082995 0.341508 -0.053321
v -0.082995 0.336265 -0.063129
v -0.082995 0.336265 -0.063129
v -0.082995 0.333037 -0.073771
v -0.082995 0.333037 -0.073771
v -0.082995 0.331947 -0.084839
v -0.082995 0.331947 -0.084839
v -0.082995 0.333037 -0.095906
v -0.082995 0.333037 -0.095906
v -0.082995 0.336265 -0.106549
v -0.082995 0.336265 -0.106549
v -0.082995 0.341508 -0.116357
v -0.082995 0.341508 -0.116357
v -0.082995 0.348563 -0.124953
v -0.082995 0.348563 -0.124953
v -0.082995 0.357160 -0.132009
v -0.082995 0.357160 -0.132009
v -0.082995 0.366968 -0.137251
v -0.082995 0.366968 -0.137251
v -0.082995 0.377610 -0.140479
v -0.082995 0.377610 -0.140479
v -0.077983 0.388678 0.003673
v -0.077983 0.388678 0.003673
v -0.077983 0.388678 0.003673
v -0.077983 0.388678 0.003673
v -0.077983 0.399746 0.004763
v -0.077983 0.399746 0.004763
v -0.077983 0.399746 0.004763
v -0.077983 0.399746 0.004763
v -0.077983 0.410388 0.007991
v -0.077983 0.410388 0.007991
v -0.077983 0.410388 0.007991
v -0.077983 0.410388 0.007991
v -0.077983 0.420196 0.013234
v -0.077983 0.420196 0.013234
v -0.077983 0.420196 0.013234
v -0.077983 0.420196 0.013234
v -0.077983 0.428793 0.020289
v -0.077983 0.428793 0.020289
v -0.077983 0.428793 0.020289
v -0.077983 0.428793 0.020289
v -0.077983 0.435848 0.028886
v -0.077983 0.435848 0.028886
v -0.077983 0.435848 0.028886
v -0.077983 0.435848 0.028886
v -0.077983 0.441090 0.038694
v -0.077983 0.441090 0.038694
v -0.077983 0.441090 0.038694
v -0.077983 0.441090 0.038694
v -0.077983 0.444319 0.049336
v -0.077983 0.444319 0.049336
v -0.077983 0.444319 0.049336
v -0.077983 0.444319 0.049336
v -0.077983 0.445409 0.060404
v -0.077983 0.445409 0.060404
v -0.077983 0.445409 0.060404
v -0.077983 0.445409 0.060404
v -0.077983 0.444319 0.071471
v -0.077983 0.444319 0.071471
v -0.077983 0.444319 0.071471
v -0.077983 0.444319 0.071471
v -0.077983 0.441090 0.082114
v -0.077983 0.441090 0.082114
v -0.077983 0.441090 0.082114
v -0.077983 0.441090 0.082114
v -0.077983 0.435848 0.091922
v -0.077983 0.435848 0.091922
v -0.077983 0.435848 0.091922
v -0.077983 0.435848 0.091922
v -0.077983 0.428793 0.100518
v -0.077983 0.428793 0.100518
v -0.077983 0.428793 0.100518
v -0.077983 0.428793 0.100518
v -0.077983 0.420196 0.107574
v -0.077983 0.420196 0.107574
v -0.077983 0.420196 0.107574
v -0.077983 0.420196 0.107574
v -0.077983 0.410388 0.112816
v -0.077983 0.410388 0.112816
v -0.077983 0.410388 0.112816
v -0.077983 0.410388 0.112816
v -0.077983 0.399746 0.116044
v -0.077983 0.399746 0.116044
v -0.077983 0.399746 0.116044
v -0.077983 0.399746 0.116044
v -0.077983 0.388678 0.117135
v -0.077983 0.388678 0.117135
v -0.077983 0.388678 0.117135
v -0.077983 0.388678 0.117135
v -0.077983 0.377610 0.116044
v -0.077983 0.377610 0.116044
v -0.077983 0.377610 0.116044
v -0.077983 0.377610 0.116044
v -0.077983 0.366968 0.112816
v -0.077983 0.366968 0.112816
v -0.077983 0.366968 0.112816
v -0.077983 0.366968 0.112816
v -0.077983 0.357160 0.107574
v -0.077983 0.357160 0.107574
v -0.077983 0.357160 0.107574
v -0.077983 0.357160 0.107574
v -0.077983 0.348563 0.100518
v -0.077983 0.348563 0.100518
v -0.077983 0.348563 0.100518
v -0.077983 0.348563 0.100518
v -0.077983 0.341508 0.091922
v -0.077983 0.341508 0.091922
v -0.077983 0.341508 0.091922
v -0.077983 0.341508 0.091922
v -0.077983 0.336265 0.082114
v -0.077983 0.336265 0.082114
v -0.077983 0.336265 0.082114
v -0.077983 0.336265 0.082114
v -0.077983 0.333037 0.071471
v -0.077983 0.333037 0.071471
v -0.077983 0.333037 0.071471
v -0.077983 0.333037 0.071471
v -0.077983 0.331947 0.060404
v -0.077983 0.331947 0.060404
v -0.077983 0.331947 0.060404
v -0.077983 0.331947 0.060404
v -0.077983 0.333037 0.049336
v -0.077983 0.333037 0.049336
v -0.077983 0.333037 0.049336
v -0.077983 0.333037 0.049336
v -0.077983 0.336265 0.038694
v -0.077983 0.336265 0.038694
v -0.077983 0.336265 0.038694
v -0.077983 0.336265 0.038694
v -0.077983 0.341508 0.028886
v -0.077983 0.341508 0.028886
v -0.077983 0.341508 0.028886
v -0.077983 0.341508 0.028886
v -0.077983 0.348563 0.020289
v -0.077983 0.348563 0.020289
v -0.077983 0.348563 0.020289
v -0.077983 0.348563 0.020289
v -0.077983 0.357160 0.013234
v -0.077983 0.357160 0.013234
v -0.077983 0.357160 0.013234
v -0.077983 0.357160 0.013234
v -0.077983 0.366968 0.007991
v -0.077983 0.366968 0.007991
v -0.077983 0.366968 0.007991
v -0.077983 0.366968 0.007991
v -0.077983 0.377610 0.004763
v -0.077983 0.377610 0.004763
v -0.077983 0.377610 0.004763
v -0.077983 0.377610 0.004763
v -0.123402 0.402165 -0.007401
v -0.123402 0.402165 -0.007401
v -0.123402 0.402165 -0.007401
v -0.123402 0.388678 -0.008730
v -0.123402 0.388678 -0.008730
v -0.123402 0.388678 -0.008730
v -0.123402 0.415134 -0.003467
v -0.123402 0.415134 -0.003467
v -0.123402 0.415134 -0.003467
v -0.123402 0.427086 0.002921
v -0.123402 0.427086 0.002921
v -0.123402 0.427086 0.002921
v -0.123402 0.437563 0.011519
v -0.123402 0.437563 0.011519
v -0.123402 0.437563 0.011519
v -0.123402 0.446160 0.021995
v -0.123402 0.446160 0.021995
v -0.123402 0.446160 0.021995
v -0.123402 0.452549 0.033947
v -0.123402 0.452549 0.033947
v -0.123402 0.452549 0.033947
v -0.123402 0.456483 0.046916
v -0.123402 0.456483 0.046916
v -0.123402 0.456483 0.046916
v -0.123402 0.457811 0.060404
v -0.123402 0.457811 0.060404
v -0.123402 0.457811 0.060404
v -0.123402 0.456483 0.073891
v -0.123402 0.456483 0.073891
v -0.123402 0.456483 0.073891
v -0.123402 0.452549 0.086860
v -0.123402 0.452549 0.086860
v -0.123402 0.452549 0.086860
v -0.123402 0.446160 0.098812
v -0.123402 0.446160 0.098812
v -0.123402 0.446160 0.098812
v -0.123402 0.437563 0.109288
v -0.123402 0.437563 0.109288
v -0.123402 0.437563 0.109288
v -0.123402 0.427086 0.117886
v -0.123402 0.427086 0.117886
v -0.123402 0.427086 0.117886
v -0.123402 0.415134 0.124275
v -0.123402 0.415134 0.124275
v -0.123402 0.415134 0.124275
v -0.123402 0.402165 0.128209
v -0.123402 0.402165 0.128209
v -0.123402 0.402165 0.128209
v -0.123402 0.388678 0.129537
v -0.123402 0.388678 0.129537
v -0.123402 0.388678 0.129537
v -0.123402 0.375191 0.128209
v -0.123402 0.375191 0.128209
v -0.123402 0.375191 0.128209
v -0.123402 0.362222 0.124275
v -0.123402 0.362222 0.124275
v -0.123402 0.362222 0.124275
v -0.123402 0.350269 0.117886
v -0.123402 0.350269 0.117886
v -0.123402 0.350269 0.117886
v -0.123402 0.339793 0.109288
v -0.123402 0.339793 0.109288
v -0.123402 0.339793 0.109288
v -0.123402 0.331196 0.098812
v -0.123402 0.331196 0.098812
v -0.123402 0.331196 0.098812
v -0.123402 0.324807 0.086860
v -0.123402 0.324807 0.086860
v -0.123402 0.324807 0.086860
v -0.123402 0.320873 0.073891
v -0.123402 0.320873 0.073891
v -0.123402 0.320873 0.073891
v -0.123402 0.319544 0.060404
v -0.123402 0.319544 0.060404
v -0.123402 0.319544 0.060404
v -0.123402 0.320873 0.046916
v -0.123402 0.320873 0.046916
v -0.123402 0.320873 0.046916
v -0.123402 0.324807 0.033947
v -0.123402 0.324807 0.033947
v -0.123402 0.324807 0.033947
v -0.123402 0.331196 0.021995
v -0.123402 0.331196 0.021995
v -0.123402 0.331196 0.021995
v -0.123402 0.339793 0.011519
v -0.123402 0.339793 0.011519
v -0.123402 0.339793 0.011519
v -0.123402 0.350269 0.002921
v -0.123402 0.350269 0.002921
v -0.123402 0.350269 0.002921
v -0.123402 0.362222 -0.003467
v -0.123402 0.362222 -0.003467
v -0.123402 0.362222 -0.003467
v -0.123402 0.375191 -0.007401
v -0.123402 0.375191 -0.007401
v -0.123402 0.375191 -0.007401
v -0.070684 0.402165 -0.007401
v -0.070684 0.402165 -0.007401
v -0.070684 0.402165 -0.007401
v -0.070684 0.402165 -0.007401
v -0.070684 0.388678 -0.008730
v -0.070684 0.388678 -0.008730
v -0.070684 0.388678 -0.008730
v -0.070684 0.388678 -0.008730
v -0.070684 0.415134 -0.003467
v -0.070684 0.415134 -0.003467
v -0.070684 0.415134 -0.003467
v -0.070684 0.415134 -0.003467
v -0.070684 0.427086 0.002921
v -0.070684 0.427086 0.002921
v -0.070684 0.427086 0.002921
v -0.070684 0.427086 0.002921
v -0.070684 0.437563 0.011519
v -0.070684 0.437563 0.011519
v -0.070684 0.437563 0.011519
v -0.070684 0.437563 0.011519
v -0.070684 0.446160 0.021995
v -0.070684 0.446160 0.021995
v -0.070684 0.446160 0.021995
v -0.070684 0.446160 0.021995
v -0.070684 0.452549 0.033947
v -0.070684 0.452549 0.033947
v -0.070684 0.452549 0.033947
v -0.070684 0.452549 0.033947
v -0.070684 0.456483 0.046916
v -0.070684 0.456483 0.046916
v -0.070684 0.456483 0.046916
v -0.070684 0.456483 0.046916
v -0.070684 0.457811 0.060404
v -0.070684 0.457811 0.060404
v -0.070684 0.457811 0.060404
v -0.070684 0.457811 0.060404
v -0.070684 0.456483 0.073891
v -0.070684 0.456483 0.073891
v -0.070684 0.456483 0.073891
v -0.070684 0.456483 0.073891
v -0.070684 0.452549 0.086860
v -0.070684 0.452549 0.086860
v -0.070684 0.452549 0.086860
v -0.070684 0.452549 0.086860
v -0.070684 0.446160 0.098812
v -0.070684 0.446160 0.098812
v -0.070684 0.446160 0.098812
v -0.070684 0.446160 0.098812
v -0.070684 0.437563 0.109288
v -0.070684 0.437563 0.109288
v -0.070684 0.437563 0.109288
v -0.070684 0.437563 0.109288
v -0.070684 0.427086 0.117886
v -0.070684 0.427086 0.117886
v -0.070684 0.427086 0.117886
v -0.070684 0.427086 0.117886
v -0.070684 0.415134 0.124275
v -0.070684 0.415134 0.124275
v -0.070684 0.415134 0.124275
v -0.070684 0.415134 0.124275
v -0.070684 0.402165 0.128209
v -0.070684 0.402165 0.128209
v -0.070684 0.402165 0.128209
v -0.070684 0.402165 0.128209
v -0.070684 0.388678 0.129537
v -0.070684 0.388678 0.129537
v -0.070684 0.388678 0.129537
v -0.070684 0.388678 0.129537
v -0.070684 0.375191 0.128209
v -0.070684 0.375191 0.128209
v -0.070684 0.375191 0.128209
v -0.070684 0.375191 0.128209
v -0.070684 0.362222 0.124275
v -0.070684 0.362222 0.124275
v -0.070684 0.362222 0.124275
v -0.070684 0.362222 0.124275
v -0.070684 0.350269 0.117886
v -0.070684 0.350269 0.117886
v -0.070684 0.350269 0.117886
v -0.070684 0.350269 0.117886
v -0.070684 0.339793 0.109288
v -0.070684 0.339793 0.109288
v -0.070684 0.339793 0.109288
v -0.070684 0.339793 0.109288
v -0.070684 0.331195 0.098812
v -0.070684 0.331195 0.098812
v -0.070684 0.331195 0.098812
v -0.070684 0.331195 0.098812
v -0.070684 0.324807 0.086860
v -0.070684 0.324807 0.086860
v -0.070684 0.324807 0.086860
v -0.070684 0.324807 0.086860
v -0.070684 0.320873 0.073891
v -0.070684 0.320873 0.073891
v -0.070684 0.320873 0.073891
v -0.070684 0.320873 0.073891
v -0.070684 0.319544 0.060404
v -0.070684 0.319544 0.060404
v -0.070684 0.319544 0.060404
v -0.070684 0.319544 0.060404
v -0.070684 0.320873 0.046916
v -0.070684 0.320873 0.046916
v -0.070684 0.320873 0.046916
v -0.070684 0.320873 0.046916
v -0.070684 0.324807 0.033947
v -0.070684 0.324807 0.033947
v -0.070684 0.324807 0.033947
v -0.070684 0.324807 0.033947
v -0.070684 0.331195 0.021995
v -0.070684 0.331195 0.021995
v -0.070684 0.331195 0.021995
v -0.070684 0.331195 0.021995
v -0.070684 0.339793 0.011519
v -0.070684 0.339793 0.011519
v -0.070684 0.339793 0.011519
v -0.070684 0.339793 0.011519
v -0.070684 0.350269 0.002921
v -0.070684 0.350269 0.002921
v -0.070684 0.350269 0.002921
v -0.070684 0.350269 0.002921
v -0.070684 0.362222 -0.003467
v -0.070684 0.362222 -0.003467
v -0.070684 0.362222 -0.003467
v -0.070684 0.362222 -0.003467
v -0.070684 0.375191 -0.007401
v -0.070684 0.375191 -0.007401
v -0.070684 0.375191 -0.007401
v -0.070684 0.375191 -0.007401
v -0.082995 0.399746 0.004763
v -0.082995 0.399746 0.004763
v -0.082995 0.388678 0.003673
v -0.082995 0.388678 0.003673
v -0.082995 0.410388 0.007991
v -0.082995 0.410388 0.007991
v -0.082995 0.420196 0.013234
v -0.082995 0.420196 0.013234
v -0.082995 0.428793 0.020289
v -0.082995 0.428793 0.020289
v -0.082995 0.435848 0.028886
v -0.082995 0.435848 0.028886
v -0.082995 0.441090 0.038694
v -0.082995 0.441090 0.038694
v -0.082995 0.444319 0.049336
v -0.082995 0.444319 0.049336
v -0.082995 0.445409 0.060404
v -0.082995 0.445409 0.060404
v -0.082995 0.444319 0.071471
v -0.082995 0.444319 0.071471
v -0.082995 0.441090 0.082114
v -0.082995 0.441090 0.082114
v -0.082995 0.435848 0.091922
v -0.082995 0.435848 0.091922
v -0.082995 0.428793 0.100518
v -0.082995 0.428793 0.100518
v -0.082995 0.420196 0.107574
v -0.082995 0.420196 0.107574
v -0.082995 0.410388 0.112816
v -0.082995 0.410388 0.112816
v -0.082995 0.399746 0.116044
v -0.082995 0.399746 0.116044
v -0.082995 0.388678 0.117135
v -0.082995 0.388678 0.117135
v -0.082995 0.377610 0.116044
v -0.082995 0.377610 0.116044
v -0.082995 0.366968 0.112816
v -0.082995 0.366968 0.112816
v -0.082995 0.357160 0.107574
v -0.082995 0.357160 0.107574
v -0.082995 0.348563 0.100518
v -0.082995 0.348563 0.100518
v -0.082995 0.341508 0.091922
v -0.082995 0.341508 0.091922
v -0.082995 0.336265 0.082114
v -0.082995 0.336265 0.082114
v -0.082995 0.333037 0.071471
v -0.082995 0.333037 0.071471
v -0.082995 0.331947 0.060404
v -0.082995 0.331947 0.060404
v -0.082995 0.333037 0.049336
v -0.082995 0.333037 0.049336
v -0.082995 0.336265 0.038694
v -0.082995 0.336265 0.038694
v -0.082995 0.341508 0.028886
v -0.082995 0.341508 0.028886
v -0.082995 0.348563 0.020289
v -0.082995 0.348563 0.020289
v -0.082995 0.357160 0.013234
v -0.082995 0.357160 0.013234
v -0.082995 0.366968 0.007991
v -0.082995 0.366968 0.007991
v -0.082995 0.377610 0.004763
v -0.082995 0.377610 0.004763
v -0.082995 0.399746 0.155429
v -0.082995 0.388678 0.154338
v -0.082995 0.410388 0.158657
v -0.082995 0.420196 0.163899
v -0.082995 0.428793 0.170955
v -0.082995 0.435848 0.179551
v -0.082995 0.441090 0.189359
v -0.082995 0.444319 0.200002
v -0.082995 0.445409 0.211069
v -0.082995 0.444319 0.222137
v -0.082995 0.441090 0.232779
v -0.082995 0.435848 0.242587
v -0.082995 0.428793 0.251184
v -0.082995 0.420196 0.258239
v -0.082995 0.410388 0.263482
v -0.082995 0.399746 0.266710
v -0.082995 0.388678 0.267800
v -0.082995 0.377610 0.266710
v -0.082995 0.366968 0.263482
v -0.082995 0.357160 0.258239
v -0.082995 0.348563 0.251184
v -0.082995 0.341508 0.242587
v -0.082995 0.336265 0.232779
v -0.082995 0.333037 0.222137
v -0.082995 0.331947 0.211069
v -0.082995 0.333037 0.200002
v -0.082995 0.336265 0.189359
v -0.082995 0.341508 0.179551
v -0.082995 0.348563 0.170955
v -0.082995 0.357160 0.163899
v -0.082995 0.366968 0.158657
v -0.082995 0.377610 0.155429
v -0.082995 0.399746 -0.283756
v -0.082995 0.388678 -0.284846
v -0.082995 0.410388 -0.280528
v -0.082995 0.420196 -0.275285
v -0.082995 0.428793 -0.268230
v -0.082995 0.435848 -0.259633
v -0.082995 0.441090 -0.249825
v -0.082995 0.444319 -0.239183
v -0.082995 0.445409 -0.228115
v -0.082995 0.444319 -0.217048
v -0.082995 0.441090 -0.206405
v -0.082995 0.435848 -0.196597
v -0.082995 0.428793 -0.188001
v -0.082995 0.420196 -0.180945
v -0.082995 0.410388 -0.175703
v -0.082995 0.399746 -0.172475
v -0.082995 0.388678 -0.171385
v -0.082995 0.377610 -0.172475
v -0.082995 0.366968 -0.175703
v -0.082995 0.357160 -0.180945
v -0.082995 0.348563 -0.188001
v -0.082995 0.341508 -0.196597
v -0.082995 0.336265 -0.206405
v -0.082995 0.333037 -0.217048
v -0.082995 0.331947 -0.228115
v -0.082995 0.333037 -0.239183
v -0.082995 0.336265 -0.249825
v -0.082995 0.341508 -0.259633
v -0.082995 0.348563 -0.268230
v -0.082995 0.357160 -0.275285
v -0.082995 0.366968 -0.280528
v -0.082995 0.377610 -0.283756
v -0.082995 0.399746 -0.140479
v -0.082995 0.388678 -0.141569
v -0.082995 0.410388 -0.137251
v -0.082995 0.420196 -0.132009
v -0.082995 0.428793 -0.124953
v -0.082995 0.435848 -0.116357
v -0.082995 0.441090 -0.106549
v -0.082995 0.444319 -0.095906
v -0.082995 0.445409 -0.084839
v -0.082995 0.444319 -0.073771
v -0.082995 0.441090 -0.063129
v -0.082995 0.435848 -0.053321
v -0.082995 0.428793 -0.044724
v -0.082995 0.420196 -0.037669
v -0.082995 0.410388 -0.032426
v -0.082995 0.399746 -0.029198
v -0.082995 0.388678 -0.028108
v -0.082995 0.377610 -0.029198
v -0.082995 0.366968 -0.032426
v -0.082995 0.357160 -0.037669
v -0.082995 0.348563 -0.044724
v -0.082995 0.341508 -0.053321
v -0.082995 0.336265 -0.063129
v -0.082995 0.333037 -0.073771
v -0.082995 0.331947 -0.084839
v -0.082995 0.333037 -0.095906
v -0.082995 0.336265 -0.106549
v -0.082995 0.341508 -0.116357
v -0.082995 0.348563 -0.124953
v -0.082995 0.357160 -0.132009
v -0.082995 0.366968 -0.137251
v -0.082995 0.377610 -0.140479
v -0.082995 0.399746 0.004763
v -0.082995 0.388678 0.003673
v -0.082995 0.410388 0.007991
v -0.082995 0.420196 0.013234
v -0.082995 0.428793 0.020289
v -0.082995 0.435848 0.028886
v -0.082995 0.441090 0.038694
v -0.082995 0.444319 0.049336
v -0.082995 0.445409 0.060404
v -0.082995 0.444319 0.071471
v -0.082995 0.441090 0.082114
v -0.082995 0.435848 0.091922
v -0.082995 0.428793 0.100518
v -0.082995 0.420196 0.107574
v -0.082995 0.410388 0.112816
v -0.082995 0.399746 0.116044
v -0.082995 0.388678 0.117135
v -0.082995 0.377610 0.116044
v -0.082995 0.366968 0.112816
v -0.082995 0.357160 0.107574
v -0.082995 0.348563 0.100518
v -0.082995 0.341508 0.091922
v -0.082995 0.336265 0.082114
v -0.082995 0.333037 0.071471
v -0.082995 0.331947 0.060404
v -0.082995 0.333037 0.049336
v -0.082995 0.336265 0.038694
v -0.082995 0.341508 0.028886
v -0.082995 0.348563 0.020289
v -0.082995 0.357160 0.013234
v -0.082995 0.366968 0.007991
v -0.082995 0.377610 0.004763
vn -0.0000 -0.9569 0.2903
vn 1.0000 -0.0000 -0.0000
vn -0.0000 -0.2903 0.9569
vn -0.0000 0.6344 0.7730
vn -0.0000 -0.0980 -0.9952
vn -0.0000 -0.4714 0.8819
vn -0.0000 0.4714 0.8819
vn -0.0000 0.0980 -0.9952
vn -0.0000 -0.6344 0.7730
vn -0.0000 0.2903 0.9569
vn -0.0000 0.2903 -0.9569
vn -0.0000 -0.7730 0.6344
vn -0.0000 0.0980 0.9952
vn -0.0000 0.4714 -0.8819
vn -0.0000 -0.8819 0.4714
vn -0.0000 0.6344 -0.7730
vn -0.0000 0.7730 -0.6344
vn -0.0000 -0.9952 0.0980
vn -0.0000 0.8819 -0.4714
vn -0.0000 -0.9952 -0.0980
vn -0.0000 0.9569 -0.2903
vn -0.0000 -0.9569 -0.2903
vn -0.0000 0.9952 -0.0980
vn -0.0000 -0.8819 -0.4714
vn -0.0000 0.9952 0.0980
vn -0.0000 -0.7730 -0.6344
vn -0.0000 0.9569 0.2903
vn -0.0000 -0.6344 -0.7730
vn -0.0000 0.8819 0.4714
vn -0.0000 -0.4714 -0.8819
vn -0.0000 -0.0980 0.9952
vn -0.0000 0.7730 0.6344
vn -0.0000 -0.2903 -0.9569
vn -0.8608 0.0499 -0.5066
vn -0.8608 0.1478 -0.4871
vn -0.8608 0.2400 -0.4489
vn -0.8608 0.3229 -0.3935
vn -0.8608 0.3935 -0.3229
vn -0.8608 0.4489 -0.2400
vn -0.8608 0.4871 -0.1478
vn -0.8608 0.5066 -0.0499
vn -0.8608 0.5066 0.0499
vn -0.8608 0.4871 0.1478
vn -0.8608 0.4489 0.2400
vn -0.8608 0.3935 0.3229
vn -0.8608 0.3229 0.3935
vn -0.8608 0.2400 0.4489
vn -0.8608 0.1478 0.4871
vn -0.8608 0.0499 0.5066
vn -0.8608 -0.0499 0.5066
vn -0.8608 -0.1478 0.4871
vn -0.8608 -0.2400 0.4489
vn -0.8608 -0.3229 0.3935
vn -0.8608 -0.3935 0.3229
vn -0.8608 -0.4489 0.2400
vn -0.8608 -0.4871 0.1478
vn -0.8608 -0.5066 0.0499
vn -0.8608 -0.5066 -0.0499
vn -0.8608 -0.4871 -0.1478
vn -0.8608 -0.4489 -0.2400
vn -0.8608 -0.3935 -0.3229
vn -0.8608 -0.3229 -0.3935
vn -0.8608 -0.2400 -0.4489
vn -0.8608 -0.1478 -0.4871
vn -0.8608 -0.0499 -0.5066
vn -0.8607 0.2400 -0.4489
vn -0.8607 0.3935 -0.3229
vn -0.8607 0.4489 -0.2400
vn -0.8607 0.5066 -0.0499
vn -0.8607 0.3935 0.3229
vn -0.8607 -0.3935 0.3229
vn -0.8607 -0.4489 0.2400
vn -0.8607 -0.5066 -0.0499
vn -0.8607 -0.3935 -0.3229
vn -1.0000 -0.0000 -0.0000
vt 0.000000 0.000000
s 0
usemtl Material.011
f 95/1/1 92/1/1 398/1/1
f 95/1/1 398/1/1 399/1/1
f 132/1/2 129/1/2 135/1/2
f 135/1/2 138/1/2 141/1/2
f 141/1/2 144/1/2 147/1/2
f 147/1/2 150/1/2 153/1/2
f 153/1/2 156/1/2 159/1/2
f 159/1/2 162/1/2 165/1/2
f 165/1/2 168/1/2 171/1/2
f 171/1/2 174/1/2 177/1/2
f 177/1/2 180/1/2 183/1/2
f 183/1/2 186/1/2 189/1/2
f 189/1/2 192/1/2 195/1/2
f 195/1/2 198/1/2 201/1/2
f 201/1/2 204/1/2 207/1/2
f 207/1/2 210/1/2 213/1/2
f 213/1/2 216/1/2 219/1/2
f 219/1/2 222/1/2 132/1/2
f 132/1/2 135/1/2 141/1/2
f 141/1/2 147/1/2 153/1/2
f 153/1/2 159/1/2 165/1/2
f 165/1/2 171/1/2 177/1/2
f 177/1/2 183/1/2 189/1/2
f 189/1/2 195/1/2 201/1/2
f 201/1/2 207/1/2 213/1/2
f 213/1/2 219/1/2 132/1/2
f 132/1/2 141/1/2 153/1/2
f 153/1/2 165/1/2 177/1/2
f 177/1/2 189/1/2 201/1/2
f 201/1/2 213/1/2 132/1/2
f 132/1/2 153/1/2 177/1/2
f 177/1/2 201/1/2 132/1/2
f 226/1/3 233/1/3 136/1/3
f 226/1/3 136/1/3 131/1/3
s 1
f 339/1/4 344/1/4 218/1/4
s 0
f 339/1/4 218/1/4 214/1/4
f 285/1/5 290/1/5 178/1/5
f 285/1/5 178/1/5 175/1/5
f 234/1/6 237/1/6 139/1/6
f 234/1/6 139/1/6 137/1/6
f 343/1/7 348/1/7 221/1/7
f 343/1/7 221/1/7 217/1/7
f 292/1/8 295/1/8 181/1/8
f 292/1/8 181/1/8 179/1/8
f 238/1/9 241/1/9 142/1/9
s 1
f 238/1/9 142/1/9 140/1/9
s 0
f 347/1/10 352/1/10 224/1/10
f 347/1/10 224/1/10 220/1/10
f 296/1/11 299/1/11 184/1/11
f 296/1/11 184/1/11 182/1/11
f 242/1/12 245/1/12 145/1/12
f 242/1/12 145/1/12 143/1/12
f 351/1/13 232/1/13 134/1/13
f 351/1/13 134/1/13 223/1/13
f 300/1/14 303/1/14 187/1/14
f 300/1/14 187/1/14 185/1/14
f 246/1/15 249/1/15 148/1/15
f 246/1/15 148/1/15 146/1/15
f 304/1/16 307/1/16 190/1/16
s 1
f 304/1/16 190/1/16 188/1/16
s 0
f 250/1/1 253/1/1 151/1/1
f 250/1/1 151/1/1 149/1/1
f 308/1/17 311/1/17 193/1/17
f 308/1/17 193/1/17 191/1/17
f 254/1/18 257/1/18 154/1/18
f 254/1/18 154/1/18 152/1/18
f 312/1/19 315/1/19 196/1/19
f 312/1/19 196/1/19 194/1/19
f 258/1/20 262/1/20 158/1/20
f 258/1/20 158/1/20 155/1/20
f 316/1/21 319/1/21 199/1/21
f 316/1/21 199/1/21 197/1/21
f 261/1/22 266/1/22 161/1/22
f 261/1/22 161/1/22 157/1/22
f 320/1/23 324/1/23 203/1/23
f 320/1/23 203/1/23 200/1/23
f 265/1/24 270/1/24 164/1/24
f 265/1/24 164/1/24 160/1/24
f 323/1/25 328/1/25 206/1/25
f 323/1/25 206/1/25 202/1/25
f 269/1/26 274/1/26 167/1/26
f 269/1/26 167/1/26 163/1/26
f 327/1/27 332/1/27 209/1/27
f 327/1/27 209/1/27 205/1/27
s 1
f 273/1/28 278/1/28 170/1/28
s 0
f 273/1/28 170/1/28 166/1/28
f 331/1/29 336/1/29 212/1/29
f 331/1/29 212/1/29 208/1/29
f 277/1/30 282/1/30 173/1/30
f 277/1/30 173/1/30 169/1/30
f 230/1/31 225/1/31 130/1/31
f 230/1/31 130/1/31 133/1/31
f 335/1/32 340/1/32 215/1/32
f 335/1/32 215/1/32 211/1/32
f 281/1/33 286/1/33 176/1/33
f 281/1/33 176/1/33 172/1/33
f 3/1/34 5/1/34 227/1/34
f 3/1/34 227/1/34 231/1/34
f 7/1/35 9/1/35 235/1/35
f 7/1/35 235/1/35 228/1/35
f 10/1/36 13/1/36 239/1/36
f 10/1/36 239/1/36 236/1/36
f 14/1/37 17/1/37 243/1/37
f 14/1/37 243/1/37 240/1/37
f 18/1/38 21/1/38 247/1/38
f 18/1/38 247/1/38 244/1/38
f 22/1/39 25/1/39 251/1/39
f 22/1/39 251/1/39 248/1/39
f 26/1/40 29/1/40 255/1/40
f 26/1/40 255/1/40 252/1/40
f 30/1/41 34/1/41 260/1/41
f 30/1/41 260/1/41 256/1/41
f 33/1/42 38/1/42 264/1/42
f 33/1/42 264/1/42 259/1/42
f 37/1/43 42/1/43 268/1/43
f 37/1/43 268/1/43 263/1/43
f 41/1/44 46/1/44 272/1/44
f 41/1/44 272/1/44 267/1/44
f 45/1/45 50/1/45 276/1/45
f 45/1/45 276/1/45 271/1/45
f 49/1/46 54/1/46 280/1/46
f 49/1/46 280/1/46 275/1/46
f 53/1/47 58/1/47 284/1/47
f 53/1/47 284/1/47 279/1/47
f 57/1/48 63/1/48 288/1/48
f 57/1/48 288/1/48 283/1/48
f 61/1/49 67/1/49 291/1/49
f 61/1/49 291/1/49 287/1/49
f 65/1/50 69/1/50 293/1/50
f 65/1/50 293/1/50 289/1/50
f 71/1/51 73/1/51 297/1/51
f 71/1/51 297/1/51 294/1/51
f 74/1/52 77/1/52 301/1/52
f 74/1/52 301/1/52 298/1/52
f 78/1/53 81/1/53 305/1/53
f 78/1/53 305/1/53 302/1/53
f 82/1/54 85/1/54 309/1/54
f 82/1/54 309/1/54 306/1/54
f 86/1/55 89/1/55 313/1/55
f 86/1/55 313/1/55 310/1/55
f 90/1/56 93/1/56 317/1/56
f 90/1/56 317/1/56 314/1/56
f 94/1/57 97/1/57 321/1/57
f 94/1/57 321/1/57 318/1/57
f 98/1/58 102/1/58 326/1/58
f 98/1/58 326/1/58 322/1/58
f 101/1/59 106/1/59 330/1/59
f 101/1/59 330/1/59 325/1/59
f 105/1/60 110/1/60 334/1/60
f 105/1/60 334/1/60 329/1/60
f 109/1/61 114/1/61 338/1/61
f 109/1/61 338/1/61 333/1/61
f 113/1/62 118/1/62 342/1/62
f 113/1/62 342/1/62 337/1/62
f 117/1/63 122/1/63 346/1/63
f 117/1/63 346/1/63 341/1/63
f 121/1/64 127/1/64 350/1/64
f 121/1/64 350/1/64 345/1/64
f 125/1/65 1/1/65 229/1/65
f 125/1/65 229/1/65 349/1/65
f 44/1/27 39/1/27 371/1/27
f 44/1/27 371/1/27 374/1/27
f 99/1/18 96/1/18 400/1/18
f 99/1/18 400/1/18 401/1/18
f 48/1/29 43/1/29 373/1/29
f 48/1/29 373/1/29 376/1/29
f 104/1/20 100/1/20 402/1/20
f 104/1/20 402/1/20 404/1/20
f 52/1/32 47/1/32 375/1/32
f 52/1/32 375/1/32 378/1/32
f 108/1/22 103/1/22 403/1/22
f 108/1/22 403/1/22 406/1/22
f 56/1/4 51/1/4 377/1/4
f 56/1/4 377/1/4 380/1/4
f 112/1/24 107/1/24 405/1/24
f 112/1/24 405/1/24 408/1/24
f 60/1/7 55/1/7 379/1/7
f 60/1/7 379/1/7 382/1/7
f 6/1/8 4/1/8 356/1/8
f 6/1/8 356/1/8 353/1/8
f 116/1/26 111/1/26 407/1/26
f 116/1/26 407/1/26 410/1/26
f 64/1/10 59/1/10 381/1/10
f 64/1/10 381/1/10 384/1/10
f 11/1/11 8/1/11 354/1/11
f 11/1/11 354/1/11 357/1/11
f 120/1/28 115/1/28 409/1/28
f 120/1/28 409/1/28 412/1/28
f 68/1/13 62/1/13 383/1/13
f 68/1/13 383/1/13 386/1/13
f 15/1/14 12/1/14 358/1/14
f 15/1/14 358/1/14 359/1/14
f 124/1/30 119/1/30 411/1/30
f 124/1/30 411/1/30 414/1/30
f 70/1/31 66/1/31 385/1/31
f 70/1/31 385/1/31 387/1/31
f 19/1/16 16/1/16 360/1/16
f 19/1/16 360/1/16 361/1/16
f 128/1/33 123/1/33 413/1/33
f 128/1/33 413/1/33 416/1/33
f 75/1/3 72/1/3 388/1/3
f 75/1/3 388/1/3 389/1/3
f 23/1/17 20/1/17 362/1/17
f 23/1/17 362/1/17 363/1/17
f 2/1/5 126/1/5 415/1/5
f 2/1/5 415/1/5 355/1/5
f 79/1/6 76/1/6 390/1/6
f 79/1/6 390/1/6 391/1/6
f 27/1/19 24/1/19 364/1/19
f 27/1/19 364/1/19 365/1/19
f 83/1/9 80/1/9 392/1/9
f 83/1/9 392/1/9 393/1/9
f 31/1/21 28/1/21 366/1/21
f 31/1/21 366/1/21 367/1/21
f 87/1/12 84/1/12 394/1/12
f 87/1/12 394/1/12 395/1/12
f 36/1/23 32/1/23 368/1/23
f 36/1/23 368/1/23 370/1/23
f 91/1/15 88/1/15 396/1/15
f 91/1/15 396/1/15 397/1/15
f 40/1/25 35/1/25 369/1/25
f 40/1/25 369/1/25 372/1/25
s 1
f 518/1/1 515/1/1 830/1/1
s 0
f 518/1/1 830/1/1 831/1/1
f 556/1/2 553/1/2 559/1/2
f 559/1/2 562/1/2 565/1/2
f 565/1/2 568/1/2 571/1/2
f 571/1/2 574/1/2 577/1/2
f 577/1/2 580/1/2 583/1/2
f 583/1/2 586/1/2 589/1/2
f 589/1/2 592/1/2 595/1/2
f 595/1/2 598/1/2 601/1/2
f 601/1/2 604/1/2 607/1/2
f 607/1/2 610/1/2 613/1/2
f 613/1/2 616/1/2 619/1/2
f 619/1/2 622/1/2 625/1/2
f 625/1/2 628/1/2 631/1/2
f 631/1/2 634/1/2 637/1/2
f 637/1/2 640/1/2 643/1/2
f 643/1/2 646/1/2 556/1/2
f 556/1/2 559/1/2 565/1/2
f 565/1/2 571/1/2 577/1/2
f 577/1/2 583/1/2 589/1/2
f 589/1/2 595/1/2 601/1/2
f 601/1/2 607/1/2 613/1/2
f 613/1/2 619/1/2 625/1/2
f 625/1/2 631/1/2 637/1/2
f 637/1/2 643/1/2 556/1/2
f 556/1/2 565/1/2 577/1/2
f 577/1/2 589/1/2 601/1/2
f 601/1/2 613/1/2 625/1/2
f 625/1/2 637/1/2 556/1/2
f 556/1/2 577/1/2 601/1/2
f 601/1/2 625/1/2 556/1/2
f 650/1/3 657/1/3 560/1/3
f 650/1/3 560/1/3 555/1/3
f 771/1/4 776/1/4 642/1/4
f 771/1/4 642/1/4 638/1/4
f 714/1/5 719/1/5 602/1/5
f 714/1/5 602/1/5 599/1/5
f 658/1/6 661/1/6 563/1/6
f 658/1/6 563/1/6 561/1/6
f 775/1/7 780/1/7 645/1/7
f 775/1/7 645/1/7 641/1/7
f 721/1/8 724/1/8 605/1/8
f 721/1/8 605/1/8 603/1/8
f 662/1/9 666/1/9 566/1/9
f 662/1/9 566/1/9 564/1/9
f 779/1/10 784/1/10 648/1/10
f 779/1/10 648/1/10 644/1/10
f 725/1/11 728/1/11 608/1/11
f 725/1/11 608/1/11 606/1/11
f 667/1/12 670/1/12 569/1/12
f 667/1/12 569/1/12 567/1/12
f 783/1/13 656/1/13 558/1/13
f 783/1/13 558/1/13 647/1/13
f 729/1/14 732/1/14 611/1/14
f 729/1/14 611/1/14 609/1/14
f 671/1/15 675/1/15 572/1/15
f 671/1/15 572/1/15 570/1/15
f 733/1/16 736/1/16 614/1/16
f 733/1/16 614/1/16 612/1/16
f 676/1/1 680/1/1 575/1/1
f 676/1/1 575/1/1 573/1/1
f 737/1/17 741/1/17 617/1/17
f 737/1/17 617/1/17 615/1/17
f 681/1/18 684/1/18 578/1/18
f 681/1/18 578/1/18 576/1/18
f 742/1/19 746/1/19 620/1/19
f 742/1/19 620/1/19 618/1/19
f 685/1/20 690/1/20 582/1/20
f 685/1/20 582/1/20 579/1/20
f 747/1/21 750/1/21 623/1/21
f 747/1/21 623/1/21 621/1/21
f 689/1/22 694/1/22 585/1/22
f 689/1/22 585/1/22 581/1/22
f 751/1/23 755/1/23 627/1/23
f 751/1/23 627/1/23 624/1/23
f 693/1/24 698/1/24 588/1/24
f 693/1/24 588/1/24 584/1/24
f 754/1/25 760/1/25 630/1/25
f 754/1/25 630/1/25 626/1/25
f 697/1/26 702/1/26 591/1/26
f 697/1/26 591/1/26 587/1/26
f 759/1/27 764/1/27 633/1/27
f 759/1/27 633/1/27 629/1/27
f 701/1/28 707/1/28 594/1/28
f 701/1/28 594/1/28 590/1/28
f 763/1/29 768/1/29 636/1/29
f 763/1/29 636/1/29 632/1/29
f 706/1/30 711/1/30 597/1/30
f 706/1/30 597/1/30 593/1/30
f 654/1/31 649/1/31 554/1/31
f 654/1/31 554/1/31 557/1/31
f 767/1/32 772/1/32 639/1/32
f 767/1/32 639/1/32 635/1/32
f 710/1/33 715/1/33 600/1/33
f 710/1/33 600/1/33 596/1/33
f 419/1/34 421/1/34 651/1/34
f 419/1/34 651/1/34 655/1/34
f 423/1/35 425/1/35 659/1/35
f 423/1/35 659/1/35 652/1/35
f 427/1/66 430/1/66 664/1/66
f 426/1/36 663/1/36 660/1/36
f 431/1/37 434/1/37 668/1/37
f 431/1/37 668/1/37 665/1/37
f 436/1/67 439/1/67 673/1/67
f 435/1/38 672/1/38 669/1/38
f 441/1/68 444/1/68 678/1/68
f 440/1/39 677/1/39 674/1/39
s 1
f 445/1/40 448/1/40 682/1/40
s 0
f 445/1/40 682/1/40 679/1/40
f 449/1/41 454/1/41 687/1/41
s 1
f 450/1/69 688/1/69 683/1/69
s 0
f 453/1/42 458/1/42 692/1/42
f 453/1/42 692/1/42 686/1/42
f 457/1/43 462/1/43 696/1/43
f 457/1/43 696/1/43 691/1/43
f 461/1/44 467/1/44 700/1/44
s 1
f 461/1/44 700/1/44 695/1/44
s 0
f 465/1/45 471/1/45 704/1/45
f 466/1/70 705/1/70 699/1/70
f 470/1/46 475/1/46 709/1/46
f 470/1/46 709/1/46 703/1/46
f 474/1/47 479/1/47 713/1/47
s 1
f 474/1/47 713/1/47 708/1/47
s 0
f 478/1/48 484/1/48 717/1/48
s 1
f 478/1/48 717/1/48 712/1/48
s 0
f 482/1/49 488/1/49 720/1/49
f 482/1/49 720/1/49 716/1/49
f 486/1/50 490/1/50 722/1/50
f 486/1/50 722/1/50 718/1/50
f 492/1/51 494/1/51 726/1/51
f 492/1/51 726/1/51 723/1/51
f 495/1/52 498/1/52 730/1/52
f 495/1/52 730/1/52 727/1/52
f 499/1/53 502/1/53 734/1/53
f 499/1/53 734/1/53 731/1/53
s 1
f 504/1/71 507/1/71 739/1/71
s 0
f 503/1/54 738/1/54 735/1/54
f 509/1/72 512/1/72 744/1/72
f 508/1/55 743/1/55 740/1/55
s 1
f 513/1/56 516/1/56 748/1/56
s 0
f 513/1/56 748/1/56 745/1/56
f 517/1/57 520/1/57 752/1/57
f 517/1/57 752/1/57 749/1/57
f 522/1/73 526/1/73 758/1/73
f 521/1/58 757/1/58 753/1/58
f 525/1/59 530/1/59 762/1/59
f 525/1/59 762/1/59 756/1/59
f 529/1/60 534/1/60 766/1/60
s 1
f 529/1/60 766/1/60 761/1/60
s 0
f 533/1/61 538/1/61 770/1/61
f 533/1/61 770/1/61 765/1/61
f 537/1/62 542/1/62 774/1/62
f 537/1/62 774/1/62 769/1/62
f 541/1/63 546/1/63 778/1/63
f 541/1/63 778/1/63 773/1/63
f 545/1/64 551/1/64 782/1/64
f 545/1/64 782/1/64 777/1/64
f 549/1/65 417/1/65 653/1/65
f 549/1/65 653/1/65 781/1/65
f 464/1/27 459/1/27 803/1/27
f 464/1/27 803/1/27 806/1/27
f 523/1/18 519/1/18 832/1/18
f 523/1/18 832/1/18 833/1/18
f 469/1/29 463/1/29 805/1/29
f 469/1/29 805/1/29 808/1/29
f 528/1/20 524/1/20 834/1/20
f 528/1/20 834/1/20 836/1/20
f 473/1/32 468/1/32 807/1/32
f 473/1/32 807/1/32 810/1/32
s 1
f 532/1/22 527/1/22 835/1/22
s 0
f 532/1/22 835/1/22 838/1/22
f 477/1/4 472/1/4 809/1/4
f 477/1/4 809/1/4 812/1/4
f 536/1/24 531/1/24 837/1/24
f 536/1/24 837/1/24 840/1/24
f 481/1/7 476/1/7 811/1/7
f 481/1/7 811/1/7 814/1/7
f 422/1/8 420/1/8 788/1/8
f 422/1/8 788/1/8 785/1/8
f 540/1/26 535/1/26 839/1/26
f 540/1/26 839/1/26 842/1/26
f 485/1/10 480/1/10 813/1/10
f 485/1/10 813/1/10 816/1/10
f 428/1/11 424/1/11 786/1/11
f 428/1/11 786/1/11 789/1/11
f 544/1/28 539/1/28 841/1/28
f 544/1/28 841/1/28 844/1/28
f 489/1/13 483/1/13 815/1/13
f 489/1/13 815/1/13 818/1/13
f 432/1/14 429/1/14 790/1/14
f 432/1/14 790/1/14 791/1/14
f 548/1/30 543/1/30 843/1/30
f 548/1/30 843/1/30 846/1/30
f 491/1/31 487/1/31 817/1/31
f 491/1/31 817/1/31 819/1/31
f 437/1/16 433/1/16 792/1/16
f 437/1/16 792/1/16 793/1/16
f 552/1/33 547/1/33 845/1/33
f 552/1/33 845/1/33 848/1/33
f 496/1/3 493/1/3 820/1/3
f 496/1/3 820/1/3 821/1/3
f 442/1/17 438/1/17 794/1/17
f 442/1/17 794/1/17 795/1/17
f 418/1/5 550/1/5 847/1/5
f 418/1/5 847/1/5 787/1/5
f 500/1/6 497/1/6 822/1/6
f 500/1/6 822/1/6 823/1/6
f 446/1/19 443/1/19 796/1/19
f 446/1/19 796/1/19 797/1/19
f 505/1/9 501/1/9 824/1/9
f 505/1/9 824/1/9 825/1/9
s 1
f 451/1/21 447/1/21 798/1/21
s 0
f 451/1/21 798/1/21 799/1/21
f 510/1/12 506/1/12 826/1/12
f 510/1/12 826/1/12 827/1/12
f 456/1/23 452/1/23 800/1/23
f 456/1/23 800/1/23 802/1/23
f 514/1/15 511/1/15 828/1/15
f 514/1/15 828/1/15 829/1/15
f 460/1/25 455/1/25 801/1/25
f 460/1/25 801/1/25 804/1/25
f 947/1/1 944/1/1 1256/1/1
f 947/1/1 1256/1/1 1257/1/1
f 985/1/2 982/1/2 988/1/2
f 988/1/2 991/1/2 994/1/2
f 994/1/2 997/1/2 1000/1/2
f 1000/1/2 1003/1/2 1006/1/2
f 1006/1/2 1009/1/2 1012/1/2
f 1012/1/2 1015/1/2 1018/1/2
f 1018/1/2 1021/1/2 1024/1/2
f 1024/1/2 1027/1/2 1030/1/2
f 1030/1/2 1033/1/2 1036/1/2
f 1036/1/2 1039/1/2 1042/1/2
f 1042/1/2 1045/1/2 1048/1/2
f 1048/1/2 1051/1/2 1054/1/2
f 1054/1/2 1057/1/2 1060/1/2
f 1060/1/2 1063/1/2 1066/1/2
f 1066/1/2 1069/1/2 1072/1/2
f 1072/1/2 1075/1/2 985/1/2
f 985/1/2 988/1/2 994/1/2
f 994/1/2 1000/1/2 1006/1/2
f 1006/1/2 1012/1/2 1018/1/2
f 1018/1/2 1024/1/2 1030/1/2
f 1030/1/2 1036/1/2 1042/1/2
f 1042/1/2 1048/1/2 1054/1/2
f 1054/1/2 1060/1/2 1066/1/2
f 1066/1/2 1072/1/2 985/1/2
f 985/1/2 994/1/2 1006/1/2
f 1006/1/2 1018/1/2 1030/1/2
f 1030/1/2 1042/1/2 1054/1/2
f 1054/1/2 1066/1/2 985/1/2
f 985/1/2 1006/1/2 1030/1/2
f 1030/1/2 1054/1/2 985/1/2
f 1079/1/3 1086/1/3 989/1/3
f 1079/1/3 989/1/3 984/1/3
f 1197/1/4 1202/1/4 1071/1/4
f 1197/1/4 1071/1/4 1067/1/4
f 1141/1/5 1146/1/5 1031/1/5
f 1141/1/5 1031/1/5 1028/1/5
f 1087/1/6 1090/1/6 992/1/6
f 1087/1/6 992/1/6 990/1/6
f 1201/1/7 1206/1/7 1074/1/7
f 1201/1/7 1074/1/7 1070/1/7
f 1148/1/8 1151/1/8 1034/1/8
f 1148/1/8 1034/1/8 1032/1/8
f 1091/1/9 1094/1/9 995/1/9
f 1091/1/9 995/1/9 993/1/9
f 1205/1/10 1210/1/10 1077/1/10
f 1205/1/10 1077/1/10 1073/1/10
f 1152/1/11 1155/1/11 1037/1/11
f 1152/1/11 1037/1/11 1035/1/11
f 1095/1/12 1098/1/12 998/1/12
f 1095/1/12 998/1/12 996/1/12
f 1209/1/13 1085/1/13 987/1/13
f 1209/1/13 987/1/13 1076/1/13
f 1156/1/14 1159/1/14 1040/1/14
f 1156/1/14 1040/1/14 1038/1/14
f 1099/1/15 1103/1/15 1001/1/15
f 1099/1/15 1001/1/15 999/1/15
f 1160/1/16 1163/1/16 1043/1/16
f 1160/1/16 1043/1/16 1041/1/16
f 1104/1/1 1108/1/1 1004/1/1
f 1104/1/1 1004/1/1 1002/1/1
f 1164/1/17 1168/1/17 1046/1/17
f 1164/1/17 1046/1/17 1044/1/17
f 1109/1/18 1112/1/18 1007/1/18
f 1109/1/18 1007/1/18 1005/1/18
f 1169/1/19 1172/1/19 1049/1/19
f 1169/1/19 1049/1/19 1047/1/19
f 1113/1/20 1118/1/20 1011/1/20
f 1113/1/20 1011/1/20 1008/1/20
f 1173/1/21 1176/1/21 1052/1/21
f 1173/1/21 1052/1/21 1050/1/21
f 1117/1/22 1122/1/22 1014/1/22
f 1117/1/22 1014/1/22 1010/1/22
f 1177/1/23 1181/1/23 1056/1/23
f 1177/1/23 1056/1/23 1053/1/23
f 1121/1/24 1126/1/24 1017/1/24
f 1121/1/24 1017/1/24 1013/1/24
f 1180/1/25 1185/1/25 1059/1/25
f 1180/1/25 1059/1/25 1055/1/25
f 1125/1/26 1130/1/26 1020/1/26
f 1125/1/26 1020/1/26 1016/1/26
f 1184/1/27 1189/1/27 1062/1/27
f 1184/1/27 1062/1/27 1058/1/27
f 1129/1/28 1134/1/28 1023/1/28
f 1129/1/28 1023/1/28 1019/1/28
f 1188/1/29 1193/1/29 1065/1/29
f 1188/1/29 1065/1/29 1061/1/29
f 1133/1/30 1138/1/30 1026/1/30
f 1133/1/30 1026/1/30 1022/1/30
f 1083/1/31 1078/1/31 983/1/31
f 1083/1/31 983/1/31 986/1/31
f 1192/1/32 1198/1/32 1068/1/32
f 1192/1/32 1068/1/32 1064/1/32
f 1137/1/33 1142/1/33 1029/1/33
f 1137/1/33 1029/1/33 1025/1/33
f 851/1/34 853/1/34 1080/1/34
f 851/1/34 1080/1/34 1084/1/34
f 855/1/35 857/1/35 1088/1/35
f 855/1/35 1088/1/35 1081/1/35
s 1
f 858/1/36 861/1/36 1092/1/36
s 0
f 858/1/66 1092/1/66 1089/1/66
f 862/1/37 865/1/37 1096/1/37
f 862/1/37 1096/1/37 1093/1/37
f 867/1/67 870/1/67 1101/1/67
f 866/1/38 1100/1/38 1097/1/38
f 872/1/68 875/1/68 1106/1/68
f 871/1/39 1105/1/39 1102/1/39
s 1
f 876/1/40 879/1/40 1110/1/40
s 0
f 876/1/40 1110/1/40 1107/1/40
f 880/1/41 885/1/41 1115/1/41
f 881/1/69 1116/1/69 1111/1/69
f 884/1/42 889/1/42 1120/1/42
f 884/1/42 1120/1/42 1114/1/42
f 888/1/43 893/1/43 1124/1/43
f 888/1/43 1124/1/43 1119/1/43
f 892/1/44 897/1/44 1128/1/44
f 892/1/44 1128/1/44 1123/1/44
f 896/1/45 901/1/45 1132/1/45
f 896/1/45 1132/1/45 1127/1/45
f 900/1/46 905/1/46 1136/1/46
f 900/1/46 1136/1/46 1131/1/46
f 904/1/47 909/1/47 1140/1/47
f 904/1/47 1140/1/47 1135/1/47
f 908/1/48 914/1/48 1144/1/48
f 908/1/48 1144/1/48 1139/1/48
f 912/1/49 918/1/49 1147/1/49
f 912/1/49 1147/1/49 1143/1/49
f 916/1/50 920/1/50 1149/1/50
f 916/1/50 1149/1/50 1145/1/50
f 922/1/51 924/1/51 1153/1/51
f 922/1/51 1153/1/51 1150/1/51
f 925/1/52 928/1/52 1157/1/52
f 925/1/52 1157/1/52 1154/1/52
f 929/1/53 932/1/53 1161/1/53
f 929/1/53 1161/1/53 1158/1/53
s 1
f 934/1/71 937/1/71 1166/1/71
s 0
f 933/1/54 1165/1/54 1162/1/54
f 938/1/55 941/1/55 1170/1/55
f 938/1/55 1170/1/55 1167/1/55
s 1
f 942/1/56 945/1/56 1174/1/56
s 0
f 942/1/56 1174/1/56 1171/1/56
f 946/1/57 949/1/57 1178/1/57
f 946/1/57 1178/1/57 1175/1/57
f 950/1/58 954/1/58 1183/1/58
f 950/1/58 1183/1/58 1179/1/58
f 953/1/59 958/1/59 1187/1/59
f 953/1/59 1187/1/59 1182/1/59
s 1
f 957/1/60 963/1/60 1191/1/60
f 957/1/60 1191/1/60 1186/1/60
s 0
f 961/1/61 967/1/61 1195/1/61
f 962/1/74 1196/1/74 1190/1/74
f 966/1/62 971/1/62 1200/1/62
f 966/1/62 1200/1/62 1194/1/62
f 970/1/63 975/1/63 1204/1/63
f 970/1/63 1204/1/63 1199/1/63
f 974/1/64 980/1/64 1208/1/64
f 974/1/64 1208/1/64 1203/1/64
f 978/1/65 849/1/65 1082/1/65
f 978/1/65 1082/1/65 1207/1/65
f 895/1/27 890/1/27 1229/1/27
f 895/1/27 1229/1/27 1232/1/27
f 951/1/18 948/1/18 1258/1/18
f 951/1/18 1258/1/18 1259/1/18
f 899/1/29 894/1/29 1231/1/29
f 899/1/29 1231/1/29 1234/1/29
f 956/1/20 952/1/20 1260/1/20
f 956/1/20 1260/1/20 1262/1/20
f 903/1/32 898/1/32 1233/1/32
f 903/1/32 1233/1/32 1236/1/32
s 1
f 960/1/22 955/1/22 1261/1/22
s 0
f 960/1/22 1261/1/22 1264/1/22
f 907/1/4 902/1/4 1235/1/4
f 907/1/4 1235/1/4 1238/1/4
f 965/1/24 959/1/24 1263/1/24
f 965/1/24 1263/1/24 1266/1/24
f 911/1/7 906/1/7 1237/1/7
f 911/1/7 1237/1/7 1240/1/7
f 854/1/8 852/1/8 1214/1/8
f 854/1/8 1214/1/8 1211/1/8
f 969/1/26 964/1/26 1265/1/26
f 969/1/26 1265/1/26 1268/1/26
f 915/1/10 910/1/10 1239/1/10
f 915/1/10 1239/1/10 1242/1/10
f 859/1/11 856/1/11 1212/1/11
f 859/1/11 1212/1/11 1215/1/11
f 973/1/28 968/1/28 1267/1/28
f 973/1/28 1267/1/28 1270/1/28
f 919/1/13 913/1/13 1241/1/13
f 919/1/13 1241/1/13 1244/1/13
f 863/1/14 860/1/14 1216/1/14
f 863/1/14 1216/1/14 1217/1/14
f 977/1/30 972/1/30 1269/1/30
f 977/1/30 1269/1/30 1272/1/30
f 921/1/31 917/1/31 1243/1/31
f 921/1/31 1243/1/31 1245/1/31
f 868/1/16 864/1/16 1218/1/16
f 868/1/16 1218/1/16 1219/1/16
f 981/1/33 976/1/33 1271/1/33
f 981/1/33 1271/1/33 1274/1/33
f 926/1/3 923/1/3 1246/1/3
f 926/1/3 1246/1/3 1247/1/3
f 873/1/17 869/1/17 1220/1/17
f 873/1/17 1220/1/17 1221/1/17
f 850/1/5 979/1/5 1273/1/5
f 850/1/5 1273/1/5 1213/1/5
f 930/1/6 927/1/6 1248/1/6
f 930/1/6 1248/1/6 1249/1/6
f 877/1/19 874/1/19 1222/1/19
f 877/1/19 1222/1/19 1223/1/19
f 935/1/9 931/1/9 1250/1/9
f 935/1/9 1250/1/9 1251/1/9
s 1
f 882/1/21 878/1/21 1224/1/21
s 0
f 882/1/21 1224/1/21 1225/1/21
f 939/1/12 936/1/12 1252/1/12
f 939/1/12 1252/1/12 1253/1/12
f 887/1/23 883/1/23 1226/1/23
f 887/1/23 1226/1/23 1228/1/23
f 943/1/15 940/1/15 1254/1/15
f 943/1/15 1254/1/15 1255/1/15
f 891/1/25 886/1/25 1227/1/25
f 891/1/25 1227/1/25 1230/1/25
f 1369/1/1 1366/1/1 1672/1/1
f 1369/1/1 1672/1/1 1673/1/1
f 1406/1/2 1403/1/2 1409/1/2
f 1409/1/2 1412/1/2 1415/1/2
f 1415/1/2 1418/1/2 1421/1/2
f 1421/1/2 1424/1/2 1427/1/2
f 1427/1/2 1430/1/2 1433/1/2
f 1433/1/2 1436/1/2 1439/1/2
f 1439/1/2 1442/1/2 1445/1/2
f 1445/1/2 1448/1/2 1451/1/2
f 1451/1/2 1454/1/2 1457/1/2
f 1457/1/2 1460/1/2 1463/1/2
f 1463/1/2 1466/1/2 1469/1/2
f 1469/1/2 1472/1/2 1475/1/2
f 1475/1/2 1478/1/2 1481/1/2
f 1481/1/2 1484/1/2 1487/1/2
f 1487/1/2 1490/1/2 1493/1/2
f 1493/1/2 1496/1/2 1406/1/2
f 1406/1/2 1409/1/2 1415/1/2
f 1415/1/2 1421/1/2 1427/1/2
f 1427/1/2 1433/1/2 1439/1/2
f 1439/1/2 1445/1/2 1451/1/2
f 1451/1/2 1457/1/2 1463/1/2
f 1463/1/2 1469/1/2 1475/1/2
f 1475/1/2 1481/1/2 1487/1/2
f 1487/1/2 1493/1/2 1406/1/2
f 1406/1/2 1415/1/2 1427/1/2
f 1427/1/2 1439/1/2 1451/1/2
f 1451/1/2 1463/1/2 1475/1/2
f 1475/1/2 1487/1/2 1406/1/2
f 1406/1/2 1427/1/2 1451/1/2
f 1451/1/2 1475/1/2 1406/1/2
f 1500/1/3 1507/1/3 1410/1/3
f 1500/1/3 1410/1/3 1405/1/3
f 1613/1/4 1618/1/4 1492/1/4
f 1613/1/4 1492/1/4 1488/1/4
f 1559/1/5 1564/1/5 1452/1/5
f 1559/1/5 1452/1/5 1449/1/5
f 1508/1/6 1511/1/6 1413/1/6
f 1508/1/6 1413/1/6 1411/1/6
f 1617/1/7 1622/1/7 1495/1/7
f 1617/1/7 1495/1/7 1491/1/7
f 1566/1/8 1569/1/8 1455/1/8
f 1566/1/8 1455/1/8 1453/1/8
f 1512/1/9 1515/1/9 1416/1/9
f 1512/1/9 1416/1/9 1414/1/9
f 1621/1/10 1626/1/10 1498/1/10
f 1621/1/10 1498/1/10 1494/1/10
f 1570/1/11 1573/1/11 1458/1/11
f 1570/1/11 1458/1/11 1456/1/11
f 1516/1/12 1519/1/12 1419/1/12
f 1516/1/12 1419/1/12 1417/1/12
f 1625/1/13 1506/1/13 1408/1/13
f 1625/1/13 1408/1/13 1497/1/13
f 1574/1/14 1577/1/14 1461/1/14
f 1574/1/14 1461/1/14 1459/1/14
f 1520/1/15 1523/1/15 1422/1/15
f 1520/1/15 1422/1/15 1420/1/15
f 1578/1/16 1581/1/16 1464/1/16
f 1578/1/16 1464/1/16 1462/1/16
f 1524/1/1 1527/1/1 1425/1/1
f 1524/1/1 1425/1/1 1423/1/1
f 1582/1/17 1585/1/17 1467/1/17
f 1582/1/17 1467/1/17 1465/1/17
f 1528/1/18 1531/1/18 1428/1/18
f 1528/1/18 1428/1/18 1426/1/18
f 1586/1/19 1589/1/19 1470/1/19
f 1586/1/19 1470/1/19 1468/1/19
f 1532/1/20 1536/1/20 1432/1/20
f 1532/1/20 1432/1/20 1429/1/20
f 1590/1/21 1593/1/21 1473/1/21
f 1590/1/21 1473/1/21 1471/1/21
f 1535/1/22 1540/1/22 1435/1/22
f 1535/1/22 1435/1/22 1431/1/22
f 1594/1/23 1598/1/23 1477/1/23
f 1594/1/23 1477/1/23 1474/1/23
f 1539/1/24 1544/1/24 1438/1/24
f 1539/1/24 1438/1/24 1434/1/24
f 1597/1/25 1602/1/25 1480/1/25
f 1597/1/25 1480/1/25 1476/1/25
f 1543/1/26 1548/1/26 1441/1/26
f 1543/1/26 1441/1/26 1437/1/26
f 1601/1/27 1606/1/27 1483/1/27
f 1601/1/27 1483/1/27 1479/1/27
f 1547/1/28 1552/1/28 1444/1/28
f 1547/1/28 1444/1/28 1440/1/28
f 1605/1/29 1610/1/29 1486/1/29
f 1605/1/29 1486/1/29 1482/1/29
f 1551/1/30 1556/1/30 1447/1/30
f 1551/1/30 1447/1/30 1443/1/30
f 1504/1/31 1499/1/31 1404/1/31
f 1504/1/31 1404/1/31 1407/1/31
f 1609/1/32 1614/1/32 1489/1/32
f 1609/1/32 1489/1/32 1485/1/32
f 1555/1/33 1560/1/33 1450/1/33
f 1555/1/33 1450/1/33 1446/1/33
f 1277/1/34 1279/1/34 1501/1/34
f 1277/1/34 1501/1/34 1505/1/34
f 1281/1/35 1283/1/35 1509/1/35
f 1281/1/35 1509/1/35 1502/1/35
f 1284/1/36 1287/1/36 1513/1/36
f 1284/1/36 1513/1/36 1510/1/36
f 1288/1/37 1291/1/37 1517/1/37
f 1288/1/37 1517/1/37 1514/1/37
f 1292/1/38 1295/1/38 1521/1/38
f 1292/1/38 1521/1/38 1518/1/38
f 1296/1/39 1299/1/39 1525/1/39
f 1296/1/39 1525/1/39 1522/1/39
f 1300/1/40 1303/1/40 1529/1/40
f 1300/1/40 1529/1/40 1526/1/40
f 1304/1/41 1308/1/41 1534/1/41
f 1304/1/41 1534/1/41 1530/1/41
f 1307/1/42 1312/1/42 1538/1/42
f 1307/1/42 1538/1/42 1533/1/42
f 1311/1/43 1316/1/43 1542/1/43
f 1311/1/43 1542/1/43 1537/1/43
f 1315/1/44 1320/1/44 1546/1/44
f 1315/1/44 1546/1/44 1541/1/44
f 1319/1/45 1324/1/45 1550/1/45
f 1319/1/45 1550/1/45 1545/1/45
f 1323/1/46 1328/1/46 1554/1/46
f 1323/1/46 1554/1/46 1549/1/46
f 1327/1/47 1332/1/47 1558/1/47
f 1327/1/47 1558/1/47 1553/1/47
f 1331/1/48 1337/1/48 1562/1/48
f 1331/1/48 1562/1/48 1557/1/48
f 1335/1/49 1341/1/49 1565/1/49
f 1335/1/49 1565/1/49 1561/1/49
f 1339/1/50 1343/1/50 1567/1/50
f 1339/1/50 1567/1/50 1563/1/50
f 1345/1/51 1347/1/51 1571/1/51
f 1345/1/51 1571/1/51 1568/1/51
f 1348/1/52 1351/1/52 1575/1/52
f 1348/1/52 1575/1/52 1572/1/52
f 1352/1/53 1355/1/53 1579/1/53
f 1352/1/53 1579/1/53 1576/1/53
f 1356/1/54 1359/1/54 1583/1/54
f 1356/1/54 1583/1/54 1580/1/54
f 1360/1/55 1363/1/55 1587/1/55
f 1360/1/55 1587/1/55 1584/1/55
f 1364/1/56 1367/1/56 1591/1/56
f 1364/1/56 1591/1/56 1588/1/56
f 1368/1/57 1371/1/57 1595/1/57
f 1368/1/57 1595/1/57 1592/1/57
f 1372/1/58 1376/1/58 1600/1/58
f 1372/1/58 1600/1/58 1596/1/58
f 1375/1/59 1380/1/59 1604/1/59
f 1375/1/59 1604/1/59 1599/1/59
f 1379/1/60 1384/1/60 1608/1/60
f 1379/1/60 1608/1/60 1603/1/60
f 1383/1/61 1388/1/61 1612/1/61
f 1383/1/61 1612/1/61 1607/1/61
f 1387/1/62 1392/1/62 1616/1/62
f 1387/1/62 1616/1/62 1611/1/62
f 1391/1/63 1396/1/63 1620/1/63
f 1391/1/63 1620/1/63 1615/1/63
f 1395/1/64 1401/1/64 1624/1/64
f 1395/1/64 1624/1/64 1619/1/64
f 1399/1/65 1275/1/65 1503/1/65
f 1399/1/65 1503/1/65 1623/1/65
f 1318/1/27 1313/1/27 1645/1/27
f 1318/1/27 1645/1/27 1648/1/27
f 1373/1/18 1370/1/18 1674/1/18
f 1373/1/18 1674/1/18 1675/1/18
f 1322/1/29 1317/1/29 1647/1/29
f 1322/1/29 1647/1/29 1650/1/29
f 1378/1/20 1374/1/20 1676/1/20
f 1378/1/20 1676/1/20 1678/1/20
f 1326/1/32 1321/1/32 1649/1/32
f 1326/1/32 1649/1/32 1652/1/32
s 1
f 1382/1/22 1377/1/22 1677/1/22
f 1382/1/22 1677/1/22 1680/1/22
s 0
f 1330/1/4 1325/1/4 1651/1/4
f 1330/1/4 1651/1/4 1654/1/4
f 1386/1/24 1381/1/24 1679/1/24
f 1386/1/24 1679/1/24 1682/1/24
f 1334/1/7 1329/1/7 1653/1/7
f 1334/1/7 1653/1/7 1656/1/7
f 1280/1/8 1278/1/8 1630/1/8
f 1280/1/8 1630/1/8 1627/1/8
f 1390/1/26 1385/1/26 1681/1/26
f 1390/1/26 1681/1/26 1684/1/26
f 1338/1/10 1333/1/10 1655/1/10
f 1338/1/10 1655/1/10 1658/1/10
f 1285/1/11 1282/1/11 1628/1/11
f 1285/1/11 1628/1/11 1631/1/11
f 1394/1/28 1389/1/28 1683/1/28
f 1394/1/28 1683/1/28 1686/1/28
f 1342/1/13 1336/1/13 1657/1/13
f 1342/1/13 1657/1/13 1660/1/13
f 1289/1/14 1286/1/14 1632/1/14
f 1289/1/14 1632/1/14 1633/1/14
f 1398/1/30 1393/1/30 1685/1/30
f 1398/1/30 1685/1/30 1688/1/30
f 1344/1/31 1340/1/31 1659/1/31
f 1344/1/31 1659/1/31 1661/1/31
f 1293/1/16 1290/1/16 1634/1/16
f 1293/1/16 1634/1/16 1635/1/16
f 1402/1/33 1397/1/33 1687/1/33
f 1402/1/33 1687/1/33 1690/1/33
f 1349/1/3 1346/1/3 1662/1/3
f 1349/1/3 1662/1/3 1663/1/3
f 1297/1/17 1294/1/17 1636/1/17
f 1297/1/17 1636/1/17 1637/1/17
f 1276/1/5 1400/1/5 1689/1/5
f 1276/1/5 1689/1/5 1629/1/5
f 1353/1/6 1350/1/6 1664/1/6
f 1353/1/6 1664/1/6 1665/1/6
f 1301/1/19 1298/1/19 1638/1/19
f 1301/1/19 1638/1/19 1639/1/19
f 1357/1/9 1354/1/9 1666/1/9
f 1357/1/9 1666/1/9 1667/1/9
f 1305/1/21 1302/1/21 1640/1/21
f 1305/1/21 1640/1/21 1641/1/21
f 1361/1/12 1358/1/12 1668/1/12
f 1361/1/12 1668/1/12 1669/1/12
f 1310/1/23 1306/1/23 1642/1/23
f 1310/1/23 1642/1/23 1644/1/23
f 1365/1/15 1362/1/15 1670/1/15
f 1365/1/15 1670/1/15 1671/1/15
f 1314/1/25 1309/1/25 1643/1/25
f 1314/1/25 1643/1/25 1646/1/25
usemtl Material.012
f 1693/1/75 1691/1/75 1692/1/75
f 1692/1/75 1722/1/75 1721/1/75
f 1721/1/75 1720/1/75 1719/1/75
f 1719/1/75 1718/1/75 1717/1/75
f 1717/1/75 1716/1/75 1715/1/75
f 1715/1/75 1714/1/75 1713/1/75
f 1713/1/75 1712/1/75 1711/1/75
f 1711/1/75 1710/1/75 1709/1/75
f 1709/1/75 1708/1/75 1707/1/75
f 1707/1/75 1706/1/75 1705/1/75
f 1705/1/75 1704/1/75 1703/1/75
f 1703/1/75 1702/1/75 1701/1/75
f 1701/1/75 1700/1/75 1699/1/75
f 1699/1/75 1698/1/75 1697/1/75
f 1697/1/75 1696/1/75 1695/1/75
f 1695/1/75 1694/1/75 1693/1/75
f 1693/1/75 1692/1/75 1721/1/75
f 1721/1/75 1719/1/75 1717/1/75
f 1717/1/75 1715/1/75 1713/1/75
f 1713/1/75 1711/1/75 1709/1/75
f 1709/1/75 1707/1/75 1705/1/75
f 1705/1/75 1703/1/75 1701/1/75
f 1701/1/75 1699/1/75 1697/1/75
f 1697/1/75 1695/1/75 1693/1/75
f 1693/1/75 1721/1/75 1717/1/75
f 1717/1/75 1713/1/75 1709/1/75
f 1709/1/75 1705/1/75 1701/1/75
f 1701/1/75 1697/1/75 1693/1/75
f 1693/1/75 1717/1/75 1709/1/75
f 1709/1/75 1701/1/75 1693/1/75
f 1725/1/75 1723/1/75 1724/1/75
f 1724/1/75 1754/1/75 1753/1/75
f 1753/1/75 1752/1/75 1751/1/75
f 1751/1/75 1750/1/75 1749/1/75
f 1749/1/75 1748/1/75 1747/1/75
f 1747/1/75 1746/1/75 1745/1/75
f 1745/1/75 1744/1/75 1743/1/75
f 1743/1/75 1742/1/75 1741/1/75
f 1741/1/75 1740/1/75 1739/1/75
f 1739/1/75 1738/1/75 1737/1/75
f 1737/1/75 1736/1/75 1735/1/75
f 1735/1/75 1734/1/75 1733/1/75
f 1733/1/75 1732/1/75 1731/1/75
f 1731/1/75 1730/1/75 1729/1/75
f 1729/1/75 1728/1/75 1727/1/75
f 1727/1/75 1726/1/75 1725/1/75
f 1725/1/75 1724/1/75 1753/1/75
f 1753/1/75 1751/1/75 1749/1/75
f 1749/1/75 1747/1/75 1745/1/75
f 1745/1/75 1743/1/75 1741/1/75
f 1741/1/75 1739/1/75 1737/1/75
f 1737/1/75 1735/1/75 1733/1/75
f 1733/1/75 1731/1/75 1729/1/75
f 1729/1/75 1727/1/75 1725/1/75
f 1725/1/75 1753/1/75 1749/1/75
f 1749/1/75 1745/1/75 1741/1/75
f 1741/1/75 1737/1/75 1733/1/75
f 1733/1/75 1729/1/75 1725/1/75
f 1725/1/75 1749/1/75 1741/1/75
f 1741/1/75 1733/1/75 1725/1/75
f 1757/1/75 1755/1/75 1756/1/75
f 1756/1/75 1786/1/75 1785/1/75
f 1785/1/75 1784/1/75 1783/1/75
f 1783/1/75 1782/1/75 1781/1/75
f 1781/1/75 1780/1/75 1779/1/75
f 1779/1/75 1778/1/75 1777/1/75
f 1777/1/75 1776/1/75 1775/1/75
f 1775/1/75 1774/1/75 1773/1/75
f 1773/1/75 1772/1/75 1771/1/75
f 1771/1/75 1770/1/75 1769/1/75
f 1769/1/75 1768/1/75 1767/1/75
f 1767/1/75 1766/1/75 1765/1/75
f 1765/1/75 1764/1/75 1763/1/75
f 1763/1/75 1762/1/75 1761/1/75
f 1761/1/75 1760/1/75 1759/1/75
f 1759/1/75 1758/1/75 1757/1/75
f 1757/1/75 1756/1/75 1785/1/75
f 1785/1/75 1783/1/75 1781/1/75
f 1781/1/75 1779/1/75 1777/1/75
f 1777/1/75 1775/1/75 1773/1/75
f 1773/1/75 1771/1/75 1769/1/75
f 1769/1/75 1767/1/75 1765/1/75
f 1765/1/75 1763/1/75 1761/1/75
f 1761/1/75 1759/1/75 1757/1/75
f 1757/1/75 1785/1/75 1781/1/75
f 1781/1/75 1777/1/75 1773/1/75
f 1773/1/75 1769/1/75 1765/1/75
f 1765/1/75 1761/1/75 1757/1/75
f 1757/1/75 1781/1/75 1773/1/75
f 1773/1/75 1765/1/75 1757/1/75
f 1789/1/75 1787/1/75 1788/1/75
f 1788/1/75 1818/1/75 1817/1/75
f 1817/1/75 1816/1/75 1815/1/75
f 1815/1/75 1814/1/75 1813/1/75
f 1813/1/75 1812/1/75 1811/1/75
f 1811/1/75 1810/1/75 1809/1/75
f 1809/1/75 1808/1/75 1807/1/75
f 1807/1/75 1806/1/75 1805/1/75
f 1805/1/75 1804/1/75 1803/1/75
f 1803/1/75 1802/1/75 1801/1/75
f 1801/1/75 1800/1/75 1799/1/75
f 1799/1/75 1798/1/75 1797/1/75
f 1797/1/75 1796/1/75 1795/1/75
f 1795/1/75 1794/1/75 1793/1/75
f 1793/1/75 1792/1/75 1791/1/75
f 1791/1/75 1790/1/75 1789/1/75
f 1789/1/75 1788/1/75 1817/1/75
f 1817/1/75 1815/1/75 1813/1/75
f 1813/1/75 1811/1/75 1809/1/75
f 1809/1/75 1807/1/75 1805/1/75
f 1805/1/75 1803/1/75 1801/1/75
f 1801/1/75 1799/1/75 1797/1/75
f 1797/1/75 1795/1/75 1793/1/75
f 1793/1/75 1791/1/75 1789/1/75
f 1789/1/75 1817/1/75 1813/1/75
f 1813/1/75 1809/1/75 1805/1/75
f 1805/1/75 1801/1/75 1797/1/75
f 1797/1/75 1793/1/75 1789/1/75
f 1789/1/75 1813/1/75 1805/1/75
f 1805/1/75 1797/1/75 1789/1/75
o Cube.001
v -0.673876 -0.334962 -0.520326
v -0.673876 -0.334962 -0.520326
v -0.673876 -0.334962 -0.520326
v 0.053596 0.308514 -0.520326
v 0.053596 0.308514 -0.520326
v 0.053596 0.308514 -0.520326
v -0.534870 0.308514 -0.520326
v -0.534870 0.308514 -0.520326
v -0.534870 0.308514 -0.520326
v -2.074346 -0.334962 -0.520326
v -2.074346 -0.334962 -0.520326
v -2.074346 -0.334962 -0.520326
v 0.319792 -0.779720 0.000000
v 0.319792 -0.779720 0.000000
v 0.319792 -0.334962 0.000000
v 0.319792 -0.334962 0.000000
v 1.257418 -0.719251 0.000000
v 1.257418 -0.719251 0.000000
v 1.257418 -0.719251 0.000000
v 1.257418 -0.719251 0.000000
v 1.257418 -0.527802 0.000000
v 1.257418 -0.527802 0.000000
v 1.257418 -0.527802 0.000000
v 1.257418 -0.527802 0.000000
v -0.673876 -0.779720 0.000000
v -0.673876 -0.334962 0.000000
v -0.673876 -0.334962 0.000000
v -0.534870 0.308514 0.000000
v -0.534870 0.308514 0.000000
v -2.074346 -0.752926 0.000000
v -2.074346 -0.752926 0.000000
v -2.074346 -0.334962 0.000000
v -2.074346 -0.334962 0.000000
v 1.257418 -0.719251 -0.454471
v 1.257418 -0.719251 -0.454471
v 1.257418 -0.719251 -0.454471
v 1.257418 -0.719251 -0.454471
v 1.257418 -0.653345 -0.520326
v 1.257418 -0.653345 -0.520326
v 1.257418 -0.653345 -0.520326
v 1.257418 -0.653345 -0.520326
v 0.319792 -0.779720 -0.454471
v 0.319792 -0.779720 -0.454471
v 0.319792 -0.779720 -0.454471
v 0.319792 -0.779720 -0.454471
v 0.319792 -0.779720 -0.454471
v 0.319792 -0.713818 -0.520326
v 0.319792 -0.713818 -0.520326
v 0.319792 -0.713818 -0.520326
v -0.673876 -0.779720 -0.454471
v -0.673876 -0.779720 -0.454471
v -0.673876 -0.713823 -0.520326
v -0.673876 -0.713823 -0.520326
v -0.673876 -0.713823 -0.520326
v -2.074346 -0.713825 -0.520326
v -2.074346 -0.713825 -0.520326
v -2.074346 -0.713825 -0.520326
v -2.074346 -0.752926 -0.454471
v -2.074346 -0.752926 -0.454471
v -2.074346 -0.752926 -0.454471
v -2.074346 -0.752926 -0.454471
v 1.248196 -0.704851 -0.448503
v 1.248196 -0.704851 -0.448503
v 1.248196 -0.704851 -0.448503
v 1.248196 -0.704851 -0.448503
v 1.248196 -0.647384 -0.505926
v 1.248196 -0.647384 -0.505926
v 1.248196 -0.647384 -0.505926
v 1.248196 -0.647384 -0.505926
v 1.248196 -0.542202 -0.505926
v 1.248196 -0.542202 -0.505926
v 1.248196 -0.542202 -0.505926
v 1.248196 -0.542202 -0.505926
v 1.248196 -0.542202 -0.505926
v 1.248196 -0.542202 -0.014400
v 1.248196 -0.542202 -0.014400
v 1.248196 -0.542202 -0.014400
v 1.248196 -0.542202 -0.014400
v 1.248196 -0.704851 -0.014400
v 1.248196 -0.704851 -0.014400
v 1.248196 -0.704851 -0.014400
v 1.248196 -0.704851 -0.014400
v 1.232388 -0.542202 -0.014400
v 1.232388 -0.542202 -0.014400
v 1.232388 -0.542202 -0.014400
v 1.232388 -0.704851 -0.014400
v 1.232388 -0.704851 -0.014400
v 1.232388 -0.704851 -0.014400
v 1.232388 -0.647384 -0.505926
v 1.232388 -0.647384 -0.505926
v 1.232388 -0.647384 -0.505926
v 1.232388 -0.704851 -0.448503
v 1.232388 -0.704851 -0.448503
v 1.232388 -0.704851 -0.448503
v 1.232388 -0.542202 -0.505926
v 1.232388 -0.542202 -0.505926
v 1.232388 -0.542202 -0.505926
v 0.319792 -0.417609 -0.520326
v 0.319792 -0.417609 -0.520326
v 1.257418 -0.555189 -0.520326
v 1.257418 -0.555189 -0.520326
v -0.673876 -0.417610 -0.520326
v -2.074346 -0.417611 -0.520326
v -2.074346 -0.417611 -0.520326
v -2.074346 -0.417611 -0.520326
v 1.248196 -0.565147 -0.505926
v 1.248196 -0.565147 -0.505926
v 1.232388 -0.565147 -0.505926
v 1.232388 -0.565147 -0.505926
v 1.257418 -0.563599 -0.520326
v 1.257418 -0.563599 -0.520326
v 1.248196 -0.572193 -0.505926
v 1.248196 -0.572193 -0.505926
v 1.232388 -0.572193 -0.505926
v 1.232388 -0.572193 -0.505926
v 0.319792 -0.442989 -0.520326
v 0.319792 -0.442989 -0.520326
v -0.673876 -0.442990 -0.520326
v -2.074346 -0.442991 -0.520326
v -2.074346 -0.442991 -0.520326
v -2.074346 -0.442991 -0.520326
v 0.878552 -0.449881 0.000000
v 0.878552 -0.449881 0.000000
v 0.878552 -0.449881 0.000000
v 0.878552 -0.449881 0.000000
v 0.878552 -0.743685 0.000000
v 0.878552 -0.743685 -0.454471
v 0.878552 -0.743685 -0.454471
v 0.878552 -0.677781 -0.520326
v 0.878552 -0.677781 -0.520326
v 0.958807 -0.499597 -0.520326
v 0.958807 -0.499597 -0.520326
v 0.958807 -0.499597 -0.520326
v 0.878552 -0.514864 -0.520326
v 0.878552 -0.514864 -0.520326
v 0.996060 -0.667301 -0.520326
v 0.996060 -0.667301 -0.520326
v 0.975753 -0.658033 -0.520326
v 0.247419 -0.531505 -0.520326
v 0.247419 -0.506125 -0.520326
v -1.150851 -0.334962 -0.520326
v -1.150851 -0.334962 -0.520326
v -1.150851 -0.334962 0.000000
v -1.150851 -0.779720 0.000000
v -1.150851 -0.779720 -0.454471
v -1.150851 -0.779720 -0.454471
v -1.150851 -0.713824 -0.520326
v -1.150851 -0.713824 -0.520326
v -1.150851 -0.417610 -0.520326
v -1.150851 -0.442990 -0.520326
v -1.859053 -0.334962 0.000000
v -1.859053 -0.779720 0.000000
v -1.859053 -0.779720 0.000000
v -1.859053 -0.779720 -0.454471
v -1.859053 -0.779720 -0.454471
v -1.859053 -0.779720 -0.454471
v -1.859053 -0.779720 -0.454471
v -1.859053 -0.417611 -0.520326
v -1.859053 -0.442991 -0.520326
v -1.859053 -0.334962 -0.520326
v -1.859053 -0.334962 -0.520326
v -1.859053 -0.713825 -0.520326
v -1.859053 -0.713825 -0.520326
v -1.859053 -0.713825 -0.520326
v -1.859053 -0.417611 -0.869802
v -1.859053 -0.442991 -0.869802
v -2.003011 -0.658002 -0.869802
v -2.003011 -0.632622 -0.869802
v 0.278157 -0.307129 -0.520326
v 0.278157 -0.307129 -0.520326
v 0.278157 -0.307129 -0.520326
v -0.639389 -0.307129 -0.520326
v -0.639389 -0.307129 -0.520326
v -0.639389 -0.307129 -0.520326
v -0.512408 0.280682 -0.520326
v -0.512408 0.280682 -0.520326
v -0.512408 0.280682 -0.520326
v 0.034990 0.280682 -0.520326
v 0.034990 0.280682 -0.520326
v 0.034990 0.280682 -0.520326
v 0.278157 -0.307129 -0.499291
v 0.278157 -0.307129 -0.499291
v -0.639389 -0.307129 -0.499291
v -0.639389 -0.307129 -0.499291
v 0.034990 0.280682 -0.499291
v 0.034990 0.280682 -0.499291
v -0.512408 0.280682 -0.499291
v -0.512408 0.280682 -0.499291
v 0.319792 -0.334962 -0.260163
v 0.319792 -0.334962 -0.260163
v 0.319792 -0.334962 -0.260163
v 0.319792 -0.334962 -0.260163
v -0.673876 -0.334962 -0.260163
v -0.673876 -0.334962 -0.260163
v -0.534870 0.308514 -0.260163
v -0.534870 0.308514 -0.260163
v -2.074346 -0.334962 -0.260163
v -2.074346 -0.334962 -0.260163
v 1.257418 -0.527802 -0.260163
v 1.257418 -0.527802 -0.260163
v 1.248196 -0.542202 -0.260163
v 1.248196 -0.542202 -0.260163
v 1.232388 -0.542202 -0.260163
v 1.232388 -0.542202 -0.260163
v 0.878552 -0.449881 -0.260163
v 0.878552 -0.449881 -0.260163
v 0.878552 -0.449881 -0.260163
v 0.878552 -0.449881 -0.260163
v -1.150851 -0.334962 -0.260163
v -1.859053 -0.334962 -0.260163
v 0.319792 -0.334962 0.000000
v 0.319792 -0.334962 0.000000
v 0.878552 -0.390313 0.000000
v 0.878552 -0.390313 0.000000
v 0.878552 -0.390313 0.000000
v 0.878552 -0.390313 0.000000
v 0.319792 -0.334962 -0.260163
v 0.319792 -0.334962 -0.260163
v 0.319792 -0.334962 -0.260163
v 0.878552 -0.390313 -0.260163
v 0.878552 -0.390313 -0.260163
v 0.878552 -0.390313 -0.260163
v 0.878552 -0.390313 -0.260163
v 0.864789 -0.440865 -0.009016
v 0.864789 -0.440865 -0.009016
v 0.864789 -0.440865 -0.009016
v 0.864789 -0.440865 -0.009016
v 0.864789 -0.440865 -0.251147
v 0.864789 -0.440865 -0.251147
v 0.864789 -0.440865 -0.251147
v 0.864789 -0.440865 -0.251147
v 0.864789 -0.399329 -0.251147
v 0.864789 -0.399329 -0.251147
v 0.864789 -0.399329 -0.251147
v 0.864789 -0.399329 -0.251147
v 0.864789 -0.399329 -0.009016
v 0.864789 -0.399329 -0.009016
v 0.864789 -0.399329 -0.009016
v 0.864789 -0.399329 -0.009016
v 0.842300 -0.399329 -0.009016
v 0.842300 -0.399329 -0.009016
v 0.842300 -0.440865 -0.009016
v 0.842300 -0.440865 -0.009016
v 0.842300 -0.440865 -0.251147
v 0.842300 -0.440865 -0.251147
v 0.842300 -0.399329 -0.251147
v 0.842300 -0.399329 -0.251147
v 0.405047 -0.774222 -0.454471
v 0.405047 -0.774222 -0.454471
v 0.405047 -0.774222 0.000000
v 0.405047 -0.708320 -0.520326
v 0.405047 -0.708320 -0.520326
v 0.405047 -0.430119 -0.520326
v 0.405047 -0.453956 -0.520326
v 0.405047 -0.352496 -0.260163
v 0.405047 -0.352496 -0.260163
v 0.405047 -0.343407 0.000000
v 0.405047 -0.343407 -0.260163
v 0.405047 -0.343407 -0.260163
v -0.072857 0.565621 -0.619307
v 0.030575 0.550444 -0.619307
v -0.075043 0.550721 -0.619307
v 0.028389 0.535544 -0.619307
v 0.067790 0.274205 -0.520326
v 0.067790 0.274205 -0.520326
v -0.542282 0.274205 -0.520326
v -0.542282 0.274205 -0.520326
v -0.542282 0.274205 0.000000
v 0.067790 0.274205 0.000000
v 0.067790 0.274205 0.000000
v 0.047955 0.249340 -0.520326
v 0.047955 0.249340 -0.520326
v -0.519178 0.249340 -0.520326
v -0.519178 0.249340 -0.520326
v 0.047955 0.249340 -0.499291
v -0.519178 0.249340 -0.499291
v -0.542282 0.274205 -0.260163
v 0.067790 0.274205 -0.260163
v 0.067790 0.274205 -0.260163
v 0.308487 -0.307634 -0.520326
v 0.308487 -0.307634 -0.520326
v -0.667973 -0.307634 -0.520326
v -0.667973 -0.307634 -0.520326
v -0.667973 -0.307634 0.000000
v 0.308487 -0.307634 0.000000
v 0.308487 -0.307634 0.000000
v 0.267830 -0.282166 -0.520326
v 0.267830 -0.282166 -0.520326
v -0.633996 -0.282166 -0.520326
v -0.633996 -0.282166 -0.520326
v 0.267830 -0.282166 -0.499291
v -0.633996 -0.282166 -0.499291
v -0.667973 -0.307634 -0.260163
v 0.308487 -0.307634 -0.260163
v 0.308487 -0.307634 -0.260163
v 0.319792 -0.334962 -0.482125
v 0.319792 -0.334962 -0.482125
v -0.673876 -0.334962 -0.482125
v -0.673876 -0.334962 -0.482125
v -0.534870 0.308514 -0.482125
v -0.534870 0.308514 -0.482125
v -2.074346 -0.334962 -0.482125
v -2.074346 -0.334962 -0.482125
v 0.878552 -0.449881 -0.482125
v 1.257418 -0.527802 -0.482125
v 1.257418 -0.527802 -0.482125
v 1.248196 -0.542202 -0.469839
v 1.248196 -0.542202 -0.469839
v 1.232388 -0.542202 -0.469839
v 1.232388 -0.542202 -0.469839
v -1.150851 -0.334962 -0.482125
v -1.859053 -0.334962 -0.482125
v 0.405047 -0.352496 -0.482125
v -0.542282 0.274205 -0.482125
v 0.067790 0.274205 -0.482125
v 0.067790 0.274205 -0.482125
v 0.067790 0.274205 -0.482125
v 0.308487 -0.307634 -0.482125
v 0.308487 -0.307634 -0.482125
v 0.308487 -0.307634 -0.482125
v -0.667973 -0.307634 -0.482125
v 0.293879 -0.313677 0.000000
v 0.053182 0.268162 0.000000
v 0.293879 -0.313677 -0.260163
v 0.053182 0.268162 -0.260163
v 0.053182 0.268162 -0.482125
v 0.053182 0.268162 -0.482125
v 0.293879 -0.313677 -0.482125
v 0.293879 -0.313677 -0.482125
v 1.024764 -0.521204 -0.535582
v 1.039109 -0.642396 -0.535582
v 1.257418 -0.547436 -0.520326
v 1.257418 -0.547436 -0.520326
v 1.257418 -0.547436 -0.520326
v 1.257418 -0.547436 -0.520326
v 1.257418 -0.547436 -0.520326
v 1.257418 -0.527802 -0.501094
v 1.257418 -0.527802 -0.501094
v 1.257418 -0.527802 -0.501094
v 1.257418 -0.527802 -0.501094
v 1.249485 -0.540190 -0.507938
v 1.249485 -0.540190 -0.507938
v 1.249485 -0.540190 -0.507938
v 1.249485 -0.540190 -0.507938
v 1.249485 -0.540190 -0.507938
v 1.249485 -0.540190 -0.507938
v 1.249485 -0.540190 -0.507938
v 1.257418 -0.541369 -0.519385
v 1.257418 -0.541369 -0.519385
v 1.257418 -0.541369 -0.519385
v 1.257418 -0.541369 -0.519385
v 1.257418 -0.535895 -0.516653
v 1.257418 -0.535895 -0.516653
v 1.257418 -0.535895 -0.516653
v 1.257418 -0.535895 -0.516653
v 1.257418 -0.531552 -0.512398
v 1.257418 -0.531552 -0.512398
v 1.257418 -0.531552 -0.512398
v 1.257418 -0.531552 -0.512398
v 1.257418 -0.528763 -0.507037
v 1.257418 -0.528763 -0.507037
v 1.257418 -0.528763 -0.507037
v 1.257418 -0.528763 -0.507037
v 0.319792 -0.334962 -0.501094
v 0.319792 -0.334962 -0.501094
v 0.319792 -0.334962 -0.501094
v 0.319792 -0.334962 -0.501094
v 0.319792 -0.354597 -0.520326
v 0.319792 -0.354597 -0.520326
v 0.319792 -0.354597 -0.520326
v 0.300559 -0.334962 -0.520326
v 0.300559 -0.334962 -0.520326
v 0.303803 -0.324273 -0.520326
v 0.303803 -0.324273 -0.520326
v 0.312440 -0.317190 -0.520326
v 0.312440 -0.317190 -0.520326
v 0.312440 -0.317190 -0.520326
v 0.319792 -0.335923 -0.507037
v 0.319792 -0.335923 -0.507037
v 0.319792 -0.335923 -0.507037
v 0.319792 -0.338712 -0.512398
v 0.319792 -0.338712 -0.512398
v 0.319792 -0.338712 -0.512398
v 0.319792 -0.343056 -0.516653
v 0.319792 -0.343056 -0.516653
v 0.319792 -0.343056 -0.516653
v 0.319792 -0.348529 -0.519385
v 0.319792 -0.348529 -0.519385
v 0.319792 -0.348529 -0.519385
v 0.926001 -0.479274 -0.520326
v 0.926001 -0.479274 -0.520326
v 0.878552 -0.449881 -0.501094
v 0.878552 -0.449881 -0.501094
v 0.911338 -0.470191 -0.519385
v 0.911338 -0.470191 -0.519385
v 0.898111 -0.461998 -0.516653
v 0.898111 -0.461998 -0.516653
v 0.887614 -0.455495 -0.512398
v 0.887614 -0.455495 -0.512398
v 0.880875 -0.451320 -0.507037
v 0.880875 -0.451320 -0.507037
v 0.405047 -0.372131 -0.520326
v 0.405047 -0.372131 -0.520326
v 0.405047 -0.352496 -0.501094
v 0.405047 -0.352496 -0.501094
v 0.405047 -0.366063 -0.519385
v 0.405047 -0.366063 -0.519385
v 0.405047 -0.360590 -0.516653
v 0.405047 -0.360590 -0.516653
v 0.405047 -0.356246 -0.512398
v 0.405047 -0.356246 -0.512398
v 0.405047 -0.353457 -0.507037
v 0.405047 -0.353457 -0.507037
v 0.063345 0.284948 0.000000
v 0.063345 0.284948 0.000000
v 0.028093 0.308514 0.000000
v 0.028093 0.308514 0.000000
v 0.059084 0.292231 0.000000
v 0.059084 0.292231 0.000000
v 0.052744 0.298800 0.000000
v 0.052744 0.298800 0.000000
v 0.044945 0.304014 0.000000
v 0.044945 0.304014 0.000000
v 0.036451 0.307361 0.000000
v 0.036451 0.307361 0.000000
v 0.063345 0.284948 -0.260163
v 0.063345 0.284948 -0.260163
v 0.028093 0.308514 -0.260163
v 0.028093 0.308514 -0.260163
v 0.059084 0.292231 -0.260163
v 0.059084 0.292231 -0.260163
v 0.052744 0.298800 -0.260163
v 0.052744 0.298800 -0.260163
v 0.044945 0.304014 -0.260163
v 0.044945 0.304014 -0.260163
v 0.036451 0.307361 -0.260163
v 0.036451 0.307361 -0.260163
v 0.028093 0.308514 -0.482125
v 0.028093 0.308514 -0.482125
v 0.028093 0.308514 -0.482125
v 0.063345 0.284948 -0.482125
v 0.063345 0.284948 -0.482125
v 0.063345 0.284948 -0.482125
v 0.053596 0.308514 -0.507628
v 0.053596 0.308514 -0.507628
v 0.053596 0.308514 -0.507628
v 0.053596 0.308514 -0.507628
v 0.053596 0.308514 -0.507628
v 0.053596 0.308514 -0.507628
v 0.053596 0.308514 -0.507628
v 0.036451 0.307361 -0.482125
v 0.036451 0.307361 -0.482125
v 0.036451 0.307361 -0.482125
v 0.036451 0.307361 -0.482125
v 0.044945 0.304014 -0.482125
v 0.044945 0.304014 -0.482125
v 0.044945 0.304014 -0.482125
v 0.044945 0.304014 -0.482125
v 0.052744 0.298800 -0.482125
v 0.052744 0.298800 -0.482125
v 0.052744 0.298800 -0.482125
v 0.052744 0.298800 -0.482125
v 0.059084 0.292231 -0.482125
v 0.059084 0.292231 -0.482125
v 0.059084 0.292231 -0.482125
v 0.059084 0.292231 -0.482125
v -0.673876 -0.334962 0.520326
v -0.673876 -0.334962 0.520326
v -0.673876 -0.334962 0.520326
v 0.053596 0.308514 0.520326
v 0.053596 0.308514 0.520326
v 0.053596 0.308514 0.520326
v -0.534870 0.308514 0.520326
v -0.534870 0.308514 0.520326
v -0.534870 0.308514 0.520326
v -2.074346 -0.334962 0.520326
v -2.074346 -0.334962 0.520326
v -2.074346 -0.334962 0.520326
v 1.257418 -0.719251 0.454471
v 1.257418 -0.719251 0.454471
v 1.257418 -0.719251 0.454471
v 1.257418 -0.719251 0.454471
v 1.257418 -0.653345 0.520326
v 1.257418 -0.653345 0.520326
v 1.257418 -0.653345 0.520326
v 1.257418 -0.653345 0.520326
v 0.319792 -0.779720 0.454471
v 0.319792 -0.779720 0.454471
v 0.319792 -0.779720 0.454471
v 0.319792 -0.779720 0.454471
v 0.319792 -0.779720 0.454471
v 0.319792 -0.713818 0.520326
v 0.319792 -0.713818 0.520326
v 0.319792 -0.713818 0.520326
v -0.673876 -0.779720 0.454471
v -0.673876 -0.779720 0.454471
v -0.673876 -0.713823 0.520326
v -0.673876 -0.713823 0.520326
v -0.673876 -0.713823 0.520326
v -2.074346 -0.713825 0.520326
v -2.074346 -0.713825 0.520326
v -2.074346 -0.713825 0.520326
v -2.074346 -0.752926 0.454471
v -2.074346 -0.752926 0.454471
v -2.074346 -0.752926 0.454471
v -2.074346 -0.752926 0.454471
v 1.248196 -0.704851 0.448503
v 1.248196 -0.704851 0.448503
v 1.248196 -0.704851 0.448503
v 1.248196 -0.704851 0.448503
v 1.248196 -0.647384 0.505926
v 1.248196 -0.647384 0.505926
v 1.248196 -0.647384 0.505926
v 1.248196 -0.647384 0.505926
v 1.248196 -0.542202 0.505926
v 1.248196 -0.542202 0.505926
v 1.248196 -0.542202 0.505926
v 1.248196 -0.542202 0.505926
v 1.248196 -0.542202 0.014400
v 1.248196 -0.542202 0.014400
v 1.248196 -0.542202 0.014400
v 1.248196 -0.542202 0.014400
v 1.248196 -0.704851 0.014400
v 1.248196 -0.704851 0.014400
v 1.248196 -0.704851 0.014400
v 1.248196 -0.704851 0.014400
v 1.232388 -0.542202 0.014400
v 1.232388 -0.542202 0.014400
v 1.232388 -0.542202 0.014400
v 1.232388 -0.704851 0.014400
v 1.232388 -0.704851 0.014400
v 1.232388 -0.704851 0.014400
v 1.232388 -0.647384 0.505926
v 1.232388 -0.647384 0.505926
v 1.232388 -0.647384 0.505926
v 1.232388 -0.704851 0.448503
v 1.232388 -0.704851 0.448503
v 1.232388 -0.704851 0.448503
v 1.232388 -0.542202 0.505926
v 1.232388 -0.542202 0.505926
v 1.232388 -0.542202 0.505926
v 0.319792 -0.417609 0.520326
v 0.319792 -0.417609 0.520326
v 1.257418 -0.555189 0.520326
v 1.257418 -0.555189 0.520326
v -0.673876 -0.417610 0.520326
v -2.074346 -0.417611 0.520326
v -2.074346 -0.417611 0.520326
v -2.074346 -0.417611 0.520326
v 1.248196 -0.565147 0.505926
v 1.248196 -0.565147 0.505926
v 1.232388 -0.565147 0.505926
v 1.232388 -0.565147 0.505926
v 1.257418 -0.563599 0.520326
v 1.257418 -0.563599 0.520326
v 1.248196 -0.572193 0.505926
v 1.248196 -0.572193 0.505926
v 1.232388 -0.572193 0.505926
v 1.232388 -0.572193 0.505926
v 0.319792 -0.442989 0.520326
v 0.319792 -0.442989 0.520326
v -0.673876 -0.442990 0.520326
v -2.074346 -0.442991 0.520326
v -2.074346 -0.442991 0.520326
v -2.074346 -0.442991 0.520326
v 0.878552 -0.743685 0.454471
v 0.878552 -0.743685 0.454471
v 0.878552 -0.677781 0.520326
v 0.878552 -0.677781 0.520326
v 0.958807 -0.499597 0.520326
v 0.958807 -0.499597 0.520326
v 0.958807 -0.499597 0.520326
v 0.878552 -0.514864 0.520326
v 0.878552 -0.514864 0.520326
v 0.996060 -0.667301 0.520326
v 0.996060 -0.667301 0.520326
v 0.975753 -0.658033 0.520326
v 0.247419 -0.531505 0.520326
v 0.247419 -0.506125 0.520326
v -1.150851 -0.334962 0.520326
v -1.150851 -0.334962 0.520326
v -1.150851 -0.779720 0.454471
v -1.150851 -0.779720 0.454471
v -1.150851 -0.713824 0.520326
v -1.150851 -0.713824 0.520326
v -1.150851 -0.417610 0.520326
v -1.150851 -0.442990 0.520326
v -1.859053 -0.779720 0.454471
v -1.859053 -0.779720 0.454471
v -1.859053 -0.779720 0.454471
v -1.859053 -0.779720 0.454471
v -1.859053 -0.417611 0.520326
v -1.859053 -0.442991 0.520326
v -1.859053 -0.334962 0.520326
v -1.859053 -0.334962 0.520326
v -1.859053 -0.713825 0.520326
v -1.859053 -0.713825 0.520326
v -1.859053 -0.713825 0.520326
v -1.859053 -0.417611 0.869802
v -1.859053 -0.442991 0.869802
v -2.003011 -0.658002 0.869802
v -2.003011 -0.632622 0.869802
v 0.278157 -0.307129 0.520326
v 0.278157 -0.307129 0.520326
v 0.278157 -0.307129 0.520326
v -0.639389 -0.307129 0.520326
v -0.639389 -0.307129 0.520326
v -0.639389 -0.307129 0.520326
v -0.512408 0.280682 0.520326
v -0.512408 0.280682 0.520326
v -0.512408 0.280682 0.520326
v 0.034990 0.280682 0.520326
v 0.034990 0.280682 0.520326
v 0.034990 0.280682 0.520326
v 0.278157 -0.307129 0.499291
v 0.278157 -0.307129 0.499291
v -0.639389 -0.307129 0.499291
v -0.639389 -0.307129 0.499291
v 0.034990 0.280682 0.499291
v 0.034990 0.280682 0.499291
v -0.512408 0.280682 0.499291
v -0.512408 0.280682 0.499291
v 0.319792 -0.334962 0.260163
v 0.319792 -0.334962 0.260163
v 0.319792 -0.334962 0.260163
v 0.319792 -0.334962 0.260163
v -0.673876 -0.334962 0.260163
v -0.673876 -0.334962 0.260163
v -0.534870 0.308514 0.260163
v -0.534870 0.308514 0.260163
v -2.074346 -0.334962 0.260163
v -2.074346 -0.334962 0.260163
v 1.257418 -0.527802 0.260163
v 1.257418 -0.527802 0.260163
v 1.248196 -0.542202 0.260163
v 1.248196 -0.542202 0.260163
v 1.232388 -0.542202 0.260163
v 1.232388 -0.542202 0.260163
v 0.878552 -0.449881 0.260163
v 0.878552 -0.449881 0.260163
v 0.878552 -0.449881 0.260163
v 0.878552 -0.449881 0.260163
v -1.150851 -0.334962 0.260163
v -1.859053 -0.334962 0.260163
v 0.319792 -0.334962 0.260163
v 0.319792 -0.334962 0.260163
v 0.319792 -0.334962 0.260163
v 0.319792 -0.334962 0.260163
v 0.878552 -0.390313 0.260163
v 0.878552 -0.390313 0.260163
v 0.878552 -0.390313 0.260163
v 0.878552 -0.390313 0.260163
v 0.864789 -0.440865 0.009016
v 0.864789 -0.440865 0.009016
v 0.864789 -0.440865 0.009016
v 0.864789 -0.440865 0.009016
v 0.864789 -0.440865 0.251147
v 0.864789 -0.440865 0.251147
v 0.864789 -0.440865 0.251147
v 0.864789 -0.440865 0.251147
v 0.864789 -0.399329 0.251147
v 0.864789 -0.399329 0.251147
v 0.864789 -0.399329 0.251147
v 0.864789 -0.399329 0.251147
v 0.864789 -0.399329 0.009016
v 0.864789 -0.399329 0.009016
v 0.864789 -0.399329 0.009016
v 0.864789 -0.399329 0.009016
v 0.842300 -0.399329 0.009016
v 0.842300 -0.399329 0.009016
v 0.842300 -0.440865 0.009016
v 0.842300 -0.440865 0.009016
v 0.842300 -0.440865 0.251147
v 0.842300 -0.440865 0.251147
v 0.842300 -0.399329 0.251147
v 0.842300 -0.399329 0.251147
v 0.405047 -0.774222 0.454471
v 0.405047 -0.774222 0.454471
v 0.405047 -0.708320 0.520326
v 0.405047 -0.708320 0.520326
v 0.405047 -0.430119 0.520326
v 0.405047 -0.453956 0.520326
v 0.405047 -0.352496 0.260163
v 0.405047 -0.352496 0.260163
v 0.405047 -0.343407 0.260163
v 0.405047 -0.343407 0.260163
v -0.072857 0.565621 0.619307
v 0.030575 0.550444 0.619307
v -0.075043 0.550721 0.619307
v 0.028389 0.535544 0.619307
v 0.067790 0.274205 0.520326
v 0.067790 0.274205 0.520326
v -0.542282 0.274205 0.520326
v -0.542282 0.274205 0.520326
v 0.047955 0.249340 0.520326
v 0.047955 0.249340 0.520326
v -0.519178 0.249340 0.520326
v -0.519178 0.249340 0.520326
v 0.047955 0.249340 0.499291
v -0.519178 0.249340 0.499291
v -0.542282 0.274205 0.260163
v 0.067790 0.274205 0.260163
v 0.067790 0.274205 0.260163
v 0.308487 -0.307634 0.520326
v 0.308487 -0.307634 0.520326
v -0.667973 -0.307634 0.520326
v -0.667973 -0.307634 0.520326
v 0.267830 -0.282166 0.520326
v 0.267830 -0.282166 0.520326
v -0.633996 -0.282166 0.520326
v -0.633996 -0.282166 0.520326
v 0.267830 -0.282166 0.499291
v -0.633996 -0.282166 0.499291
v -0.667973 -0.307634 0.260163
v 0.308487 -0.307634 0.260163
v 0.308487 -0.307634 0.260163
v 0.319792 -0.334962 0.482125
v 0.319792 -0.334962 0.482125
v -0.673876 -0.334962 0.482125
v -0.673876 -0.334962 0.482125
v -0.534870 0.308514 0.482125
v -0.534870 0.308514 0.482125
v -2.074346 -0.334962 0.482125
v -2.074346 -0.334962 0.482125
v 0.878552 -0.449881 0.482125
v 1.257418 -0.527802 0.482125
v 1.257418 -0.527802 0.482125
v 1.248196 -0.542202 0.469839
v 1.248196 -0.542202 0.469839
v 1.232388 -0.542202 0.469839
v 1.232388 -0.542202 0.469839
v -1.150851 -0.334962 0.482125
v -1.859053 -0.334962 0.482125
v 0.405047 -0.352496 0.482125
v -0.542282 0.274205 0.482125
v 0.067790 0.274205 0.482125
v 0.067790 0.274205 0.482125
v 0.067790 0.274205 0.482125
v 0.308487 -0.307634 0.482125
v 0.308487 -0.307634 0.482125
v 0.308487 -0.307634 0.482125
v -0.667973 -0.307634 0.482125
v 0.293879 -0.313677 0.260163
v 0.053182 0.268162 0.260163
v 0.053182 0.268162 0.482125
v 0.053182 0.268162 0.482125
v 0.293879 -0.313677 0.482125
v 0.293879 -0.313677 0.482125
v 1.024764 -0.521204 0.535582
v 1.039109 -0.642396 0.535582
v 1.257418 -0.547436 0.520326
v 1.257418 -0.547436 0.520326
v 1.257418 -0.547436 0.520326
v 1.257418 -0.547436 0.520326
v 1.257418 -0.527802 0.501094
v 1.257418 -0.527802 0.501094
v 1.257418 -0.527802 0.501094
v 1.257418 -0.527802 0.501094
v 1.249485 -0.540190 0.507938
v 1.249485 -0.540190 0.507938
v 1.249485 -0.540190 0.507938
v 1.249485 -0.540190 0.507938
v 1.249485 -0.540190 0.507938
v 1.249485 -0.540190 0.507938
v 1.249485 -0.540190 0.507938
v 1.257418 -0.541369 0.519385
v 1.257418 -0.541369 0.519385
v 1.257418 -0.541369 0.519385
v 1.257418 -0.541369 0.519385
v 1.257418 -0.535895 0.516653
v 1.257418 -0.535895 0.516653
v 1.257418 -0.535895 0.516653
v 1.257418 -0.535895 0.516653
v 1.257418 -0.531552 0.512398
v 1.257418 -0.531552 0.512398
v 1.257418 -0.531552 0.512398
v 1.257418 -0.531552 0.512398
v 1.257418 -0.528763 0.507037
v 1.257418 -0.528763 0.507037
v 1.257418 -0.528763 0.507037
v 1.257418 -0.528763 0.507037
v 0.319792 -0.334962 0.501094
v 0.319792 -0.334962 0.501094
v 0.319792 -0.334962 0.501094
v 0.319792 -0.334962 0.501094
v 0.319792 -0.354597 0.520326
v 0.319792 -0.354597 0.520326
v 0.319792 -0.354597 0.520326
v 0.300559 -0.334962 0.520326
v 0.300559 -0.334962 0.520326
v 0.303803 -0.324273 0.520326
v 0.303803 -0.324273 0.520326
v 0.312440 -0.317190 0.520326
v 0.312440 -0.317190 0.520326
v 0.312440 -0.317190 0.520326
v 0.319792 -0.335923 0.507037
v 0.319792 -0.335923 0.507037
v 0.319792 -0.335923 0.507037
v 0.319792 -0.338712 0.512398
v 0.319792 -0.338712 0.512398
v 0.319792 -0.338712 0.512398
v 0.319792 -0.343056 0.516653
v 0.319792 -0.343056 0.516653
v 0.319792 -0.343056 0.516653
v 0.319792 -0.348529 0.519385
v 0.319792 -0.348529 0.519385
v 0.319792 -0.348529 0.519385
v 0.926001 -0.479274 0.520326
v 0.926001 -0.479274 0.520326
v 0.878552 -0.449881 0.501094
v 0.878552 -0.449881 0.501094
v 0.911338 -0.470191 0.519385
v 0.911338 -0.470191 0.519385
v 0.898111 -0.461998 0.516653
v 0.898111 -0.461998 0.516653
v 0.887614 -0.455495 0.512398
v 0.887614 -0.455495 0.512398
v 0.880875 -0.451320 0.507037
v 0.880875 -0.451320 0.507037
v 0.405047 -0.372131 0.520326
v 0.405047 -0.372131 0.520326
v 0.405047 -0.352496 0.501094
v 0.405047 -0.352496 0.501094
v 0.405047 -0.366063 0.519385
v 0.405047 -0.366063 0.519385
v 0.405047 -0.360590 0.516653
v 0.405047 -0.360590 0.516653
v 0.405047 -0.356246 0.512398
v 0.405047 -0.356246 0.512398
v 0.405047 -0.353457 0.507037
v 0.405047 -0.353457 0.507037
v 0.063345 0.284948 0.260163
v 0.063345 0.284948 0.260163
v 0.028093 0.308514 0.260163
v 0.028093 0.308514 0.260163
v 0.059084 0.292231 0.260163
v 0.059084 0.292231 0.260163
v 0.052744 0.298800 0.260163
v 0.052744 0.298800 0.260163
v 0.044945 0.304014 0.260163
v 0.044945 0.304014 0.260163
v 0.036451 0.307361 0.260163
v 0.036451 0.307361 0.260163
v 0.028093 0.308514 0.482125
v 0.028093 0.308514 0.482125
v 0.028093 0.308514 0.482125
v 0.063345 0.284948 0.482125
v 0.063345 0.284948 0.482125
v 0.063345 0.284948 0.482125
v 0.053596 0.308514 0.507628
v 0.053596 0.308514 0.507628
v 0.053596 0.308514 0.507628
v 0.053596 0.308514 0.507628
v 0.053596 0.308514 0.507628
v 0.053596 0.308514 0.507628
v 0.053596 0.308514 0.507628
v 0.036451 0.307361 0.482125
v 0.036451 0.307361 0.482125
v 0.036451 0.307361 0.482125
v 0.036451 0.307361 0.482125
v 0.044945 0.304014 0.482125
v 0.044945 0.304014 0.482125
v 0.044945 0.304014 0.482125
v 0.044945 0.304014 0.482125
v 0.052744 0.298800 0.482125
v 0.052744 0.298800 0.482125
v 0.052744 0.298800 0.482125
v 0.052744 0.298800 0.482125
v 0.059084 0.292231 0.482125
v 0.059084 0.292231 0.482125
v 0.059084 0.292231 0.482125
v 0.059084 0.292231 0.482125
v 0.319792 -0.417609 -0.520326
v 0.319792 -0.417609 -0.520326
v 0.319792 -0.417609 -0.520326
v -0.673876 -0.417610 -0.520326
v -2.074346 -0.417611 -0.520326
v 0.319792 -0.442989 -0.520326
v -0.673876 -0.442990 -0.520326
v -2.074346 -0.442991 -0.520326
v 0.958807 -0.499597 -0.520326
v 0.958807 -0.499597 -0.735105
v 0.958807 -0.499597 -0.735105
v 0.996060 -0.667301 -0.520326
v 0.996060 -0.667301 -0.735105
v 0.996060 -0.667301 -0.735105
v -1.150851 -0.417610 -0.520326
v -1.150851 -0.442990 -0.520326
v -1.859053 -0.417611 -0.520326
v -1.859053 -0.442991 -0.520326
v 0.842300 -0.399329 -0.009016
v 0.842300 -0.440865 -0.009016
v 0.842300 -0.440865 -0.251147
v 0.842300 -0.399329 -0.251147
v 0.405047 -0.430119 -0.520326
v 0.405047 -0.430119 -0.520326
v 0.958807 -0.499597 -0.603697
v 0.319792 -0.417609 -0.603697
v 0.319792 -0.417609 -0.603697
v 0.996060 -0.667301 -0.603697
v 0.405047 -0.430119 -0.603697
v 0.405047 -0.430119 -0.603697
v -0.075881 0.418706 -0.527049
v -0.075881 0.418706 -0.527049
v -0.075881 0.418706 -0.527049
v -0.075881 0.418706 -0.527049
v 0.009375 0.406196 -0.527049
v 0.009375 0.406196 -0.527049
v 0.009375 0.406196 -0.527049
v 0.009375 0.406196 -0.527049
v -0.075881 0.418706 -0.610420
v -0.075881 0.418706 -0.610420
v -0.075881 0.418706 -0.610420
v -0.075881 0.418706 -0.610420
v 0.009375 0.406196 -0.610420
v 0.009375 0.406196 -0.610420
v 0.009375 0.406196 -0.610420
v 0.009375 0.406196 -0.610420
v -0.088127 0.554504 -0.505105
v -0.088127 0.554504 -0.505105
v -0.088127 0.554504 -0.505105
v -0.088127 0.554504 -0.505105
v 0.042008 0.535409 -0.505105
v 0.042008 0.535409 -0.505105
v 0.042008 0.535409 -0.505105
v 0.042008 0.535409 -0.505105
v -0.088127 0.554504 -0.632363
v -0.088127 0.554504 -0.632363
v -0.088127 0.554504 -0.632363
v -0.088127 0.554504 -0.632363
v 0.042008 0.535409 -0.632363
v 0.042008 0.535409 -0.632363
v 0.042008 0.535409 -0.632363
v 0.042008 0.535409 -0.632363
v -0.086208 0.567580 -0.505105
v -0.086208 0.567580 -0.505105
v -0.086208 0.567580 -0.505105
v 0.043926 0.548485 -0.505105
v 0.043926 0.548485 -0.505105
v 0.043926 0.548485 -0.505105
v -0.086208 0.567580 -0.632363
v -0.086208 0.567580 -0.632363
v -0.086208 0.567580 -0.632363
v 0.043926 0.548485 -0.632363
v 0.043926 0.548485 -0.632363
v 0.043926 0.548485 -0.632363
v -0.072857 0.565621 -0.518161
v -0.072857 0.565621 -0.518161
v -0.072857 0.565621 -0.518161
v 0.030575 0.550444 -0.518161
v 0.030575 0.550444 -0.518161
v 0.030575 0.550444 -0.518161
v -0.072857 0.565621 -0.619307
v -0.072857 0.565621 -0.619307
v 0.030575 0.550444 -0.619307
v 0.030575 0.550444 -0.619307
v -0.075043 0.550721 -0.518161
v -0.075043 0.550721 -0.518161
v -0.075043 0.550721 -0.518161
v 0.028389 0.535544 -0.518161
v 0.028389 0.535544 -0.518161
v 0.028389 0.535544 -0.518161
v -0.075043 0.550721 -0.619307
v -0.075043 0.550721 -0.619307
v 0.028389 0.535544 -0.619307
v 0.028389 0.535544 -0.619307
v 0.325913 -0.262856 -0.605041
v 0.325913 -0.262856 -0.605041
v 0.246778 -0.095593 -0.606386
v 0.246778 -0.095593 -0.606386
v 0.167644 0.071670 -0.607731
v 0.167644 0.071670 -0.607731
v 0.088509 0.238933 -0.609075
v 0.088509 0.238933 -0.609075
v 0.088509 0.238933 -0.525704
v 0.088509 0.238933 -0.525704
v 0.167644 0.071670 -0.524360
v 0.167644 0.071670 -0.524360
v 0.246778 -0.095593 -0.523015
v 0.246778 -0.095593 -0.523015
v 0.325913 -0.262856 -0.521670
v 0.325913 -0.262856 -0.521670
v 0.240657 -0.250346 -0.605041
v 0.240657 -0.250346 -0.605041
v 0.161523 -0.083083 -0.606386
v 0.161523 -0.083083 -0.606386
v 0.082388 0.084180 -0.607731
v 0.082388 0.084180 -0.607731
v 0.003254 0.251443 -0.609075
v 0.003254 0.251443 -0.609075
v 0.003254 0.251443 -0.525704
v 0.003254 0.251443 -0.525704
v 0.082388 0.084180 -0.524360
v 0.082388 0.084180 -0.524360
v 0.161523 -0.083083 -0.523015
v 0.161523 -0.083083 -0.523015
v 0.240657 -0.250346 -0.521670
v 0.240657 -0.250346 -0.521670
v 1.024764 -0.521204 -0.606155
v 1.024764 -0.521204 -0.606155
v 1.024764 -0.521204 -0.535582
v 1.024764 -0.521204 -0.535582
v 1.024764 -0.521204 -0.535582
v 1.039109 -0.642396 -0.606155
v 1.039109 -0.642396 -0.606155
v 1.039109 -0.642396 -0.535582
v 1.039109 -0.642396 -0.535582
v 1.039109 -0.642396 -0.535582
v 1.039109 -0.642396 -0.717392
v 1.039109 -0.642396 -0.717392
v 1.039109 -0.642396 -0.717392
v 1.039109 -0.642396 -0.717392
v 1.039109 -0.642396 -0.717392
v 1.024764 -0.521204 -0.717392
v 1.024764 -0.521204 -0.717392
v 1.024764 -0.521204 -0.717392
v 1.024764 -0.521204 -0.717392
v 1.023568 -0.533084 -0.608812
v 1.023568 -0.533084 -0.608812
v 1.023568 -0.533084 -0.552076
v 1.023568 -0.533084 -0.552076
v 1.023568 -0.533084 -0.552076
v 1.023568 -0.533084 -0.552076
v 1.035100 -0.630515 -0.608812
v 1.035100 -0.630515 -0.608812
v 1.035100 -0.630515 -0.552076
v 1.035100 -0.630515 -0.552076
v 1.035100 -0.630515 -0.552076
v 1.035100 -0.630515 -0.552076
v 1.035100 -0.630515 -0.698240
v 1.035100 -0.630515 -0.698240
v 1.035100 -0.630515 -0.698240
v 1.035100 -0.630515 -0.698240
v 1.023568 -0.533084 -0.698240
v 1.023568 -0.533084 -0.698240
v 1.023568 -0.533084 -0.698240
v 1.023568 -0.533084 -0.698240
v 1.023568 -0.533084 -0.698240
v 1.008711 -0.534843 -0.608812
v 1.008711 -0.534843 -0.552076
v 1.008711 -0.534843 -0.552076
v 1.020243 -0.632274 -0.608812
v 1.020243 -0.632274 -0.552076
v 1.020243 -0.632274 -0.552076
v 1.020243 -0.632274 -0.698240
v 1.020243 -0.632274 -0.698240
v 1.008711 -0.534843 -0.698240
v 1.008711 -0.534843 -0.698240
v 0.319792 -0.417609 0.520326
v 0.319792 -0.417609 0.520326
v 0.319792 -0.417609 0.520326
v -0.673876 -0.417610 0.520326
v -2.074346 -0.417611 0.520326
v 0.319792 -0.442989 0.520326
v -0.673876 -0.442990 0.520326
v -2.074346 -0.442991 0.520326
v 0.958807 -0.499597 0.520326
v 0.958807 -0.499597 0.735105
v 0.958807 -0.499597 0.735105
v 0.996060 -0.667301 0.520326
v 0.996060 -0.667301 0.735105
v 0.996060 -0.667301 0.735105
v -1.150851 -0.417610 0.520326
v -1.150851 -0.442990 0.520326
v -1.859053 -0.417611 0.520326
v -1.859053 -0.442991 0.520326
v 0.842300 -0.399329 0.009016
v 0.842300 -0.440865 0.009016
v 0.842300 -0.440865 0.251147
v 0.842300 -0.399329 0.251147
v 0.405047 -0.430119 0.520326
v 0.405047 -0.430119 0.520326
v 0.958807 -0.499597 0.603697
v 0.319792 -0.417609 0.603697
v 0.319792 -0.417609 0.603697
v 0.996060 -0.667301 0.603697
v 0.405047 -0.430119 0.603697
v 0.405047 -0.430119 0.603697
v -0.075881 0.418706 0.527049
v -0.075881 0.418706 0.527049
v -0.075881 0.418706 0.527049
v -0.075881 0.418706 0.527049
v 0.009375 0.406196 0.527049
v 0.009375 0.406196 0.527049
v 0.009375 0.406196 0.527049
v 0.009375 0.406196 0.527049
v -0.075881 0.418706 0.610420
v -0.075881 0.418706 0.610420
v -0.075881 0.418706 0.610420
v -0.075881 0.418706 0.610420
v 0.009375 0.406196 0.610420
v 0.009375 0.406196 0.610420
v 0.009375 0.406196 0.610420
v 0.009375 0.406196 0.610420
v -0.088127 0.554504 0.505105
v -0.088127 0.554504 0.505105
v -0.088127 0.554504 0.505105
v -0.088127 0.554504 0.505105
v 0.042008 0.535409 0.505105
v 0.042008 0.535409 0.505105
v 0.042008 0.535409 0.505105
v 0.042008 0.535409 0.505105
v -0.088127 0.554504 0.632363
v -0.088127 0.554504 0.632363
v -0.088127 0.554504 0.632363
v -0.088127 0.554504 0.632363
v 0.042008 0.535409 0.632363
v 0.042008 0.535409 0.632363
v 0.042008 0.535409 0.632363
v 0.042008 0.535409 0.632363
v -0.086208 0.567580 0.505105
v -0.086208 0.567580 0.505105
v -0.086208 0.567580 0.505105
v 0.043926 0.548485 0.505105
v 0.043926 0.548485 0.505105
v 0.043926 0.548485 0.505105
v -0.086208 0.567580 0.632363
v -0.086208 0.567580 0.632363
v -0.086208 0.567580 0.632363
v 0.043926 0.548485 0.632363
v 0.043926 0.548485 0.632363
v 0.043926 0.548485 0.632363
v -0.072857 0.565621 0.518161
v -0.072857 0.565621 0.518161
v -0.072857 0.565621 0.518161
v 0.030575 0.550444 0.518161
v 0.030575 0.550444 0.518161
v 0.030575 0.550444 0.518161
v -0.072857 0.565621 0.619307
v -0.072857 0.565621 0.619307
v 0.030575 0.550444 0.619307
v 0.030575 0.550444 0.619307
v -0.075043 0.550721 0.518161
v -0.075043 0.550721 0.518161
v -0.075043 0.550721 0.518161
v 0.028389 0.535544 0.518161
v 0.028389 0.535544 0.518161
v 0.028389 0.535544 0.518161
v -0.075043 0.550721 0.619307
v -0.075043 0.550721 0.619307
v 0.028389 0.535544 0.619307
v 0.028389 0.535544 0.619307
v 0.325913 -0.262856 0.605041
v 0.325913 -0.262856 0.605041
v 0.246778 -0.095593 0.606386
v 0.246778 -0.095593 0.606386
v 0.167644 0.071670 0.607731
v 0.167644 0.071670 0.607731
v 0.088509 0.238933 0.609075
v 0.088509 0.238933 0.609075
v 0.088509 0.238933 0.525704
v 0.088509 0.238933 0.525704
v 0.167644 0.071670 0.524360
v 0.167644 0.071670 0.524360
v 0.246778 -0.095593 0.523015
v 0.246778 -0.095593 0.523015
v 0.325913 -0.262856 0.521670
v 0.325913 -0.262856 0.521670
v 0.240657 -0.250346 0.605041
v 0.240657 -0.250346 0.605041
v 0.161523 -0.083083 0.606386
v 0.161523 -0.083083 0.606386
v 0.082388 0.084180 0.607731
v 0.082388 0.084180 0.607731
v 0.003254 0.251443 0.609075
v 0.003254 0.251443 0.609075
v 0.003254 0.251443 0.525704
v 0.003254 0.251443 0.525704
v 0.082388 0.084180 0.524360
v 0.082388 0.084180 0.524360
v 0.161523 -0.083083 0.523015
v 0.161523 -0.083083 0.523015
v 0.240657 -0.250346 0.521670
v 0.240657 -0.250346 0.521670
v 1.024764 -0.521204 0.606155
v 1.024764 -0.521204 0.606155
v 1.024764 -0.521204 0.535582
v 1.024764 -0.521204 0.535582
v 1.024764 -0.521204 0.535582
v 1.039109 -0.642396 0.606155
v 1.039109 -0.642396 0.606155
v 1.039109 -0.642396 0.535582
v 1.039109 -0.642396 0.535582
v 1.039109 -0.642396 0.535582
v 1.039109 -0.642396 0.717392
v 1.039109 -0.642396 0.717392
v 1.039109 -0.642396 0.717392
v 1.039109 -0.642396 0.717392
v 1.039109 -0.642396 0.717392
v 1.024764 -0.521204 0.717392
v 1.024764 -0.521204 0.717392
v 1.024764 -0.521204 0.717392
v 1.024764 -0.521204 0.717392
v 1.023568 -0.533084 0.608812
v 1.023568 -0.533084 0.608812
v 1.023568 -0.533084 0.552076
v 1.023568 -0.533084 0.552076
v 1.023568 -0.533084 0.552076
v 1.023568 -0.533084 0.552076
v 1.035100 -0.630515 0.608812
v 1.035100 -0.630515 0.608812
v 1.035100 -0.630515 0.552076
v 1.035100 -0.630515 0.552076
v 1.035100 -0.630515 0.552076
v 1.035100 -0.630515 0.552076
v 1.035100 -0.630515 0.698240
v 1.035100 -0.630515 0.698240
v 1.035100 -0.630515 0.698240
v 1.035100 -0.630515 0.698240
v 1.023568 -0.533084 0.698240
v 1.023568 -0.533084 0.698240
v 1.023568 -0.533084 0.698240
v 1.023568 -0.533084 0.698240
v 1.023568 -0.533084 0.698240
v 1.008711 -0.534843 0.608812
v 1.008711 -0.534843 0.552076
v 1.008711 -0.534843 0.552076
v 1.020243 -0.632274 0.608812
v 1.020243 -0.632274 0.552076
v 1.020243 -0.632274 0.552076
v 1.020243 -0.632274 0.698240
v 1.020243 -0.632274 0.698240
v 1.008711 -0.534843 0.698240
v 1.008711 -0.534843 0.698240
v 0.278157 -0.307129 -0.499291
v -0.639389 -0.307129 -0.499291
v 0.034990 0.280682 -0.499291
v -0.512408 0.280682 -0.499291
v 0.047955 0.249340 -0.499291
v -0.519178 0.249340 -0.499291
v 0.267830 -0.282166 -0.499291
v -0.633996 -0.282166 -0.499291
v 0.293879 -0.313677 0.000000
v 0.053182 0.268162 0.000000
v 0.293879 -0.313677 -0.260163
v 0.053182 0.268162 -0.260163
v 0.053182 0.268162 -0.482125
v 0.293879 -0.313677 -0.482125
v 0.278157 -0.307129 0.499291
v -0.639389 -0.307129 0.499291
v 0.034990 0.280682 0.499291
v -0.512408 0.280682 0.499291
v 0.047955 0.249340 0.499291
v -0.519178 0.249340 0.499291
v 0.267830 -0.282166 0.499291
v -0.633996 -0.282166 0.499291
v 0.293879 -0.313677 0.260163
v 0.053182 0.268162 0.260163
v 0.053182 0.268162 0.482125
v 0.293879 -0.313677 0.482125
v 0.319792 -0.417609 -0.520326
v 0.319792 -0.442989 -0.520326
v 0.319792 -0.442989 -0.520326
v 0.958807 -0.499597 -0.520326
v 0.878552 -0.514864 -0.520326
v 0.878552 -0.514864 -0.520326
v 0.319792 -0.442989 -0.735105
v 0.319792 -0.442989 -0.735105
v 0.319792 -0.442989 -0.735105
v 0.319792 -0.417609 -0.735105
v 0.319792 -0.417609 -0.735105
v 0.319792 -0.417609 -0.735105
v 0.958807 -0.499597 -0.735105
v 0.958807 -0.499597 -0.735105
v 0.878552 -0.514864 -0.735105
v 0.878552 -0.514864 -0.735105
v 0.878552 -0.514864 -0.735105
v 0.996060 -0.667301 -0.520326
v 0.975753 -0.658033 -0.520326
v 0.975753 -0.658033 -0.520326
v 0.996060 -0.667301 -0.735105
v 0.996060 -0.667301 -0.735105
v 0.975753 -0.658033 -0.735105
v 0.975753 -0.658033 -0.735105
v 0.975753 -0.658033 -0.735105
v 0.247419 -0.531505 -0.520326
v 0.247419 -0.531505 -0.520326
v 0.247419 -0.506125 -0.520326
v 0.247419 -0.506125 -0.520326
v 0.247419 -0.531505 -0.735105
v 0.247419 -0.531505 -0.735105
v 0.247419 -0.531505 -0.735105
v 0.247419 -0.506125 -0.735105
v 0.247419 -0.506125 -0.735105
v 0.247419 -0.506125 -0.735105
v -1.150851 -0.417610 -0.520326
v -1.150851 -0.417610 -0.520326
v -1.150851 -0.417610 -0.520326
v -1.150851 -0.442990 -0.520326
v -1.150851 -0.442990 -0.520326
v -1.150851 -0.442990 -0.520326
v -1.859053 -0.417611 -0.520326
v -1.859053 -0.417611 -0.520326
v -1.859053 -0.417611 -0.520326
v -1.859053 -0.442991 -0.520326
v -1.859053 -0.442991 -0.520326
v -1.859053 -0.442991 -0.520326
v -1.150851 -0.442990 -0.869802
v -1.150851 -0.442990 -0.869802
v -1.150851 -0.442990 -0.869802
v -1.150851 -0.417610 -0.869802
v -1.150851 -0.417610 -0.869802
v -1.150851 -0.417610 -0.869802
v -1.859053 -0.417611 -0.869802
v -1.859053 -0.417611 -0.869802
v -1.859053 -0.417611 -0.869802
v -1.859053 -0.442991 -0.869802
v -1.859053 -0.442991 -0.869802
v -1.859053 -0.442991 -0.869802
v -1.023061 -0.543662 -0.520326
v -1.023061 -0.543662 -0.520326
v -1.023061 -0.543662 -0.520326
v -1.023061 -0.518282 -0.520326
v -1.023061 -0.518282 -0.520326
v -1.023061 -0.518282 -0.520326
v -1.023061 -0.543662 -0.869802
v -1.023061 -0.543662 -0.869802
v -1.023061 -0.543662 -0.869802
v -1.023061 -0.518282 -0.869802
v -1.023061 -0.518282 -0.869802
v -1.023061 -0.518282 -0.869802
v -2.003011 -0.658002 -0.520326
v -2.003011 -0.658002 -0.520326
v -2.003011 -0.658002 -0.520326
v -2.003011 -0.632622 -0.520326
v -2.003011 -0.632622 -0.520326
v -2.003011 -0.632622 -0.520326
v -2.003011 -0.658002 -0.869802
v -2.003011 -0.658002 -0.869802
v -2.003011 -0.632622 -0.869802
v -2.003011 -0.632622 -0.869802
v 0.405047 -0.430119 -0.520326
v 0.405047 -0.453956 -0.520326
v 0.405047 -0.430119 -0.735105
v 0.405047 -0.430119 -0.735105
v 0.405047 -0.430119 -0.735105
v 0.405047 -0.453956 -0.735105
v 0.405047 -0.453956 -0.735105
v 0.878552 -0.514864 -0.603697
v 0.878552 -0.514864 -0.603697
v 0.958807 -0.499597 -0.603697
v 0.319792 -0.442989 -0.603697
v 0.319792 -0.442989 -0.603697
v 0.319792 -0.417609 -0.603697
v 0.319792 -0.417609 -0.603697
v 0.975753 -0.658033 -0.603697
v 0.975753 -0.658033 -0.603697
v 0.996060 -0.667301 -0.603697
v 0.247419 -0.531505 -0.603697
v 0.247419 -0.531505 -0.603697
v 0.247419 -0.506125 -0.603697
v 0.247419 -0.506125 -0.603697
v 0.405047 -0.430119 -0.603697
v 0.405047 -0.430119 -0.603697
v 0.405047 -0.453956 -0.603697
v 0.319792 -0.417609 0.520326
v 0.319792 -0.442989 0.520326
v 0.319792 -0.442989 0.520326
v 0.958807 -0.499597 0.520326
v 0.878552 -0.514864 0.520326
v 0.878552 -0.514864 0.520326
v 0.319792 -0.442989 0.735105
v 0.319792 -0.442989 0.735105
v 0.319792 -0.442989 0.735105
v 0.319792 -0.417609 0.735105
v 0.319792 -0.417609 0.735105
v 0.319792 -0.417609 0.735105
v 0.958807 -0.499597 0.735105
v 0.958807 -0.499597 0.735105
v 0.878552 -0.514864 0.735105
v 0.878552 -0.514864 0.735105
v 0.878552 -0.514864 0.735105
v 0.996060 -0.667301 0.520326
v 0.975753 -0.658033 0.520326
v 0.975753 -0.658033 0.520326
v 0.996060 -0.667301 0.735105
v 0.996060 -0.667301 0.735105
v 0.975753 -0.658033 0.735105
v 0.975753 -0.658033 0.735105
v 0.975753 -0.658033 0.735105
v 0.247419 -0.531505 0.520326
v 0.247419 -0.531505 0.520326
v 0.247419 -0.506125 0.520326
v 0.247419 -0.506125 0.520326
v 0.247419 -0.531505 0.735105
v 0.247419 -0.531505 0.735105
v 0.247419 -0.531505 0.735105
v 0.247419 -0.506125 0.735105
v 0.247419 -0.506125 0.735105
v 0.247419 -0.506125 0.735105
v -1.150851 -0.417610 0.520326
v -1.150851 -0.417610 0.520326
v -1.150851 -0.417610 0.520326
v -1.150851 -0.442990 0.520326
v -1.150851 -0.442990 0.520326
v -1.150851 -0.442990 0.520326
v -1.859053 -0.417611 0.520326
v -1.859053 -0.417611 0.520326
v -1.859053 -0.417611 0.520326
v -1.859053 -0.442991 0.520326
v -1.859053 -0.442991 0.520326
v -1.859053 -0.442991 0.520326
v -1.150851 -0.442990 0.869802
v -1.150851 -0.442990 0.869802
v -1.150851 -0.442990 0.869802
v -1.150851 -0.417610 0.869802
v -1.150851 -0.417610 0.869802
v -1.150851 -0.417610 0.869802
v -1.859053 -0.417611 0.869802
v -1.859053 -0.417611 0.869802
v -1.859053 -0.417611 0.869802
v -1.859053 -0.442991 0.869802
v -1.859053 -0.442991 0.869802
v -1.859053 -0.442991 0.869802
v -1.023061 -0.543662 0.520326
v -1.023061 -0.543662 0.520326
v -1.023061 -0.543662 0.520326
v -1.023061 -0.518282 0.520326
v -1.023061 -0.518282 0.520326
v -1.023061 -0.518282 0.520326
v -1.023061 -0.543662 0.869802
v -1.023061 -0.543662 0.869802
v -1.023061 -0.543662 0.869802
v -1.023061 -0.518282 0.869802
v -1.023061 -0.518282 0.869802
v -1.023061 -0.518282 0.869802
v -2.003011 -0.658002 0.520326
v -2.003011 -0.658002 0.520326
v -2.003011 -0.658002 0.520326
v -2.003011 -0.632622 0.520326
v -2.003011 -0.632622 0.520326
v -2.003011 -0.632622 0.520326
v -2.003011 -0.658002 0.869802
v -2.003011 -0.658002 0.869802
v -2.003011 -0.632622 0.869802
v -2.003011 -0.632622 0.869802
v 0.405047 -0.430119 0.520326
v 0.405047 -0.453956 0.520326
v 0.405047 -0.430119 0.735105
v 0.405047 -0.430119 0.735105
v 0.405047 -0.430119 0.735105
v 0.405047 -0.453956 0.735105
v 0.405047 -0.453956 0.735105
v 0.878552 -0.514864 0.603697
v 0.878552 -0.514864 0.603697
v 0.958807 -0.499597 0.603697
v 0.319792 -0.442989 0.603697
v 0.319792 -0.442989 0.603697
v 0.319792 -0.417609 0.603697
v 0.319792 -0.417609 0.603697
v 0.975753 -0.658033 0.603697
v 0.975753 -0.658033 0.603697
v 0.996060 -0.667301 0.603697
v 0.247419 -0.531505 0.603697
v 0.247419 -0.531505 0.603697
v 0.247419 -0.506125 0.603697
v 0.247419 -0.506125 0.603697
v 0.405047 -0.430119 0.603697
v 0.405047 -0.430119 0.603697
v 0.405047 -0.453956 0.603697
v 1.008711 -0.534843 -0.608812
v 1.008711 -0.534843 -0.552076
v 1.020243 -0.632274 -0.608812
v 1.020243 -0.632274 -0.552076
v 1.020243 -0.632274 -0.698240
v 1.008711 -0.534843 -0.698240
v 1.008711 -0.534843 0.608812
v 1.008711 -0.534843 0.552076
v 1.020243 -0.632274 0.608812
v 1.020243 -0.632274 0.552076
v 1.020243 -0.632274 0.698240
v 1.008711 -0.534843 0.698240
vn -0.0000 -0.0000 -1.0000
vn 0.8421 -0.5393 -0.0000
vn -0.1235 -0.9923 -0.0000
vn -0.0000 -1.0000 -0.0000
vn 0.9241 0.3823 -0.0000
vn -0.0000 1.0000 -0.0000
vn -1.0000 -0.0000 -0.0000
vn -1.0000 -0.0000 -0.0001
vn -0.9775 0.2112 -0.0000
vn 0.2015 0.9795 -0.0000
vn 0.0455 -0.7061 -0.7066
vn -0.0000 -0.7069 -0.7073
vn -0.0000 -0.7069 -0.7074
vn -0.0486 -0.7810 -0.6226
vn 0.0644 -0.9979 -0.0000
vn 0.8421 0.3812 0.3815
vn 0.8421 -0.0000 -0.5393
vn 0.8421 0.5393 -0.0000
vn 1.0000 -0.0000 -0.0000
vn -0.0000 -0.0000 1.0000
vn -0.0000 0.7068 0.7074
vn 0.8421 -0.0000 0.5393
vn -0.9241 -0.3823 -0.0000
vn 0.9775 -0.2112 -0.0000
vn 0.0986 0.9951 -0.0000
vn 0.5480 0.8365 -0.0000
vn 0.5480 -0.0000 0.8365
vn 0.5480 -0.8365 -0.0000
vn 0.5480 -0.0000 -0.8365
vn 0.3823 -0.9241 -0.0000
vn 0.8421 -0.0000 0.5394
vn -0.3823 0.9241 -0.0000
vn 0.2679 0.0478 0.9623
vn 0.8143 -0.0890 0.5735
vn 0.7746 -0.2824 0.5659
vn 0.7584 -0.4561 0.4656
vn 0.7748 -0.5609 0.2918
vn 0.8145 -0.5728 0.0926
vn 0.5396 0.1486 -0.8287
vn 0.5395 0.1486 -0.8288
vn 0.1990 0.9674 -0.1564
vn 0.1795 0.8727 -0.4540
vn 0.1424 0.6926 -0.7071
vn 0.0915 0.4447 -0.8910
vn 0.0315 0.1532 -0.9877
vn 0.1354 0.9815 0.1354
vn 0.3523 0.8939 0.2772
vn 0.5269 0.7882 0.3178
vn 0.6913 0.6672 0.2772
vn 0.8552 0.5003 0.1354
vn 0.8631 0.5050 -0.0000
vn 0.7196 0.6944 -0.0000
vn 0.5558 0.8313 -0.0000
vn 0.3666 0.9304 -0.0000
vn 0.1367 0.9906 -0.0000
vn -1.0000 -0.0000 0.0001
vn 0.0455 -0.7061 0.7066
vn -0.0000 -0.7069 0.7074
vn -0.0000 -0.7069 0.7073
vn -0.0486 -0.7810 0.6226
vn 0.8421 0.3812 -0.3815
vn -0.0000 0.7068 -0.7074
vn 0.2679 0.0478 -0.9623
vn 0.8143 -0.0890 -0.5735
vn 0.7746 -0.2824 -0.5659
vn 0.7584 -0.4561 -0.4656
vn 0.7748 -0.5609 -0.2918
vn 0.8145 -0.5728 -0.0926
vn 0.5396 0.1486 0.8287
vn 0.1990 0.9674 0.1564
vn 0.1795 0.8727 0.4540
vn 0.1424 0.6926 0.7071
vn 0.0915 0.4447 0.8910
vn 0.0315 0.1532 0.9877
vn 0.1354 0.9815 -0.1354
vn 0.3523 0.8939 -0.2772
vn 0.5269 0.7882 -0.3178
vn 0.6913 0.6672 -0.2772
vn 0.8552 0.5003 -0.1354
vn 0.9950 -0.1002 -0.0000
vn 0.9039 0.4277 -0.0000
vn 0.3071 0.0549 -0.9501
vn 0.9696 -0.2449 -0.0000
vn -0.0013 -0.0086 -1.0000
vn 0.0013 0.0086 1.0000
vn -0.9039 -0.4277 -0.0000
vn 0.9894 -0.1452 -0.0000
vn -0.0237 -0.1616 0.9866
vn -0.0237 -0.1616 -0.9866
vn -0.9960 -0.0898 -0.0000
vn 0.1452 0.9894 -0.0000
vn -0.9894 0.1452 -0.0000
vn 0.5008 -0.8656 -0.0000
vn 0.3113 0.9503 -0.0000
vn -0.1175 0.9931 -0.0000
vn 0.9811 0.1161 -0.1548
vn 0.9475 0.3197 -0.0000
vn 0.9842 0.1165 0.1337
vn 0.9841 0.1165 0.1337
vn 0.1175 -0.9931 -0.0000
vn 0.3071 0.0549 0.9501
vn -0.0013 -0.0086 1.0000
vn 0.0013 0.0086 -1.0000
vn 0.9811 0.1161 0.1548
vn 0.9841 0.1165 -0.1337
vn 0.9842 0.1165 -0.1337
vn -0.1276 -0.9918 -0.0000
vn 0.7742 -0.6330 -0.0000
vn 0.1245 0.9922 -0.0000
vn -0.4152 -0.9097 -0.0000
vn -0.8273 -0.5617 -0.0000
vn -0.7742 0.6330 -0.0000
vn -0.8309 0.5564 -0.0000
vn 0.6188 0.7855 -0.0000
vn -0.6188 -0.7855 -0.0000
vn 0.8309 -0.5564 -0.0000
vn 0.9931 0.1175 -0.0000
vt 0.606196 0.871541
vt 0.393804 0.871541
vt 0.606196 0.753459
vt 0.608823 0.752976
vt 0.625000 0.754620
vt 0.625000 0.759177
vt 0.606196 0.762128
vt 0.359180 0.500000
vt 0.250000 0.500000
vt 0.359180 0.500000
vt 0.634177 0.500000
vt 0.625000 0.500000
vt 0.628050 0.500000
vt 0.625000 0.490823
vt 0.625000 0.490823
vt 0.375000 0.484179
vt 0.375000 0.375000
vt 0.625000 0.375000
vt 0.625000 0.437500
vt 0.564277 0.500000
vt 0.412040 0.500000
vt 0.578543 0.500000
vt 0.412040 0.500000
vt 0.687500 0.648983
vt 0.750000 0.648983
vt 0.750000 0.750000
vt 0.687500 0.750000
vt 0.564278 0.500000
vt 0.412044 0.500000
vt 0.412041 0.500000
vt 0.564277 0.500000
vt 0.359180 0.522732
vt 0.416501 0.522732
vt 0.250000 0.648983
vt 0.359180 0.648983
vt 0.359180 0.750000
vt 0.250000 0.750000
vt 0.375000 0.765821
vt 0.461061 0.750000
vt 0.468846 0.753459
vt 0.393804 0.767254
vt 0.584916 0.648983
vt 0.601302 0.648983
vt 0.599360 0.750000
vt 0.589237 0.750000
vt 0.625000 0.812500
vt 0.625000 0.875000
vt 0.606196 0.812500
vt 0.375000 0.875000
vt 0.567032 0.753459
vt 0.576233 0.753459
vt 0.606196 0.762128
vt 0.576233 0.753459
vt 0.567032 0.753459
vt 0.578255 0.750000
vt 0.625000 0.500000
vt 0.578543 0.500000
vt 0.572607 0.648983
vt 0.441255 0.648983
vt 0.565549 0.522732
vt 0.250000 0.522732
vt 0.687500 0.522732
vt 0.687500 0.500000
vt 0.687500 0.522732
vt 0.578544 0.500000
vt 0.578543 0.500000
vt 0.578543 0.500000
vt 0.412041 0.500000
vt 0.564277 0.500000
vt 0.613963 0.500000
vt 0.613495 0.522732
vt 0.579516 0.522732
vt 0.625000 0.500000
vt 0.634177 0.522732
vt 0.634177 0.648983
vt 0.634177 0.750000
vt 0.625000 0.490823
vt 0.750000 0.500000
vt 0.634177 0.500000
vt 0.750000 0.522732
vt 0.689666 0.648983
vt 0.689666 0.648983
vt 0.747834 0.648983
vt 0.747834 0.648983
vt 0.634177 0.500000
vt 0.629620 0.500000
vt 0.579516 0.522732
vt 0.625000 0.490823
vt 0.625000 0.500000
vt 0.629620 0.522732
vt 0.629620 0.648983
vt 0.614362 0.751957
vt 0.612437 0.750226
vt 0.618625 0.751173
vt 0.625000 0.751904
vt 0.625000 0.753192
vt 0.628193 0.500051
vt 0.626905 0.500197
vt 0.625226 0.500714
vt 0.625000 0.501033
vt 0.625882 0.500426
vt 0.629620 0.750000
vt 0.628193 0.750051
vt 0.628192 0.649652
vt 0.626905 0.750197
vt 0.626905 0.651596
vt 0.614431 0.750000
vt 0.615231 0.648983
vt 0.607284 0.750000
vt 0.608625 0.648983
vt 0.628193 0.522782
vt 0.626905 0.522929
vt 0.620257 0.522732
vt 0.617050 0.522732
vt 0.620450 0.500000
vt 0.617374 0.500000
vt 0.750000 0.500000
vt 0.578544 0.500000
vt 0.579516 0.522732
s 0
usemtl Orange
f 1893/2/76 1897/3/76 1904/3/76
f 1893/2/76 1904/3/76 1901/2/76
f 1892/4/77 2165/5/77 2158/6/77
f 2158/6/77 2124/7/77 2126/8/77
f 2158/6/77 2126/8/77 1892/4/77
f 1975/9/78 1971/10/78 1848/10/78
f 1975/9/78 1848/10/78 1877/9/78
f 1862/9/79 1831/10/79 1843/10/79
f 1862/9/79 1843/10/79 1869/11/79
f 2261/12/80 2135/12/80 2083/13/80
f 2083/13/80 1824/13/80 2268/14/80
f 2083/13/80 2268/14/80 2261/12/80
f 1994/13/79 1997/13/79 2003/13/79
f 1994/13/79 2003/13/79 2005/13/79
f 2130/15/81 1979/13/81 1829/13/81
f 2130/15/81 1829/13/81 2120/16/81
f 1878/17/82 1849/18/82 1851/19/82
f 1878/17/82 1851/19/82 2016/20/82
f 1938/21/82 1875/22/82 1878/17/82
f 2121/16/82 1830/13/82 1922/23/82
f 1923/23/83 1939/21/83 1879/17/83
f 1878/17/82 2016/20/82 2121/16/82
f 2121/16/82 1922/23/82 1878/17/82
f 2095/20/84 2086/19/84 1847/19/84
f 2095/20/84 1847/19/84 2014/20/84
f 1977/21/76 1980/24/76 1873/22/76
f 1977/21/76 1873/22/76 1937/21/76
f 2024/25/85 1940/26/85 1839/27/85
f 2024/25/85 1839/27/85 2017/28/85
f 1935/29/76 1865/30/76 1870/31/76
f 1935/29/76 1870/31/76 1936/32/76
f 2066/33/86 1863/9/86 1867/30/86
f 2066/33/86 1867/30/86 2070/34/86
f 1861/9/87 1868/11/87 1872/31/87
f 1860/9/88 1871/31/88 1866/30/88
s 1
f 1974/9/89 1876/9/89 1874/22/89
f 1974/9/89 1874/22/89 1982/24/89
s 0
f 1944/35/90 1946/36/90 1853/37/90
f 1944/35/90 1853/37/90 1835/38/90
f 1854/39/91 1858/40/91 1886/41/91
f 1854/39/91 1886/41/91 1882/42/91
f 1950/43/76 2208/44/76 2150/45/76
f 1950/43/76 2150/45/76 1918/46/76
f 2018/47/77 1842/48/77 1896/2/77
f 2018/47/77 1896/2/77 2020/49/77
f 1841/48/92 1837/50/92 1899/3/92
f 1841/48/92 1899/3/92 1895/2/92
f 1838/50/93 1855/39/93 1883/42/93
f 1838/50/93 1883/42/93 1900/3/93
f 1906/3/94 1912/42/94 1909/41/94
f 1906/3/94 1909/41/94 1933/51/94
f 2022/49/94 1903/2/94 1906/3/94
f 1927/52/94 1915/4/94 2128/53/94
f 2128/53/94 2022/49/94 1906/3/94
f 1906/3/94 1933/51/94 1927/52/94
f 1927/52/94 2128/53/94 1906/3/94
f 1924/54/95 1888/4/95 1913/4/95
f 1924/54/95 1913/4/95 1926/52/95
f 1880/42/96 1885/41/96 1908/41/96
s 1
f 1880/42/96 1908/41/96 1910/42/96
s 0
f 2019/49/79 1894/2/79 1902/2/79
f 2019/49/79 1902/2/79 2021/49/79
f 1898/3/81 1881/42/81 1911/42/81
f 1898/3/81 1911/42/81 1905/3/81
f 1930/55/95 1924/54/95 1926/52/95
f 1930/55/95 1926/52/95 1932/51/95
f 1929/56/97 1919/46/97 1925/54/97
f 1929/56/97 1925/54/97 1931/55/97
f 2105/57/76 2098/13/76 2193/13/76
f 2193/13/76 2191/57/76 1987/57/76
f 2193/13/76 1987/57/76 2105/57/76
f 1978/13/76 1976/58/76 1921/23/76
f 1978/13/76 1921/23/76 1828/13/76
f 1953/59/76 1950/43/76 1918/46/76
f 1953/59/76 1918/46/76 1928/56/76
f 1947/60/76 1953/59/76 1928/56/76
f 1947/60/76 1928/56/76 1856/40/76
f 1859/40/97 1929/56/97 1931/55/97
f 1859/40/97 1931/55/97 1887/41/97
f 1884/41/95 1930/55/95 1932/51/95
f 1884/41/95 1932/51/95 1907/41/95
f 2069/34/76 2072/61/76 1953/59/76
f 2069/34/76 1953/59/76 1947/60/76
f 1949/43/95 1952/59/95 1956/59/95
f 1949/43/95 1956/59/95 1954/43/95
f 2068/62/90 2067/33/90 1946/36/90
f 2068/62/90 1946/36/90 1944/35/90
f 1852/37/86 1945/36/86 1948/60/86
f 1852/37/86 1948/60/86 1857/40/86
s 1
f 2073/63/76 2007/64/81 2035/64/76
s 0
f 2073/63/76 2035/64/76 2076/65/76
f 1934/29/95 1916/66/95 1958/66/95
f 1934/29/95 1958/66/95 1957/29/95
f 1819/13/76 1920/67/76 1967/68/76
f 1819/13/76 1967/68/76 1959/13/76
f 1868/11/87 1963/9/87 1966/69/87
f 1868/11/87 1966/69/87 1872/31/87
f 1936/32/76 1870/31/76 1965/69/76
f 1936/32/76 1965/69/76 1968/70/76
f 2116/15/81 1820/13/81 1960/13/81
f 2116/15/81 1960/13/81 2129/15/81
f 1869/11/79 1843/10/79 1962/10/79
f 1869/11/79 1962/10/79 1964/9/79
f 1959/13/76 1967/68/76 1976/58/76
f 1959/13/76 1976/58/76 1978/13/76
f 1963/9/87 1972/9/87 1981/24/87
f 1963/9/87 1981/24/87 1966/69/87
f 1968/70/76 1965/69/76 1980/24/76
f 1968/70/76 1980/24/76 1977/21/76
f 2129/15/81 1960/13/81 1979/13/81
f 2129/15/81 1979/13/81 2130/15/81
f 1964/9/79 1962/10/79 1970/10/79
f 1964/9/79 1970/10/79 1973/9/79
f 1983/58/76 1984/21/76 1985/21/76
f 1983/58/76 1985/21/76 1986/58/76
f 1819/13/76 2189/13/76 2186/71/76
f 2186/71/76 1917/66/76 1920/67/76
f 2186/71/76 1920/67/76 1819/13/76
f 2084/13/76 1825/13/76 1993/13/76
f 2084/13/76 1993/13/76 2091/13/76
f 1825/13/76 1822/13/76 1996/13/76
f 1825/13/76 1996/13/76 1993/13/76
f 1917/66/76 2186/71/76 2220/72/76
f 1917/66/76 2220/72/76 2071/73/76
f 2106/57/98 1989/57/98 2000/57/98
f 2106/57/98 2000/57/98 2109/57/98
f 2092/13/99 1995/13/99 2006/13/99
f 2092/13/99 2006/13/99 2094/13/99
f 1988/57/81 1991/74/81 2001/74/81
f 1988/57/81 2001/74/81 1999/57/81
f 1961/19/81 2027/20/81 2028/20/81
f 1961/19/81 2028/20/81 1969/19/81
f 1844/19/81 2011/20/81 2027/20/81
f 1844/19/81 2027/20/81 1961/19/81
f 2131/75/85 2074/63/85 2024/25/85
f 2131/75/85 2024/25/85 2122/76/85
f 2125/8/79 2019/49/79 2021/49/79
f 2125/8/79 2021/49/79 2127/53/79
f 2124/7/77 2018/47/77 2020/49/77
f 2124/7/77 2020/49/77 2126/8/77
f 2122/76/85 2024/25/85 2017/28/85
f 2122/76/85 2017/28/85 2123/77/85
f 2132/16/84 2095/20/84 2014/20/84
f 2132/16/84 2014/20/84 2119/78/84
f 1969/19/81 2028/20/81 2015/20/81
f 1969/19/81 2015/20/81 1850/19/81
f 2088/79/80 2097/64/80 2245/64/80
f 2088/79/80 2245/64/80 2233/79/80
f 2246/64/81 2256/80/81 2118/12/81
f 2246/64/81 2118/12/81 2013/64/81
f 2077/65/100 2075/81/100 2031/26/100
f 2077/65/100 2031/26/100 2039/25/100
f 2008/64/81 1833/79/81 2029/79/81
f 2008/64/81 2029/79/81 2036/64/81
f 2046/82/95 2050/83/95 2064/83/95
f 2046/82/95 2064/83/95 2062/82/95
f 1943/26/101 2026/25/101 2049/82/101
f 1943/26/101 2049/82/101 2045/84/101
f 2025/25/102 2040/25/102 2052/83/102
f 2025/25/102 2052/83/102 2048/82/102
f 2041/25/103 2034/26/103 2057/85/103
f 2041/25/103 2057/85/103 2053/83/103
f 2033/26/104 1942/26/104 2044/84/104
f 2033/26/104 2044/84/104 2056/85/104
f 2054/85/76 2042/84/76 2060/84/76
f 2054/85/76 2060/84/76 2058/85/76
f 2051/83/79 2055/85/79 2059/85/79
f 2051/83/79 2059/85/79 2065/83/79
f 2043/84/81 2047/82/81 2063/82/81
f 2043/84/81 2063/82/81 2061/84/81
f 2037/64/100 2030/79/100 2075/81/100
f 2037/64/100 2075/81/100 2077/65/100
f 2114/86/85 2009/64/85 2074/63/85
f 2114/86/85 2074/63/85 2131/75/85
f 2137/12/80 2115/86/80 2185/87/80
f 2185/87/80 2195/13/80 2099/13/80
f 2185/87/80 2099/13/80 2137/12/80
f 2023/25/76 2073/63/76 2076/65/76
f 2023/25/76 2076/65/76 2038/25/76
f 1832/10/90 1864/9/90 2067/33/90
f 1832/10/90 2067/33/90 2068/62/90
f 1865/30/76 1935/29/76 2072/61/76
f 1865/30/76 2072/61/76 2069/34/76
f 1945/36/86 2066/33/86 2070/34/86
f 1945/36/86 2070/34/86 1948/60/86
f 2079/88/95 2078/66/95 2080/66/95
f 2079/88/95 2080/66/95 2081/88/95
f 2096/64/105 2087/79/105 2141/79/105
f 2096/64/105 2141/79/105 2143/64/105
f 2139/89/84 2111/20/84 2095/20/84
f 2139/89/84 2095/20/84 2132/16/84
f 2108/13/99 2092/13/99 2094/13/99
f 2108/13/99 2094/13/99 2110/74/99
f 1998/13/98 2090/13/98 2093/13/98
f 1998/13/98 2093/13/98 2004/13/98
f 1822/13/76 2082/13/76 2089/13/76
f 1822/13/76 2089/13/76 1996/13/76
f 2100/90/76 2084/13/76 2091/13/76
f 2100/90/76 2091/13/76 2107/13/76
f 2111/20/84 2102/19/84 2086/19/84
f 2111/20/84 2086/19/84 2095/20/84
f 2137/12/80 2099/13/80 2083/13/80
f 2137/12/80 2083/13/80 2135/12/80
f 2223/91/85 2131/75/85 2122/76/85
f 2223/91/85 2122/76/85 2211/92/85
f 2012/20/84 1845/19/84 2102/19/84
f 2012/20/84 2102/19/84 2111/20/84
f 1819/13/76 2100/90/76 2107/13/76
f 1819/13/76 2107/13/76 1990/74/76
f 1992/74/99 2108/13/99 2110/74/99
f 1992/74/99 2110/74/99 2002/74/99
f 2117/15/84 2012/20/84 2111/20/84
f 2117/15/84 2111/20/84 2139/89/84
f 1834/79/80 2010/64/80 2112/64/80
f 1834/79/80 2112/64/80 2103/79/80
f 2090/13/98 2106/57/98 2109/57/98
f 2090/13/98 2109/57/98 2093/13/98
f 2082/13/76 2098/13/76 2105/57/76
f 2082/13/76 2105/57/76 2089/13/76
f 1821/13/84 2117/15/84 2139/89/84
f 1821/13/84 2139/89/84 2101/90/84
f 2010/64/80 2115/86/80 2137/12/80
f 2010/64/80 2137/12/80 2112/64/80
f 2136/12/95 2133/12/95 2144/12/95
f 2136/12/95 2144/12/95 2146/12/95
f 2101/90/84 2139/89/84 2132/16/84
f 2101/90/84 2132/16/84 2085/13/84
f 1987/57/76 2191/57/76 2189/13/76
f 2189/13/76 1819/13/76 1990/74/76
f 2189/13/76 1990/74/76 1987/57/76
f 2085/13/84 2132/16/84 2119/78/84
f 2085/13/84 2119/78/84 1827/13/84
f 1925/54/97 1919/46/97 2154/45/97
f 2153/45/106 2164/5/106 1890/4/106
f 2154/45/97 1891/4/97 1925/54/97
f 2183/87/85 2114/86/85 2131/75/85
f 2183/87/85 2131/75/85 2223/91/85
f 1889/4/79 2125/8/79 2127/53/79
f 1889/4/79 2127/53/79 1914/4/79
f 2071/73/76 2220/72/76 2208/44/76
f 2071/73/76 2208/44/76 1950/43/76
f 2027/20/81 2129/15/81 2130/15/81
f 2027/20/81 2130/15/81 2028/20/81
f 2011/20/81 2116/15/81 2129/15/81
f 2011/20/81 2129/15/81 2027/20/81
f 2028/20/81 2130/15/81 2120/16/81
f 2028/20/81 2120/16/81 2015/20/81
f 2097/64/80 2135/12/80 2261/12/80
f 2097/64/80 2261/12/80 2245/64/80
f 2118/12/81 2256/80/81 2262/14/81
f 2262/14/81 1823/13/81 1826/13/81
f 2262/14/81 1826/13/81 2118/12/81
f 2104/79/107 2113/64/107 2142/64/107
f 2104/79/107 2142/64/107 2140/79/107
f 2134/12/105 2096/64/105 2143/64/105
f 2134/12/105 2143/64/105 2145/12/105
f 2113/64/107 2138/12/107 2147/12/107
f 2113/64/107 2147/12/107 2142/64/107
s 1
f 1951/43/108 1955/43/108 2149/43/108
f 1951/43/108 2149/43/108 2148/43/108
s 0
f 2152/93/109 2169/94/109 2162/5/109
f 2168/94/110 2173/95/110 2160/5/110
f 2172/95/111 2176/96/111 2159/5/111
f 2177/96/112 2180/97/112 2161/5/112
f 2181/97/113 2157/6/113 2163/5/113
s 1
f 2194/13/114 2184/87/114 2198/98/114
f 2194/13/114 2198/98/114 2201/99/115
f 2190/13/114 2192/57/114 2194/13/114
f 2207/100/114 2188/101/114 2190/13/114
f 2194/13/114 2201/99/115 2204/102/114
f 2204/102/114 2207/100/114 2190/13/114
f 2204/102/114 2190/13/114 2194/13/114
s 0
f 2210/92/116 2155/103/116 2179/104/116
f 2210/92/116 2179/104/116 2219/105/116
f 2218/105/117 2178/104/117 2175/106/117
f 2218/105/117 2175/106/117 2217/107/117
f 2216/107/118 2174/106/118 2171/108/118
f 2216/107/118 2171/108/118 2215/109/118
f 2214/109/119 2170/108/119 2167/110/119
f 2214/109/119 2167/110/119 2213/111/119
f 2212/111/120 2166/110/120 2151/45/120
f 2212/111/120 2151/45/120 2209/44/120
f 2222/91/116 2210/92/116 2219/105/116
f 2222/91/116 2219/105/116 2231/112/116
f 2230/112/117 2218/105/117 2217/107/117
f 2230/112/117 2217/107/117 2229/113/117
f 2228/113/118 2216/107/118 2215/109/118
f 2228/113/118 2215/109/118 2227/114/118
f 2226/114/119 2214/109/119 2213/111/119
f 2226/114/119 2213/111/119 2225/115/119
f 2224/115/120 2212/111/120 2209/44/120
f 2224/115/120 2209/44/120 2221/72/120
f 2182/87/116 2222/91/116 2231/112/116
f 2182/87/116 2231/112/116 2197/98/116
f 2196/98/117 2230/112/117 2229/113/117
f 2196/98/117 2229/113/117 2200/99/117
f 2199/99/118 2228/113/118 2227/114/118
f 2199/99/118 2227/114/118 2203/116/118
f 2202/116/119 2226/114/119 2225/115/119
f 2202/116/119 2225/115/119 2206/117/119
f 2205/117/120 2224/115/120 2221/72/120
f 2205/117/120 2221/72/120 2187/71/120
f 2211/92/85 2122/76/85 2123/77/85
f 2211/92/85 2123/77/85 2156/103/85
f 2257/80/121 2269/80/121 2263/14/121
f 2271/80/122 2273/80/122 2264/14/122
f 2275/80/123 2277/80/123 2265/14/123
f 2279/80/124 2281/80/124 2266/14/124
f 2283/80/125 2259/12/125 2267/14/125
s 1
f 2232/79/126 2244/64/126 2249/64/126
s 0
f 2232/79/126 2249/64/126 2237/79/126
f 2236/79/127 2248/64/127 2251/64/127
f 2236/79/127 2251/64/127 2239/118/127
f 2238/118/128 2250/64/128 2253/64/128
f 2238/118/128 2253/64/128 2241/79/128
f 2240/79/129 2252/64/129 2255/64/129
f 2240/79/129 2255/64/129 2243/79/129
f 2242/79/130 2254/64/130 2247/64/130
f 2242/79/130 2247/64/130 2235/79/130
f 2244/64/126 2260/12/126 2284/80/126
f 2244/64/126 2284/80/126 2249/64/126
f 2248/64/127 2282/80/127 2280/80/127
f 2248/64/127 2280/80/127 2251/64/127
f 2250/64/128 2278/80/128 2276/80/128
f 2250/64/128 2276/80/128 2253/64/128
f 2252/64/129 2274/80/129 2272/80/129
f 2252/64/129 2272/80/129 2255/64/129
f 2254/64/130 2270/80/130 2258/80/130
f 2254/64/130 2258/80/130 2247/64/130
f 2234/79/81 2246/64/81 2013/64/81
f 2234/79/81 2013/64/81 1846/79/81
f 2337/2/95 2345/2/95 2348/3/95
f 2337/2/95 2348/3/95 2341/3/95
f 2576/6/77 2583/5/77 2336/4/77
f 2336/4/77 2547/8/77 2545/7/77
f 2336/4/77 2545/7/77 2576/6/77
f 2409/9/78 2322/9/78 1848/10/78
f 2409/9/78 1848/10/78 1971/10/78
f 2307/9/79 2314/11/79 1843/10/79
f 2307/9/79 1843/10/79 1831/10/79
f 2510/13/80 2556/12/80 2667/12/80
f 2667/12/80 2674/14/80 2290/13/80
f 2667/12/80 2290/13/80 2510/13/80
f 2428/13/79 2439/13/79 2437/13/79
f 2428/13/79 2437/13/79 2431/13/79
f 2551/15/81 2541/16/81 2295/13/81
f 2551/15/81 2295/13/81 2413/13/81
f 1851/19/82 1849/18/82 2323/17/82
f 2323/17/82 2320/22/82 2382/21/82
f 2366/23/82 2296/13/82 2542/16/82
f 2324/17/131 2383/21/131 2367/23/131
f 2450/20/82 1851/19/82 2323/17/82
f 2366/23/82 2542/16/82 2450/20/82
f 2323/17/82 2366/23/82 2450/20/82
f 2519/20/84 2448/20/84 1847/19/84
f 2519/20/84 1847/19/84 2086/19/84
f 2411/21/95 2381/21/95 2318/22/95
f 2411/21/95 2318/22/95 2414/24/95
f 2458/25/85 2451/28/85 1839/27/85
f 2458/25/85 1839/27/85 1940/26/85
f 2378/29/95 2380/32/95 2315/31/95
f 2378/29/95 2315/31/95 2310/30/95
f 2495/33/132 2498/34/132 2312/30/132
f 2495/33/132 2312/30/132 2308/9/132
f 2305/9/133 2311/30/133 2316/31/133
f 2306/9/134 2317/31/134 2313/11/134
s 1
f 2408/9/135 2416/24/135 2319/22/135
f 2408/9/135 2319/22/135 2321/9/135
s 0
f 1944/35/90 1835/38/90 2298/37/90
f 1944/35/90 2298/37/90 2385/36/90
f 2299/39/136 2327/42/136 2331/41/136
f 2299/39/136 2331/41/136 2303/40/136
f 2388/43/95 2362/46/95 2569/45/95
f 2388/43/95 2569/45/95 2626/44/95
f 2452/47/77 2454/49/77 2340/2/77
f 2452/47/77 2340/2/77 1842/48/77
f 1840/48/97 2339/2/97 2343/3/97
f 1840/48/97 2343/3/97 1836/50/97
f 1838/50/93 2344/3/93 2328/42/93
f 1838/50/93 2328/42/93 2300/39/93
f 2353/41/94 2356/42/94 2350/3/94
f 2350/3/94 2347/2/94 2456/49/94
f 2549/53/94 2359/4/94 2371/52/94
f 2350/3/94 2456/49/94 2549/53/94
f 2377/51/94 2353/41/94 2350/3/94
f 2549/53/94 2371/52/94 2377/51/94
f 2350/3/94 2549/53/94 2377/51/94
f 2368/54/76 2370/52/76 2357/4/76
f 2368/54/76 2357/4/76 2333/4/76
s 1
f 2325/42/137 2354/42/137 2352/41/137
s 0
f 2325/42/137 2352/41/137 2330/41/137
f 2453/49/79 2455/49/79 2346/2/79
f 2453/49/79 2346/2/79 2338/2/79
f 2342/3/81 2349/3/81 2355/42/81
f 2342/3/81 2355/42/81 2326/42/81
f 2374/55/76 2376/51/76 2370/52/76
f 2374/55/76 2370/52/76 2368/54/76
f 2373/56/92 2375/55/92 2369/54/92
f 2373/56/92 2369/54/92 2363/46/92
f 2611/13/95 2522/13/95 2526/57/95
f 2526/57/95 2421/57/95 2609/57/95
f 2526/57/95 2609/57/95 2611/13/95
f 2412/13/95 2294/13/95 2365/23/95
f 2412/13/95 2365/23/95 2410/58/95
f 2391/59/95 2372/56/95 2362/46/95
f 2391/59/95 2362/46/95 2388/43/95
f 2386/60/95 2301/40/95 2372/56/95
f 2386/60/95 2372/56/95 2391/59/95
f 2304/40/92 2332/41/92 2375/55/92
f 2304/40/92 2375/55/92 2373/56/92
f 2329/41/76 2351/41/76 2376/51/76
f 2329/41/76 2376/51/76 2374/55/76
f 2497/34/95 2386/60/95 2391/59/95
f 2497/34/95 2391/59/95 2500/61/95
f 2389/43/76 2393/43/76 2395/59/76
f 2389/43/76 2395/59/76 2392/59/76
f 2068/62/90 1944/35/90 2385/36/90
f 2068/62/90 2385/36/90 2496/33/90
f 2297/37/132 2302/40/132 2387/60/132
f 2297/37/132 2387/60/132 2384/36/132
f 2501/63/95 2503/65/95 2463/64/95
s 1
f 2501/63/95 2464/64/81 2441/64/95
s 0
f 2379/29/76 2396/29/76 2397/66/76
f 2379/29/76 2397/66/76 2361/66/76
f 2285/13/95 2398/13/95 2404/68/95
f 2285/13/95 2404/68/95 2364/67/95
f 2313/11/134 2317/31/134 2403/69/134
f 2313/11/134 2403/69/134 2400/9/134
f 2380/32/95 2405/70/95 2402/69/95
f 2380/32/95 2402/69/95 2315/31/95
f 2537/15/81 2550/15/81 2399/13/81
f 2537/15/81 2399/13/81 2286/13/81
f 2314/11/79 2401/9/79 1962/10/79
f 2314/11/79 1962/10/79 1843/10/79
f 2398/13/95 2412/13/95 2410/58/95
f 2398/13/95 2410/58/95 2404/68/95
f 2400/9/134 2403/69/134 2415/24/134
f 2400/9/134 2415/24/134 2406/9/134
f 2405/70/95 2411/21/95 2414/24/95
f 2405/70/95 2414/24/95 2402/69/95
f 2550/15/81 2551/15/81 2413/13/81
f 2550/15/81 2413/13/81 2399/13/81
f 2401/9/79 2407/9/79 1970/10/79
f 2401/9/79 1970/10/79 1962/10/79
f 2417/58/95 2420/58/95 2419/21/95
f 2417/58/95 2419/21/95 2418/21/95
f 2604/71/95 2607/13/95 2285/13/95
f 2285/13/95 2364/67/95 2360/66/95
f 2285/13/95 2360/66/95 2604/71/95
f 2511/13/95 2515/13/95 2427/13/95
f 2511/13/95 2427/13/95 2291/13/95
f 2291/13/95 2427/13/95 2430/13/95
f 2291/13/95 2430/13/95 2288/13/95
f 2360/66/95 2499/73/95 2638/72/95
f 2360/66/95 2638/72/95 2604/71/95
f 2527/57/98 2530/57/98 2434/57/98
f 2527/57/98 2434/57/98 2423/57/98
f 2516/13/99 2518/13/99 2440/13/99
f 2516/13/99 2440/13/99 2429/13/99
f 2422/57/81 2433/57/81 2435/74/81
f 2422/57/81 2435/74/81 2425/74/81
f 1961/19/81 1969/19/81 2462/20/81
f 1961/19/81 2462/20/81 2461/20/81
f 1844/19/81 1961/19/81 2461/20/81
f 1844/19/81 2461/20/81 2445/20/81
f 2552/75/85 2543/76/85 2458/25/85
f 2552/75/85 2458/25/85 2502/63/85
f 2546/8/79 2548/53/79 2455/49/79
f 2546/8/79 2455/49/79 2453/49/79
f 2545/7/77 2547/8/77 2454/49/77
f 2545/7/77 2454/49/77 2452/47/77
f 2543/76/85 2544/77/85 2451/28/85
f 2543/76/85 2451/28/85 2458/25/85
f 2553/16/84 2540/78/84 2448/20/84
f 2553/16/84 2448/20/84 2519/20/84
f 1969/19/81 1850/19/81 2449/20/81
f 1969/19/81 2449/20/81 2462/20/81
f 2088/79/80 2233/79/80 2651/64/80
f 2088/79/80 2651/64/80 2521/64/80
f 2652/64/81 2447/64/81 2539/12/81
f 2652/64/81 2539/12/81 2662/80/81
f 2504/65/100 2468/25/100 2031/26/100
f 2504/65/100 2031/26/100 2075/81/100
f 2442/64/81 2465/64/81 2029/79/81
f 2442/64/81 2029/79/81 1833/79/81
f 2475/82/76 2491/82/76 2493/83/76
f 2475/82/76 2493/83/76 2479/83/76
f 1943/26/101 2474/84/101 2478/82/101
f 1943/26/101 2478/82/101 2460/25/101
f 2459/25/104 2477/82/104 2481/83/104
f 2459/25/104 2481/83/104 2469/25/104
f 2470/25/103 2482/83/103 2486/85/103
f 2470/25/103 2486/85/103 2034/26/103
f 2032/26/102 2485/85/102 2473/84/102
f 2032/26/102 2473/84/102 1941/26/102
f 2483/85/95 2487/85/95 2489/84/95
f 2483/85/95 2489/84/95 2471/84/95
f 2480/83/79 2494/83/79 2488/85/79
f 2480/83/79 2488/85/79 2484/85/79
f 2472/84/81 2490/84/81 2492/82/81
f 2472/84/81 2492/82/81 2476/82/81
f 2466/64/100 2504/65/100 2075/81/100
f 2466/64/100 2075/81/100 2030/79/100
f 2535/86/85 2552/75/85 2502/63/85
f 2535/86/85 2502/63/85 2443/64/85
f 2603/87/80 2536/86/80 2558/12/80
f 2558/12/80 2523/13/80 2613/13/80
f 2558/12/80 2613/13/80 2603/87/80
f 2457/25/95 2467/25/95 2503/65/95
f 2457/25/95 2503/65/95 2501/63/95
f 1832/10/90 2068/62/90 2496/33/90
f 1832/10/90 2496/33/90 2309/9/90
f 2310/30/95 2497/34/95 2500/61/95
f 2310/30/95 2500/61/95 2378/29/95
f 2384/36/132 2387/60/132 2498/34/132
f 2384/36/132 2498/34/132 2495/33/132
f 2506/88/76 2508/88/76 2507/66/76
f 2506/88/76 2507/66/76 2505/66/76
f 2520/64/105 2562/64/105 2141/79/105
f 2520/64/105 2141/79/105 2087/79/105
f 2560/89/84 2553/16/84 2519/20/84
f 2560/89/84 2519/20/84 2532/20/84
f 2529/13/99 2531/74/99 2518/13/99
f 2529/13/99 2518/13/99 2516/13/99
f 2432/13/98 2438/13/98 2517/13/98
f 2432/13/98 2517/13/98 2514/13/98
f 2288/13/95 2430/13/95 2513/13/95
f 2288/13/95 2513/13/95 2509/13/95
f 2524/90/95 2528/13/95 2515/13/95
f 2524/90/95 2515/13/95 2511/13/95
f 2532/20/84 2519/20/84 2086/19/84
f 2532/20/84 2086/19/84 2102/19/84
f 2558/12/80 2556/12/80 2510/13/80
f 2558/12/80 2510/13/80 2523/13/80
f 2641/91/85 2629/92/85 2543/76/85
f 2641/91/85 2543/76/85 2552/75/85
f 2446/20/84 2532/20/84 2102/19/84
f 2446/20/84 2102/19/84 1845/19/84
f 2285/13/95 2424/74/95 2528/13/95
f 2285/13/95 2528/13/95 2524/90/95
f 2426/74/99 2436/74/99 2531/74/99
f 2426/74/99 2531/74/99 2529/13/99
f 2538/15/84 2560/89/84 2532/20/84
f 2538/15/84 2532/20/84 2446/20/84
f 1834/79/80 2103/79/80 2533/64/80
f 1834/79/80 2533/64/80 2444/64/80
f 2514/13/98 2517/13/98 2530/57/98
f 2514/13/98 2530/57/98 2527/57/98
f 2509/13/95 2513/13/95 2526/57/95
f 2509/13/95 2526/57/95 2522/13/95
f 2287/13/84 2525/90/84 2560/89/84
f 2287/13/84 2560/89/84 2538/15/84
f 2444/64/80 2533/64/80 2558/12/80
f 2444/64/80 2558/12/80 2536/86/80
f 2557/12/76 2565/12/76 2563/12/76
f 2557/12/76 2563/12/76 2554/12/76
f 2525/90/84 2512/13/84 2553/16/84
f 2525/90/84 2553/16/84 2560/89/84
f 2607/13/95 2609/57/95 2421/57/95
f 2421/57/95 2424/74/95 2285/13/95
f 2421/57/95 2285/13/95 2607/13/95
f 2512/13/84 2293/13/84 2540/78/84
f 2512/13/84 2540/78/84 2553/16/84
f 2572/45/92 2363/46/92 2369/54/92
f 2369/54/92 2335/4/92 2582/5/92
s 1
f 2369/54/92 2582/5/92 2572/45/92
s 0
f 2601/87/85 2641/91/85 2552/75/85
f 2601/87/85 2552/75/85 2535/86/85
f 2334/4/79 2358/4/79 2548/53/79
f 2334/4/79 2548/53/79 2546/8/79
f 2499/73/95 2388/43/95 2626/44/95
f 2499/73/95 2626/44/95 2638/72/95
f 2461/20/81 2462/20/81 2551/15/81
f 2461/20/81 2551/15/81 2550/15/81
f 2445/20/81 2461/20/81 2550/15/81
f 2445/20/81 2550/15/81 2537/15/81
f 2462/20/81 2449/20/81 2541/16/81
f 2462/20/81 2541/16/81 2551/15/81
f 2521/64/80 2651/64/80 2667/12/80
f 2521/64/80 2667/12/80 2556/12/80
f 2668/14/81 2662/80/81 2539/12/81
f 2539/12/81 2292/13/81 2289/13/81
f 2539/12/81 2289/13/81 2668/14/81
f 2104/79/107 2140/79/107 2561/64/107
f 2104/79/107 2561/64/107 2534/64/107
f 2555/12/105 2564/12/105 2562/64/105
f 2555/12/105 2562/64/105 2520/64/105
f 2534/64/107 2561/64/107 2566/12/107
f 2534/64/107 2566/12/107 2559/12/107
s 1
f 2390/43/138 2567/43/138 2568/43/138
f 2390/43/138 2568/43/138 2394/43/138
s 0
f 2571/93/139 2580/5/139 2587/94/139
f 2586/94/140 2578/5/140 2591/95/140
f 2590/95/141 2577/5/141 2594/96/141
f 2595/96/142 2579/5/142 2598/97/142
f 2599/97/143 2581/5/143 2575/6/143
s 1
f 2616/98/144 2602/87/144 2612/13/144
f 2612/13/144 2610/57/144 2608/13/144
f 2608/13/144 2606/101/144 2625/100/144
f 2608/13/144 2625/100/144 2622/102/144
f 2616/98/144 2612/13/144 2608/13/144
f 2608/13/144 2622/102/144 2619/99/144
f 2608/13/144 2619/99/144 2616/98/144
s 0
f 2628/92/145 2637/105/145 2597/104/145
f 2628/92/145 2597/104/145 2573/103/145
f 2636/105/146 2635/107/146 2593/106/146
f 2636/105/146 2593/106/146 2596/104/146
f 2634/107/147 2633/109/147 2589/108/147
f 2634/107/147 2589/108/147 2592/106/147
f 2632/109/148 2631/111/148 2585/110/148
f 2632/109/148 2585/110/148 2588/108/148
f 2630/111/149 2627/44/149 2570/45/149
f 2630/111/149 2570/45/149 2584/110/149
f 2640/91/145 2649/112/145 2637/105/145
f 2640/91/145 2637/105/145 2628/92/145
f 2648/112/146 2647/113/146 2635/107/146
f 2648/112/146 2635/107/146 2636/105/146
f 2646/113/147 2645/114/147 2633/109/147
f 2646/113/147 2633/109/147 2634/107/147
f 2644/114/148 2643/115/148 2631/111/148
f 2644/114/148 2631/111/148 2632/109/148
f 2642/115/149 2639/72/149 2627/44/149
f 2642/115/149 2627/44/149 2630/111/149
f 2600/87/145 2615/98/145 2649/112/145
f 2600/87/145 2649/112/145 2640/91/145
f 2614/98/146 2618/99/146 2647/113/146
f 2614/98/146 2647/113/146 2648/112/146
f 2617/99/147 2621/116/147 2645/114/147
f 2617/99/147 2645/114/147 2646/113/147
f 2620/116/148 2624/117/148 2643/115/148
f 2620/116/148 2643/115/148 2644/114/148
f 2623/117/149 2605/71/149 2639/72/149
f 2623/117/149 2639/72/149 2642/115/149
f 2629/92/85 2574/103/85 2544/77/85
f 2629/92/85 2544/77/85 2543/76/85
f 2663/80/150 2669/14/150 2675/80/150
f 2677/80/151 2670/14/151 2679/80/151
f 2681/80/152 2671/14/152 2683/80/152
f 2685/80/153 2672/14/153 2687/80/153
f 2689/80/154 2673/14/154 2665/12/154
f 2232/79/126 2237/79/126 2655/64/126
s 1
f 2232/79/126 2655/64/126 2650/64/126
s 0
f 2236/79/127 2239/118/127 2657/64/127
f 2236/79/127 2657/64/127 2654/64/127
f 2238/118/128 2241/79/128 2659/64/128
f 2238/118/128 2659/64/128 2656/64/128
f 2240/79/129 2243/79/129 2661/64/129
f 2240/79/129 2661/64/129 2658/64/129
f 2242/79/130 2235/79/130 2653/64/130
f 2242/79/130 2653/64/130 2660/64/130
f 2650/64/126 2655/64/126 2690/80/126
f 2650/64/126 2690/80/126 2666/12/126
f 2654/64/127 2657/64/127 2686/80/127
f 2654/64/127 2686/80/127 2688/80/127
f 2656/64/128 2659/64/128 2682/80/128
f 2656/64/128 2682/80/128 2684/80/128
f 2658/64/129 2661/64/129 2678/80/129
f 2658/64/129 2678/80/129 2680/80/129
f 2660/64/130 2653/64/130 2664/80/130
f 2660/64/130 2664/80/130 2676/80/130
f 2234/79/81 1846/79/81 2447/64/81
f 2234/79/81 2447/64/81 2652/64/81
usemtl Black
f 2691/66/76 2696/29/76 2697/32/76
f 2691/66/76 2697/32/76 2694/67/76
f 2707/58/76 2708/21/76 2698/21/76
f 2707/58/76 2698/21/76 2695/23/76
f 2818/43/155 2821/43/155 2841/43/155
f 2818/43/155 2841/43/155 2837/43/155
f 2694/67/76 2697/32/76 2706/70/76
f 2694/67/76 2706/70/76 2705/68/76
f 2710/84/94 2711/82/94 2712/83/94
f 2710/84/94 2712/83/94 2709/85/94
f 2794/73/156 2791/88/156 2733/88/156
f 2794/73/156 2733/88/156 2726/73/156
s 1
f 2703/43/157 2700/43/157 2832/43/157
f 2703/43/157 2832/43/157 2827/43/157
s 0
f 2727/73/158 2734/88/158 2750/88/158
f 2727/73/158 2750/88/158 2742/73/158
f 2792/88/159 2807/119/159 2729/66/159
f 2792/88/159 2729/66/159 2735/88/159
f 2809/66/160 2793/73/160 2725/73/160
f 2809/66/160 2725/73/160 2721/66/160
f 2808/119/161 2810/66/161 2723/66/161
f 2808/119/161 2723/66/161 2731/66/161
f 2743/73/162 2751/88/162 2764/88/162
f 2743/73/162 2764/88/162 2758/73/162
f 2722/66/163 2728/73/163 2744/73/163
f 2722/66/163 2744/73/163 2738/66/163
f 2736/88/164 2730/66/164 2746/66/164
f 2736/88/164 2746/66/164 2752/88/164
f 2732/66/165 2724/66/165 2740/66/165
f 2732/66/165 2740/66/165 2748/66/165
f 2763/88/166 2760/66/166 2771/66/166
f 2763/88/166 2771/66/166 2773/88/166
f 2737/66/95 2741/73/95 2756/73/95
f 2737/66/95 2756/73/95 2753/66/95
f 2749/88/76 2745/66/76 2759/66/76
f 2749/88/76 2759/66/76 2762/88/76
f 2747/66/167 2739/66/167 2755/66/167
f 2747/66/167 2755/66/167 2761/66/167
f 2765/66/76 2768/73/76 2778/73/76
f 2765/66/76 2778/73/76 2775/66/76
f 2760/66/166 2754/66/166 2766/66/166
f 2760/66/166 2766/66/166 2771/66/166
f 2757/73/166 2763/88/166 2773/88/166
f 2757/73/166 2773/88/166 2769/73/166
f 2754/66/166 2757/73/166 2769/73/166
f 2754/66/166 2769/73/166 2766/66/166
f 2776/66/166 2779/73/166 2783/88/166
f 2776/66/166 2783/88/166 2781/66/166
f 2772/66/162 2767/66/162 2777/66/162
f 2772/66/162 2777/66/162 2782/66/162
f 2770/73/167 2774/88/167 2784/88/167
f 2770/73/167 2784/88/167 2780/73/167
f 2717/66/161 2693/66/161 2816/119/161
f 2717/66/161 2816/119/161 2802/66/161
f 2802/66/161 2816/119/161 2814/119/161
f 2802/66/161 2814/119/161 2804/66/161
f 2804/66/161 2814/119/161 2812/66/161
f 2804/66/161 2812/66/161 2806/119/161
f 2806/119/161 2812/66/161 2810/66/161
f 2806/119/161 2810/66/161 2808/119/161
f 2692/66/160 2713/73/160 2799/120/160
f 2692/66/160 2799/120/160 2815/119/160
f 2815/119/160 2799/120/160 2797/120/160
f 2815/119/160 2797/120/160 2813/119/160
f 2813/119/160 2797/120/160 2795/73/160
f 2813/119/160 2795/73/160 2811/66/160
f 2811/66/160 2795/73/160 2793/73/160
f 2811/66/160 2793/73/160 2809/66/160
f 2720/88/159 2716/66/159 2801/66/159
f 2720/88/159 2801/66/159 2786/88/159
f 2786/88/159 2801/66/159 2803/66/159
f 2786/88/159 2803/66/159 2788/88/159
f 2788/88/159 2803/66/159 2805/119/159
f 2788/88/159 2805/119/159 2790/88/159
f 2790/88/159 2805/119/159 2807/119/159
f 2790/88/159 2807/119/159 2792/88/159
f 2714/73/156 2719/88/156 2785/88/156
f 2714/73/156 2785/88/156 2800/120/156
f 2800/120/156 2785/88/156 2787/88/156
f 2800/120/156 2787/88/156 2798/120/156
f 2798/120/156 2787/88/156 2789/88/156
f 2798/120/156 2789/88/156 2796/73/156
f 2796/73/156 2789/88/156 2791/88/156
f 2796/73/156 2791/88/156 2794/73/156
f 2718/43/168 2704/43/168 2828/43/168
f 2718/43/168 2828/43/168 2822/43/168
f 2701/43/169 2715/43/169 2817/43/169
f 2701/43/169 2817/43/169 2833/43/169
f 2702/43/168 2718/43/168 2822/43/168
f 2702/43/168 2822/43/168 2824/43/168
f 2715/43/169 2699/43/169 2819/43/169
f 2715/43/169 2819/43/169 2817/43/169
f 2843/43/170 2851/43/170 2864/43/170
f 2843/43/170 2864/43/170 2860/43/170
f 2835/43/155 2818/43/155 2837/43/155
f 2835/43/155 2837/43/155 2856/43/155
f 2820/43/171 2826/43/171 2846/43/171
f 2820/43/171 2846/43/171 2840/43/171
f 2823/43/172 2829/43/172 2849/43/172
f 2823/43/172 2849/43/172 2842/43/172
f 2831/43/173 2834/43/173 2855/43/173
f 2830/43/174 2854/43/174 2850/43/174
f 2825/43/172 2823/43/172 2842/43/172
f 2825/43/172 2842/43/172 2845/43/172
f 2848/43/95 2852/43/95 2865/43/95
f 2848/43/95 2865/43/95 2863/43/95
f 2847/43/170 2843/43/170 2860/43/170
f 2847/43/170 2860/43/170 2862/43/170
f 2853/43/175 2836/43/175 2857/43/175
f 2853/43/175 2857/43/175 2866/43/175
f 2838/43/76 2844/43/76 2861/43/76
f 2838/43/76 2861/43/76 2858/43/76
f 2836/43/175 2839/43/175 2859/43/175
f 2836/43/175 2859/43/175 2857/43/175
f 2867/66/95 2870/67/95 2873/32/95
f 2867/66/95 2873/32/95 2872/29/95
f 2883/58/95 2871/23/95 2874/21/95
f 2883/58/95 2874/21/95 2884/21/95
f 2994/43/155 3013/43/155 3017/43/155
f 2994/43/155 3017/43/155 2997/43/155
f 2870/67/95 2881/68/95 2882/70/95
f 2870/67/95 2882/70/95 2873/32/95
f 2886/84/94 2885/85/94 2888/83/94
f 2886/84/94 2888/83/94 2887/82/94
f 2970/73/156 2902/73/156 2909/88/156
f 2970/73/156 2909/88/156 2967/88/156
s 1
f 2879/43/176 3003/43/176 3008/43/176
f 2879/43/176 3008/43/176 2876/43/176
s 0
f 2903/73/158 2918/73/158 2926/88/158
f 2903/73/158 2926/88/158 2910/88/158
f 2968/88/177 2911/88/177 2905/66/177
f 2968/88/177 2905/66/177 2983/119/177
f 2985/66/178 2897/66/178 2901/73/178
f 2985/66/178 2901/73/178 2969/73/178
f 2984/119/161 2907/66/161 2899/66/161
f 2984/119/161 2899/66/161 2986/66/161
f 2919/73/162 2934/73/162 2940/88/162
f 2919/73/162 2940/88/162 2927/88/162
f 2898/66/164 2914/66/164 2920/73/164
f 2898/66/164 2920/73/164 2904/73/164
f 2912/88/163 2928/88/163 2922/66/163
f 2912/88/163 2922/66/163 2906/66/163
f 2908/66/165 2924/66/165 2916/66/165
f 2908/66/165 2916/66/165 2900/66/165
f 2939/88/166 2949/88/166 2947/66/166
f 2939/88/166 2947/66/166 2936/66/166
f 2913/66/76 2929/66/76 2932/73/76
f 2913/66/76 2932/73/76 2917/73/76
f 2925/88/95 2938/88/95 2935/66/95
f 2925/88/95 2935/66/95 2921/66/95
f 2923/66/167 2937/66/167 2931/66/167
f 2923/66/167 2931/66/167 2915/66/167
f 2941/66/95 2951/66/95 2954/73/95
f 2941/66/95 2954/73/95 2944/73/95
f 2936/66/166 2947/66/166 2942/66/166
f 2936/66/166 2942/66/166 2930/66/166
f 2933/73/166 2945/73/166 2949/88/166
f 2933/73/166 2949/88/166 2939/88/166
f 2930/66/166 2942/66/166 2945/73/166
f 2930/66/166 2945/73/166 2933/73/166
f 2952/66/166 2957/66/166 2959/88/166
f 2952/66/166 2959/88/166 2955/73/166
f 2948/66/162 2958/66/162 2953/66/162
f 2948/66/162 2953/66/162 2943/66/162
f 2946/73/167 2956/73/167 2960/88/167
f 2946/73/167 2960/88/167 2950/88/167
f 2893/66/161 2978/66/161 2992/119/161
f 2893/66/161 2992/119/161 2869/66/161
f 2978/66/161 2980/66/161 2990/119/161
f 2978/66/161 2990/119/161 2992/119/161
f 2980/66/161 2982/119/161 2988/66/161
f 2980/66/161 2988/66/161 2990/119/161
f 2982/119/161 2984/119/161 2986/66/161
f 2982/119/161 2986/66/161 2988/66/161
f 2868/66/178 2991/119/178 2975/120/178
f 2868/66/178 2975/120/178 2889/73/178
f 2991/119/178 2989/119/178 2973/120/178
f 2991/119/178 2973/120/178 2975/120/178
f 2989/119/178 2987/66/178 2971/73/178
f 2989/119/178 2971/73/178 2973/120/178
f 2987/66/178 2985/66/178 2969/73/178
f 2987/66/178 2969/73/178 2971/73/178
f 2896/88/177 2962/88/177 2977/66/177
f 2896/88/177 2977/66/177 2892/66/177
f 2962/88/177 2964/88/177 2979/66/177
f 2962/88/177 2979/66/177 2977/66/177
f 2964/88/177 2966/88/177 2981/119/177
f 2964/88/177 2981/119/177 2979/66/177
f 2966/88/177 2968/88/177 2983/119/177
f 2966/88/177 2983/119/177 2981/119/177
f 2890/73/156 2976/120/156 2961/88/156
f 2890/73/156 2961/88/156 2895/88/156
f 2976/120/156 2974/120/156 2963/88/156
f 2976/120/156 2963/88/156 2961/88/156
f 2974/120/156 2972/73/156 2965/88/156
f 2974/120/156 2965/88/156 2963/88/156
f 2972/73/156 2970/73/156 2967/88/156
f 2972/73/156 2967/88/156 2965/88/156
f 2894/43/168 2998/43/168 3004/43/168
f 2894/43/168 3004/43/168 2880/43/168
f 2877/43/169 3009/43/169 2993/43/169
f 2877/43/169 2993/43/169 2891/43/169
f 2878/43/168 3000/43/168 2998/43/168
f 2878/43/168 2998/43/168 2894/43/168
f 2891/43/169 2993/43/169 2995/43/169
f 2891/43/169 2995/43/169 2875/43/169
f 3019/43/170 3036/43/170 3040/43/170
f 3019/43/170 3040/43/170 3027/43/170
f 3011/43/155 3032/43/155 3013/43/155
f 3011/43/155 3013/43/155 2994/43/155
f 2996/43/179 3016/43/179 3022/43/179
f 2996/43/179 3022/43/179 3002/43/179
f 2999/43/172 3018/43/172 3025/43/172
f 2999/43/172 3025/43/172 3005/43/172
f 3006/43/180 3026/43/180 3030/43/180
f 3007/43/181 3031/43/181 3010/43/181
f 3001/43/172 3021/43/172 3018/43/172
f 3001/43/172 3018/43/172 2999/43/172
f 3024/43/76 3039/43/76 3041/43/76
f 3024/43/76 3041/43/76 3028/43/76
f 3023/43/170 3038/43/170 3036/43/170
f 3023/43/170 3036/43/170 3019/43/170
f 3029/43/175 3042/43/175 3033/43/175
f 3029/43/175 3033/43/175 3012/43/175
f 3014/43/95 3034/43/95 3037/43/95
f 3014/43/95 3037/43/95 3020/43/95
f 3012/43/175 3033/43/175 3035/43/175
f 3012/43/175 3035/43/175 3015/43/175
usemtl Glass
f 3047/13/76 3048/13/76 3046/13/76
f 3047/13/76 3046/13/76 3045/13/76
f 3049/57/76 3050/74/76 3048/13/76
f 3049/57/76 3048/13/76 3047/13/76
f 3043/57/76 3044/74/76 3050/74/76
f 3043/57/76 3050/74/76 3049/57/76
f 3051/79/80 3053/64/80 3054/64/80
f 3051/79/80 3054/64/80 3052/79/80
f 3053/64/80 3056/12/80 3055/12/80
f 3053/64/80 3055/12/80 3054/64/80
f 3061/13/95 3059/13/95 3060/13/95
f 3061/13/95 3060/13/95 3062/13/95
f 3063/57/95 3061/13/95 3062/13/95
f 3063/57/95 3062/13/95 3064/74/95
f 3057/57/95 3063/57/95 3064/74/95
f 3057/57/95 3064/74/95 3058/74/95
f 3051/79/80 3052/79/80 3066/64/80
f 3051/79/80 3066/64/80 3065/64/80
f 3065/64/80 3066/64/80 3067/12/80
f 3065/64/80 3067/12/80 3068/12/80
usemtl Guards
f 3155/61/76 3152/88/76 3081/43/76
f 3155/61/76 3081/43/76 3083/59/76
f 3173/61/182 3161/29/182 3077/29/182
f 3173/61/182 3077/29/182 3156/61/182
f 3160/29/183 3070/29/183 3094/29/183
f 3160/29/183 3094/29/183 3167/29/183
f 3171/88/184 3159/43/184 3082/43/184
f 3171/88/184 3082/43/184 3153/88/184
f 3166/43/185 3164/59/185 3092/59/185
f 3166/43/185 3092/59/185 3090/43/185
f 3158/59/186 3085/59/186 3093/59/186
f 3158/59/186 3093/59/186 3165/59/186
f 3083/59/76 3081/43/76 3089/43/76
f 3083/59/76 3089/43/76 3091/59/76
f 3168/29/82 3170/66/82 3103/66/82
f 3168/29/82 3103/66/82 3100/29/82
f 3078/66/76 3075/29/76 3098/29/76
f 3078/66/76 3098/29/76 3101/66/76
f 3163/66/187 3080/66/187 3102/66/187
f 3163/66/187 3102/66/187 3169/66/187
f 3108/70/79 3114/21/79 3126/21/79
f 3108/70/79 3126/21/79 3117/70/79
f 3119/68/76 3116/70/76 3125/21/76
f 3119/68/76 3125/21/76 3122/58/76
f 3112/58/188 3124/58/188 3148/58/188
f 3112/58/188 3148/58/188 3144/58/188
f 3116/70/76 3119/68/76 3137/68/76
f 3116/70/76 3137/68/76 3134/70/76
f 3111/58/81 3105/68/81 3120/68/81
f 3111/58/81 3120/68/81 3123/58/81
f 3133/68/94 3129/70/94 3135/70/94
f 3133/68/94 3135/70/94 3139/68/94
f 3121/68/189 3106/68/189 3132/68/189
f 3121/68/189 3132/68/189 3138/68/189
f 3109/70/190 3118/70/190 3136/70/190
f 3109/70/190 3136/70/190 3130/70/190
f 3104/68/95 3107/70/95 3128/70/95
f 3104/68/95 3128/70/95 3131/68/95
f 3142/21/82 3145/58/82 3149/58/82
f 3142/21/82 3149/58/82 3147/21/82
f 3127/21/191 3115/21/191 3141/21/191
f 3127/21/191 3141/21/191 3146/21/191
f 3113/21/95 3110/58/95 3143/58/95
f 3113/21/95 3143/58/95 3140/21/95
f 3162/66/166 3172/88/166 3154/88/166
f 3162/66/166 3154/88/166 3079/66/166
f 3157/59/182 3173/61/182 3156/61/182
f 3157/59/182 3156/61/182 3084/59/182
f 3075/29/76 3078/66/76 3152/88/76
f 3075/29/76 3152/88/76 3155/61/76
f 3073/59/182 3151/61/182 3173/61/182
f 3073/59/182 3173/61/182 3157/59/182
f 3069/66/187 3163/66/187 3169/66/187
f 3069/66/187 3169/66/187 3096/66/187
f 3095/29/82 3097/66/82 3170/66/82
f 3095/29/82 3170/66/82 3168/29/82
f 3074/59/186 3158/59/186 3165/59/186
f 3074/59/186 3165/59/186 3088/59/186
f 3086/43/185 3087/59/185 3164/59/185
f 3086/43/185 3164/59/185 3166/43/185
f 3150/73/184 3072/43/184 3159/43/184
s 1
f 3150/73/184 3159/43/184 3171/88/184
s 0
f 3076/29/183 3160/29/183 3167/29/183
f 3076/29/183 3167/29/183 3099/29/183
f 3151/61/182 3071/29/182 3161/29/182
f 3151/61/182 3161/29/182 3173/61/182
f 3260/61/95 3188/59/95 3186/43/95
f 3260/61/95 3186/43/95 3257/88/95
f 3278/61/182 3261/61/182 3182/29/182
f 3278/61/182 3182/29/182 3266/29/182
f 3265/29/183 3272/29/183 3199/29/183
f 3265/29/183 3199/29/183 3175/29/183
f 3276/88/184 3258/88/184 3187/43/184
f 3276/88/184 3187/43/184 3264/43/184
f 3271/43/185 3195/43/185 3197/59/185
f 3271/43/185 3197/59/185 3269/59/185
f 3263/59/186 3270/59/186 3198/59/186
f 3263/59/186 3198/59/186 3190/59/186
f 3188/59/95 3196/59/95 3194/43/95
f 3188/59/95 3194/43/95 3186/43/95
f 3273/29/82 3205/29/82 3208/66/82
f 3273/29/82 3208/66/82 3275/66/82
f 3183/66/95 3206/66/95 3203/29/95
f 3183/66/95 3203/29/95 3180/29/95
f 3268/66/187 3274/66/187 3207/66/187
f 3268/66/187 3207/66/187 3185/66/187
f 3213/70/79 3222/70/79 3231/21/79
f 3213/70/79 3231/21/79 3219/21/79
f 3224/68/95 3227/58/95 3230/21/95
f 3224/68/95 3230/21/95 3221/70/95
f 3217/58/188 3249/58/188 3253/58/188
f 3217/58/188 3253/58/188 3229/58/188
f 3221/70/95 3239/70/95 3242/68/95
f 3221/70/95 3242/68/95 3224/68/95
f 3216/58/81 3228/58/81 3225/68/81
f 3216/58/81 3225/68/81 3210/68/81
f 3238/68/94 3244/68/94 3240/70/94
f 3238/68/94 3240/70/94 3234/70/94
f 3226/68/189 3243/68/189 3237/68/189
f 3226/68/189 3237/68/189 3211/68/189
f 3214/70/190 3235/70/190 3241/70/190
f 3214/70/190 3241/70/190 3223/70/190
f 3209/68/76 3236/68/76 3233/70/76
f 3209/68/76 3233/70/76 3212/70/76
f 3247/21/82 3252/21/82 3254/58/82
f 3247/21/82 3254/58/82 3250/58/82
f 3232/21/191 3251/21/191 3246/21/191
f 3232/21/191 3246/21/191 3220/21/191
f 3218/21/76 3245/21/76 3248/58/76
f 3218/21/76 3248/58/76 3215/58/76
f 3267/66/166 3184/66/166 3259/88/166
f 3267/66/166 3259/88/166 3277/88/166
f 3262/59/182 3189/59/182 3261/61/182
f 3262/59/182 3261/61/182 3278/61/182
f 3180/29/95 3260/61/95 3257/88/95
f 3180/29/95 3257/88/95 3183/66/95
f 3178/59/182 3262/59/182 3278/61/182
f 3178/59/182 3278/61/182 3256/61/182
f 3174/66/187 3201/66/187 3274/66/187
f 3174/66/187 3274/66/187 3268/66/187
f 3200/29/82 3273/29/82 3275/66/82
f 3200/29/82 3275/66/82 3202/66/82
f 3179/59/186 3193/59/186 3270/59/186
f 3179/59/186 3270/59/186 3263/59/186
f 3191/43/185 3271/43/185 3269/59/185
f 3191/43/185 3269/59/185 3192/59/185
s 1
f 3255/73/184 3276/88/184 3264/43/184
s 0
f 3255/73/184 3264/43/184 3177/43/184
f 3181/29/183 3204/29/183 3272/29/183
f 3181/29/183 3272/29/183 3265/29/183
f 3256/61/182 3278/61/182 3266/29/182
f 3256/61/182 3266/29/182 3176/29/182
usemtl Material.008
f 3279/43/192 3280/43/192 3282/43/192
f 3281/43/192 3283/43/192 3284/43/192
f 3279/43/192 3282/43/192 3281/43/192
f 3279/43/192 3281/43/192 3284/43/192
f 3285/43/192 3290/43/192 3289/43/192
f 3287/43/192 3288/43/192 3286/43/192
f 3285/43/192 3289/43/192 3287/43/192
f 3285/43/192 3287/43/192 3286/43/192
o Cube.002
v -0.121007 0.308514 -0.520326
v -0.121007 0.308514 -0.520326
v -0.121007 0.308514 -0.520326
v -0.534870 0.308514 -0.520326
v -0.534870 0.308514 -0.520326
v -0.534870 0.308514 -0.520326
v -0.534870 0.308514 -0.520326
v -0.673876 -0.334962 0.000000
v -0.673876 -0.334962 0.000000
v -0.121007 0.308514 0.000000
v -0.121007 0.308514 0.000000
v -0.534870 0.308514 0.000000
v -0.534870 0.308514 0.000000
v -2.266425 -0.334962 0.000000
v -2.266425 -0.334962 0.000000
v -2.266425 0.806949 0.000000
v -2.266425 0.806949 0.000000
v -0.534870 0.608936 -0.520326
v -0.534870 0.608936 -0.520326
v -0.534870 0.608936 -0.520326
v -0.534870 0.608936 -0.520326
v -0.534870 0.608936 0.000000
v -0.534870 0.608936 0.000000
v -0.673876 0.806949 0.000000
v -0.673876 0.806949 0.000000
v -0.673876 -0.334962 -0.587748
v -0.673876 -0.334962 -0.587748
v -0.673876 -0.334962 -0.587748
v -0.673876 -0.334962 -0.587748
v -0.673876 -0.234037 -0.688672
v -0.673876 -0.234037 -0.688672
v -0.673876 -0.234037 -0.688672
v -0.673876 -0.234037 -0.688672
v -0.653230 -0.239388 -0.663668
v -0.653230 -0.239388 -0.663668
v -0.653230 -0.239388 -0.663668
v -2.266425 -0.234037 -0.688672
v -2.266425 -0.234037 -0.688672
v -2.266425 -0.234037 -0.688672
v -2.266425 -0.334962 -0.587747
v -2.266425 -0.334962 -0.587747
v -2.266425 -0.334962 -0.587747
v -0.328348 0.608936 -0.520326
v -0.328348 0.608936 -0.520326
v -0.328348 0.608936 -0.520326
v -0.121007 0.446588 -0.520326
v -0.121007 0.446588 -0.520326
v -0.121007 0.446588 -0.520326
v -0.121007 0.446588 0.000000
v -0.121007 0.446588 0.000000
v -0.328348 0.608936 0.000000
v -0.328348 0.608936 0.000000
v -2.266425 0.806949 -0.564155
v -2.266425 0.806949 -0.564155
v -2.266425 0.806949 -0.564155
v -2.266425 0.682432 -0.688672
v -2.266425 0.682432 -0.688672
v -2.266425 0.682432 -0.688672
v -0.673876 0.682432 -0.688672
v -0.673876 0.682432 -0.688672
v -0.673876 0.682432 -0.688672
v -0.673876 0.682432 -0.688672
v -0.673876 0.806949 -0.564155
v -0.673876 0.806949 -0.564155
v -0.673876 0.806949 -0.564155
v -0.673876 0.806949 -0.564155
v -0.615151 0.723296 -0.617552
v -0.615151 0.723296 -0.617552
v -0.615151 0.723296 -0.617552
v -2.266425 0.499887 -0.688672
v -2.266425 0.499887 -0.688672
v -0.673876 0.499887 -0.688672
v -0.673876 0.499887 -0.688672
v -1.518018 -0.334962 0.000000
v -1.518018 0.806949 0.000000
v -1.518018 -0.234037 -0.688672
v -1.518018 -0.234037 -0.688672
v -1.518018 -0.334962 -0.587747
v -1.518018 -0.334962 -0.587747
v -1.518018 0.806949 -0.564155
v -1.518018 0.806949 -0.564155
v -1.518018 0.682432 -0.688672
v -1.518018 0.682432 -0.688672
v -1.518018 0.499887 -0.688672
v -1.662999 -0.334962 0.000000
v -1.662999 0.806949 0.000000
v -1.662999 -0.334962 -0.587747
v -1.662999 -0.334962 -0.587747
v -1.662999 0.682432 -0.688672
v -1.662999 0.682432 -0.688672
v -1.662999 -0.234037 -0.688672
v -1.662999 -0.234037 -0.688672
v -1.662999 0.806949 -0.564155
v -1.662999 0.806949 -0.564155
v -1.662999 0.499887 -0.688672
v -2.266425 0.132925 -0.688672
v -2.266425 0.132925 -0.688672
v -0.673876 0.132925 -0.688672
v -0.673876 0.132925 -0.688672
v -1.518018 0.132925 -0.688672
v -1.662999 0.132925 -0.688672
v -2.266425 0.591159 -0.688672
v -2.266425 0.591159 -0.688672
v -0.673876 0.591159 -0.688672
v -0.673876 0.591159 -0.688672
v -1.518018 0.591159 -0.688672
v -1.662999 0.591159 -0.688672
v -1.095947 -0.234037 -0.688672
v -1.095947 -0.234037 -0.688672
v -1.095947 0.806949 -0.564155
v -1.095947 0.806949 -0.564155
v -1.095947 0.499887 -0.688672
v -1.095947 -0.334962 0.000000
v -1.095947 0.806949 0.000000
v -1.095947 -0.334962 -0.587747
v -1.095947 -0.334962 -0.587747
v -1.095947 0.682432 -0.688672
v -1.095947 0.682432 -0.688672
v -1.095947 0.132925 -0.688672
v -1.095947 0.591159 -0.688672
v -0.616097 0.724644 -0.591553
v -0.616097 0.724644 -0.591553
v -0.616097 0.724644 -0.591553
v -0.661074 0.788713 -0.550657
v -0.661074 0.788713 -0.550657
v -0.661074 0.788713 -0.550657
v -0.661074 0.788713 -0.022281
v -0.661074 0.788713 -0.022281
v -0.661074 0.788713 -0.022281
v -0.547672 0.627172 -0.022281
v -0.547672 0.627172 -0.022281
v -0.547672 0.627172 -0.022281
v -0.547672 0.627172 -0.508685
v -0.547672 0.627172 -0.508685
v -0.547672 0.627172 -0.508685
v -0.685786 0.771365 -0.022281
v -0.685786 0.771365 -0.022281
v -0.572384 0.609824 -0.022281
v -0.572384 0.609824 -0.022281
v -0.685786 0.771365 -0.550657
v -0.685786 0.771365 -0.550657
v -0.640809 0.707296 -0.591553
v -0.640809 0.707296 -0.591553
v -0.572384 0.609824 -0.508685
v -0.572384 0.609824 -0.508685
v -0.121007 0.308514 0.520326
v -0.121007 0.308514 0.520326
v -0.121007 0.308514 0.520326
v -0.534870 0.308514 0.520326
v -0.534870 0.308514 0.520326
v -0.534870 0.308514 0.520326
v -0.534870 0.308514 0.520326
v -0.534870 0.608936 0.520326
v -0.534870 0.608936 0.520326
v -0.534870 0.608936 0.520326
v -0.534870 0.608936 0.520326
v -0.673876 -0.334962 0.587748
v -0.673876 -0.334962 0.587748
v -0.673876 -0.334962 0.587748
v -0.673876 -0.334962 0.587748
v -0.673876 -0.234037 0.688672
v -0.673876 -0.234037 0.688672
v -0.673876 -0.234037 0.688672
v -0.673876 -0.234037 0.688672
v -0.653230 -0.239388 0.663668
v -0.653230 -0.239388 0.663668
v -0.653230 -0.239388 0.663668
v -2.266425 -0.234037 0.688672
v -2.266425 -0.234037 0.688672
v -2.266425 -0.234037 0.688672
v -2.266425 -0.334962 0.587747
v -2.266425 -0.334962 0.587747
v -2.266425 -0.334962 0.587747
v -0.328348 0.608936 0.520326
v -0.328348 0.608936 0.520326
v -0.328348 0.608936 0.520326
v -0.121007 0.446588 0.520326
v -0.121007 0.446588 0.520326
v -0.121007 0.446588 0.520326
v -2.266425 0.806949 0.564155
v -2.266425 0.806949 0.564155
v -2.266425 0.806949 0.564155
v -2.266425 0.682432 0.688672
v -2.266425 0.682432 0.688672
v -2.266425 0.682432 0.688672
v -0.673876 0.682432 0.688672
v -0.673876 0.682432 0.688672
v -0.673876 0.682432 0.688672
v -0.673876 0.682432 0.688672
v -0.673876 0.806949 0.564155
v -0.673876 0.806949 0.564155
v -0.673876 0.806949 0.564155
v -0.673876 0.806949 0.564155
v -0.615151 0.723296 0.617552
v -0.615151 0.723296 0.617552
v -0.615151 0.723296 0.617552
v -2.266425 0.499887 0.688672
v -2.266425 0.499887 0.688672
v -0.673876 0.499887 0.688672
v -0.673876 0.499887 0.688672
v -1.518018 -0.234037 0.688672
v -1.518018 -0.234037 0.688672
v -1.518018 -0.334962 0.587747
v -1.518018 -0.334962 0.587747
v -1.518018 0.806949 0.564155
v -1.518018 0.806949 0.564155
v -1.518018 0.682432 0.688672
v -1.518018 0.682432 0.688672
v -1.518018 0.499887 0.688672
v -1.662999 -0.334962 0.587747
v -1.662999 -0.334962 0.587747
v -1.662999 0.682432 0.688672
v -1.662999 0.682432 0.688672
v -1.662999 -0.234037 0.688672
v -1.662999 -0.234037 0.688672
v -1.662999 0.806949 0.564155
v -1.662999 0.806949 0.564155
v -1.662999 0.499887 0.688672
v -2.266425 0.132925 0.688672
v -2.266425 0.132925 0.688672
v -0.673876 0.132925 0.688672
v -0.673876 0.132925 0.688672
v -1.518018 0.132925 0.688672
v -1.662999 0.132925 0.688672
v -2.266425 0.591159 0.688672
v -2.266425 0.591159 0.688672
v -0.673876 0.591159 0.688672
v -0.673876 0.591159 0.688672
v -1.518018 0.591159 0.688672
v -1.662999 0.591159 0.688672
v -1.095947 -0.234037 0.688672
v -1.095947 -0.234037 0.688672
v -1.095947 0.806949 0.564155
v -1.095947 0.806949 0.564155
v -1.095947 0.499887 0.688672
v -1.095947 -0.334962 0.587747
v -1.095947 -0.334962 0.587747
v -1.095947 0.682432 0.688672
v -1.095947 0.682432 0.688672
v -1.095947 0.132925 0.688672
v -1.095947 0.591159 0.688672
v -0.616097 0.724644 0.591553
v -0.616097 0.724644 0.591553
v -0.616097 0.724644 0.591553
v -0.661074 0.788713 0.550657
v -0.661074 0.788713 0.550657
v -0.661074 0.788713 0.550657
v -0.661074 0.788713 0.022281
v -0.661074 0.788713 0.022281
v -0.661074 0.788713 0.022281
v -0.547672 0.627172 0.022281
v -0.547672 0.627172 0.022281
v -0.547672 0.627172 0.022281
v -0.547672 0.627172 0.508685
v -0.547672 0.627172 0.508685
v -0.547672 0.627172 0.508685
v -0.685786 0.771365 0.022281
v -0.685786 0.771365 0.022281
v -0.572384 0.609824 0.022281
v -0.572384 0.609824 0.022281
v -0.685786 0.771365 0.550657
v -0.685786 0.771365 0.550657
v -0.640809 0.707296 0.591553
v -0.640809 0.707296 0.591553
v -0.572384 0.609824 0.508685
v -0.572384 0.609824 0.508685
v -1.086848 0.508986 -0.680914
v -0.682976 0.508986 -0.680914
v -0.682976 0.582060 -0.680914
v -1.086848 0.582060 -0.680914
v -1.651255 0.144669 -0.676629
v -1.529763 0.144669 -0.676629
v -1.529763 0.488142 -0.676629
v -1.651255 0.488142 -0.676629
v -0.685786 0.771365 -0.022281
v -0.572384 0.609824 -0.022281
v -0.685786 0.771365 -0.550657
v -0.640809 0.707296 -0.591553
v -0.572384 0.609824 -0.508685
v -1.086848 0.508986 0.680914
v -0.682976 0.508986 0.680914
v -0.682976 0.582060 0.680914
v -1.086848 0.582060 0.680914
v -1.651255 0.144669 0.676629
v -1.529763 0.144669 0.676629
v -1.529763 0.488142 0.676629
v -1.651255 0.488142 0.676629
v -0.685786 0.771365 0.022281
v -0.572384 0.609824 0.022281
v -0.685786 0.771365 0.550657
v -0.640809 0.707296 0.591553
v -0.572384 0.609824 0.508685
v -0.673876 0.499887 -0.688672
v -1.518018 0.499887 -0.688672
v -1.662999 0.499887 -0.688672
v -1.518018 0.132925 -0.688672
v -1.662999 0.132925 -0.688672
v -0.673876 0.591159 -0.688672
v -1.095947 0.499887 -0.688672
v -1.095947 0.591159 -0.688672
v -0.682976 0.508986 -0.688672
v -0.682976 0.508986 -0.688672
v -0.682976 0.508986 -0.688672
v -1.086848 0.508986 -0.688672
v -1.086848 0.508986 -0.688672
v -1.086848 0.508986 -0.688672
v -1.086848 0.582060 -0.688672
v -1.086848 0.582060 -0.688672
v -1.086848 0.582060 -0.688672
v -0.682976 0.582060 -0.688672
v -0.682976 0.582060 -0.688672
v -0.682976 0.582060 -0.688672
v -1.086848 0.508986 -0.680914
v -1.086848 0.508986 -0.680914
v -0.682976 0.508986 -0.680914
v -0.682976 0.508986 -0.680914
v -0.682976 0.582060 -0.680914
v -0.682976 0.582060 -0.680914
v -1.086848 0.582060 -0.680914
v -1.086848 0.582060 -0.680914
v -1.529763 0.144669 -0.688672
v -1.529763 0.144669 -0.688672
v -1.529763 0.144669 -0.688672
v -1.651255 0.144669 -0.688672
v -1.651255 0.144669 -0.688672
v -1.651255 0.144669 -0.688672
v -1.651255 0.488142 -0.688672
v -1.651255 0.488142 -0.688672
v -1.651255 0.488142 -0.688672
v -1.529763 0.488142 -0.688672
v -1.529763 0.488142 -0.688672
v -1.529763 0.488142 -0.688672
v -1.651255 0.144669 -0.676629
v -1.651255 0.144669 -0.676629
v -1.529763 0.144669 -0.676629
v -1.529763 0.144669 -0.676629
v -1.529763 0.488142 -0.676629
v -1.529763 0.488142 -0.676629
v -1.651255 0.488142 -0.676629
v -1.651255 0.488142 -0.676629
v -0.673876 0.499887 0.688672
v -1.518018 0.499887 0.688672
v -1.662999 0.499887 0.688672
v -1.518018 0.132925 0.688672
v -1.662999 0.132925 0.688672
v -0.673876 0.591159 0.688672
v -1.095947 0.499887 0.688672
v -1.095947 0.591159 0.688672
v -0.682976 0.508986 0.688672
v -0.682976 0.508986 0.688672
v -0.682976 0.508986 0.688672
v -1.086848 0.508986 0.688672
v -1.086848 0.508986 0.688672
v -1.086848 0.508986 0.688672
v -1.086848 0.582060 0.688672
v -1.086848 0.582060 0.688672
v -1.086848 0.582060 0.688672
v -0.682976 0.582060 0.688672
v -0.682976 0.582060 0.688672
v -0.682976 0.582060 0.688672
v -1.086848 0.508986 0.680914
v -1.086848 0.508986 0.680914
v -0.682976 0.508986 0.680914
v -0.682976 0.508986 0.680914
v -0.682976 0.582060 0.680914
v -0.682976 0.582060 0.680914
v -1.086848 0.582060 0.680914
v -1.086848 0.582060 0.680914
v -1.529763 0.144669 0.688672
v -1.529763 0.144669 0.688672
v -1.529763 0.144669 0.688672
v -1.651255 0.144669 0.688672
v -1.651255 0.144669 0.688672
v -1.651255 0.144669 0.688672
v -1.651255 0.488142 0.688672
v -1.651255 0.488142 0.688672
v -1.651255 0.488142 0.688672
v -1.529763 0.488142 0.688672
v -1.529763 0.488142 0.688672
v -1.529763 0.488142 0.688672
v -1.651255 0.144669 0.676629
v -1.651255 0.144669 0.676629
v -1.529763 0.144669 0.676629
v -1.529763 0.144669 0.676629
v -1.529763 0.488142 0.676629
v -1.529763 0.488142 0.676629
v -1.651255 0.488142 0.676629
v -1.651255 0.488142 0.676629
vn -0.0000 -1.0000 -0.0000
vn -0.0000 -0.0000 -1.0000
vn 0.5746 -0.8185 -0.0000
vn -0.0000 1.0000 -0.0000
vn 0.7711 -0.0000 -0.6367
vn -1.0000 -0.0000 -0.0000
vn 1.0000 -0.0000 -0.0000
vn 0.5584 -0.5866 -0.5866
vn -0.0000 -0.7071 -0.7071
vn 0.9775 -0.2112 -0.0000
vn 0.6165 0.7874 -0.0000
vn 0.3423 0.6644 -0.6644
vn -0.0000 0.7071 -0.7071
vn 0.8185 0.5746 -0.0000
vn 0.2661 -0.3790 0.8863
vn -0.5746 0.8185 -0.0000
vn -0.3282 0.4675 0.8208
vn -0.0000 -0.0000 1.0000
vn 0.7711 -0.0000 0.6367
vn 0.5584 -0.5866 0.5866
vn -0.0000 -0.7071 0.7071
vn 0.3423 0.6644 0.6644
vn -0.0000 0.7071 0.7071
vn 0.2661 -0.3790 -0.8863
vn -0.3282 0.4675 -0.8208
vt 0.750000 0.500000
vt 0.625000 0.500000
vt 0.625000 0.477482
vt 0.625000 0.379383
vt 0.625000 0.375000
vt 0.625000 0.481681
vt 0.625000 0.481681
vt 0.625000 0.477399
vt 0.625000 0.494843
vt 0.625000 0.379998
vt 0.625000 0.494299
vt 0.625000 0.500000
vt 0.625000 0.500000
vt 0.625000 0.500000
vt 0.625000 0.500000
s 0
usemtl Material.005
f 3300/121/193 3302/121/193 3295/122/193
f 3300/121/193 3295/122/193 3292/122/193
f 3397/122/194 3392/122/194 3346/122/194
f 3397/122/194 3346/122/194 3379/122/194
f 3415/123/195 3418/124/195 3427/124/195
f 3415/123/195 3427/124/195 3431/123/195
f 3341/121/196 3334/122/196 3309/122/196
f 3341/121/196 3309/122/196 3312/121/196
f 3375/125/193 3304/125/193 3331/126/193
f 3375/125/193 3331/126/193 3378/127/193
f 3310/122/197 3296/122/197 3325/122/197
f 3325/122/197 3323/122/197 3389/122/197
f 3325/122/197 3389/122/197 3363/122/197
s 1
f 3358/122/197 3310/122/197 3325/122/197
s 0
f 3395/122/197 3352/122/197 3358/122/197
f 3325/122/197 3363/122/197 3395/122/197
f 3325/122/197 3395/122/197 3358/122/197
f 3387/122/198 3329/122/198 3332/126/198
f 3332/126/198 3305/125/198 3307/125/198
f 3307/125/198 3345/128/198 3348/122/198
f 3307/125/198 3348/122/198 3393/122/198
f 3387/122/198 3332/126/198 3307/125/198
f 3307/125/198 3393/122/198 3361/122/198
f 3307/125/198 3361/122/198 3387/122/198
f 3301/121/199 3293/122/199 3338/122/199
f 3301/121/199 3338/122/199 3340/121/199
s 1
f 3318/126/200 3322/122/200 3324/122/200
s 0
f 3399/122/201 3321/122/201 3316/126/201
f 3399/122/201 3316/126/201 3405/126/201
f 3299/125/202 3319/126/202 3326/122/202
f 3326/122/202 3297/122/202 3303/125/202
f 3326/122/202 3303/125/202 3299/125/202
f 3339/121/203 3337/122/203 3335/122/203
f 3339/121/203 3335/122/203 3342/121/203
f 3336/122/194 3291/122/194 3294/122/194
f 3294/122/194 3308/122/194 3333/122/194
f 3294/122/194 3333/122/194 3336/122/194
f 3351/122/204 3355/122/204 3357/122/204
f 3400/128/205 3353/128/205 3350/122/205
f 3400/128/205 3350/122/205 3408/122/205
f 3376/125/196 3384/128/196 3344/128/196
f 3376/125/196 3344/128/196 3306/125/196
f 3391/122/194 3386/122/194 3360/122/194
f 3391/122/194 3360/122/194 3385/122/194
f 3409/122/194 3390/122/194 3374/122/194
f 3409/122/194 3374/122/194 3402/122/194
f 3404/125/196 3401/128/196 3371/128/196
f 3404/125/196 3371/128/196 3365/125/196
f 3383/128/205 3370/128/205 3373/122/205
f 3383/128/205 3373/122/205 3380/122/205
f 3382/122/201 3367/122/201 3368/126/201
f 3382/122/201 3368/126/201 3377/127/201
f 3403/125/193 3364/125/193 3369/126/193
f 3403/125/193 3369/126/193 3406/126/193
f 3410/122/194 3396/122/194 3372/122/194
f 3410/122/194 3372/122/194 3407/122/194
f 3328/122/201 3382/122/201 3377/127/201
f 3328/122/201 3377/127/201 3330/126/201
f 3343/128/205 3383/128/205 3380/122/205
f 3343/128/205 3380/122/205 3347/122/205
f 3365/125/196 3371/128/196 3384/128/196
f 3365/125/196 3384/128/196 3376/125/196
f 3364/125/193 3375/125/193 3378/127/193
f 3364/125/193 3378/127/193 3369/126/193
f 3396/122/194 3397/122/194 3379/122/194
f 3396/122/194 3379/122/194 3372/122/194
f 3366/122/194 3381/122/194 3391/122/194
f 3366/122/194 3391/122/194 3390/122/194
f 3398/122/194 3366/122/194 3390/122/194
f 3398/122/194 3390/122/194 3409/122/194
f 3381/122/194 3327/122/194 3386/122/194
f 3381/122/194 3386/122/194 3391/122/194
f 3374/122/194 3385/122/194 3397/122/194
f 3374/122/194 3397/122/194 3396/122/194
f 3402/122/194 3374/122/194 3396/122/194
f 3402/122/194 3396/122/194 3410/122/194
f 3385/122/194 3360/122/194 3392/122/194
f 3385/122/194 3392/122/194 3397/122/194
f 3320/122/194 3398/122/194 3409/122/194
f 3320/122/194 3409/122/194 3388/122/194
f 3394/122/194 3410/122/194 3407/122/194
f 3394/122/194 3407/122/194 3349/122/194
f 3298/125/193 3403/125/193 3406/126/193
f 3298/125/193 3406/126/193 3317/126/193
f 3314/125/196 3354/128/196 3401/128/196
f 3314/125/196 3401/128/196 3404/125/196
f 3388/122/194 3409/122/194 3402/122/194
f 3388/122/194 3402/122/194 3362/122/194
f 3370/128/205 3400/128/205 3408/122/205
f 3370/128/205 3408/122/205 3373/122/205
f 3367/122/201 3399/122/201 3405/126/201
f 3367/122/201 3405/126/201 3368/126/201
f 3359/122/206 3356/128/206 3416/123/206
f 3359/122/206 3416/123/206 3412/129/206
f 3356/128/206 3315/125/206 3419/124/206
f 3356/128/206 3419/124/206 3416/123/206
f 3315/125/206 3313/125/206 3421/130/206
f 3315/125/206 3421/130/206 3419/124/206
f 3313/125/206 3311/122/206 3423/131/206
f 3313/125/206 3423/131/206 3421/130/206
f 3311/122/206 3359/122/206 3412/129/206
f 3311/122/206 3412/129/206 3423/131/206
f 3411/129/207 3414/123/207 3430/123/207
f 3411/129/207 3430/123/207 3432/129/207
f 3417/124/194 3420/130/194 3428/130/194
f 3417/124/194 3428/130/194 3426/124/194
f 3422/130/208 3425/131/208 3435/131/208
f 3422/130/208 3435/131/208 3429/130/208
f 3424/131/209 3413/129/209 3433/129/209
f 3424/131/209 3433/129/209 3434/131/209
f 3300/121/193 3437/122/193 3440/122/193
f 3300/121/193 3440/122/193 3302/121/193
f 3520/122/210 3502/122/210 3473/122/210
f 3520/122/210 3473/122/210 3515/122/210
f 3536/123/195 3552/123/195 3548/124/195
f 3536/123/195 3548/124/195 3539/124/195
f 3341/121/196 3312/121/196 3444/122/196
f 3341/121/196 3444/122/196 3465/122/196
f 3375/125/193 3501/127/193 3462/126/193
f 3375/125/193 3462/126/193 3304/125/193
f 3456/122/211 3441/122/211 3445/122/211
f 3445/122/211 3485/122/211 3479/122/211
f 3445/122/211 3479/122/211 3518/122/211
f 3454/122/211 3456/122/211 3445/122/211
f 3512/122/211 3454/122/211 3445/122/211
f 3445/122/211 3518/122/211 3490/122/211
f 3445/122/211 3490/122/211 3512/122/211
f 3463/126/198 3460/122/198 3510/122/198
f 3463/126/198 3510/122/198 3488/122/198
f 3307/125/198 3305/125/198 3463/126/198
f 3475/122/198 3472/128/198 3307/125/198
f 3463/126/198 3488/122/198 3516/122/198
f 3516/122/198 3475/122/198 3307/125/198
f 3516/122/198 3307/125/198 3463/126/198
f 3301/121/199 3340/121/199 3469/122/199
f 3301/121/199 3469/122/199 3438/122/199
s 1
f 3449/126/212 3455/122/212 3453/122/212
s 0
f 3522/122/213 3526/126/213 3447/126/213
f 3522/122/213 3447/126/213 3452/122/213
f 3457/122/202 3450/126/202 3299/125/202
f 3299/125/202 3303/125/202 3442/122/202
f 3299/125/202 3442/122/202 3457/122/202
f 3339/121/203 3342/121/203 3466/122/203
f 3339/121/203 3466/122/203 3468/122/203
f 3439/122/210 3436/122/210 3467/122/210
f 3467/122/210 3464/122/210 3443/122/210
f 3467/122/210 3443/122/210 3439/122/210
f 3478/122/214 3484/122/214 3482/122/214
f 3523/128/215 3529/122/215 3477/122/215
f 3523/128/215 3477/122/215 3480/128/215
f 3376/125/196 3306/125/196 3471/128/196
f 3376/125/196 3471/128/196 3507/128/196
f 3514/122/210 3508/122/210 3487/122/210
f 3514/122/210 3487/122/210 3509/122/210
f 3530/122/210 3525/122/210 3499/122/210
f 3530/122/210 3499/122/210 3513/122/210
f 3404/125/196 3365/125/196 3496/128/196
f 3404/125/196 3496/128/196 3524/128/196
f 3506/128/215 3503/122/215 3498/122/215
f 3506/128/215 3498/122/215 3495/128/215
f 3505/122/213 3500/127/213 3493/126/213
f 3505/122/213 3493/126/213 3492/122/213
f 3403/125/193 3527/126/193 3494/126/193
f 3403/125/193 3494/126/193 3364/125/193
f 3531/122/210 3528/122/210 3497/122/210
f 3531/122/210 3497/122/210 3519/122/210
f 3459/122/213 3461/126/213 3500/127/213
f 3459/122/213 3500/127/213 3505/122/213
f 3470/128/215 3474/122/215 3503/122/215
f 3470/128/215 3503/122/215 3506/128/215
f 3365/125/196 3376/125/196 3507/128/196
f 3365/125/196 3507/128/196 3496/128/196
f 3364/125/193 3494/126/193 3501/127/193
f 3364/125/193 3501/127/193 3375/125/193
f 3519/122/210 3497/122/210 3502/122/210
f 3519/122/210 3502/122/210 3520/122/210
f 3491/122/210 3513/122/210 3514/122/210
f 3491/122/210 3514/122/210 3504/122/210
f 3521/122/210 3530/122/210 3513/122/210
f 3521/122/210 3513/122/210 3491/122/210
f 3504/122/210 3514/122/210 3509/122/210
f 3504/122/210 3509/122/210 3458/122/210
f 3499/122/210 3519/122/210 3520/122/210
f 3499/122/210 3520/122/210 3508/122/210
f 3525/122/210 3531/122/210 3519/122/210
f 3525/122/210 3519/122/210 3499/122/210
f 3508/122/210 3520/122/210 3515/122/210
f 3508/122/210 3515/122/210 3487/122/210
f 3451/122/210 3511/122/210 3530/122/210
f 3451/122/210 3530/122/210 3521/122/210
f 3517/122/210 3476/122/210 3528/122/210
f 3517/122/210 3528/122/210 3531/122/210
f 3298/125/193 3448/126/193 3527/126/193
f 3298/125/193 3527/126/193 3403/125/193
f 3314/125/196 3404/125/196 3524/128/196
f 3314/125/196 3524/128/196 3481/128/196
f 3511/122/210 3489/122/210 3525/122/210
f 3511/122/210 3525/122/210 3530/122/210
f 3495/128/215 3498/122/215 3529/122/215
f 3495/128/215 3529/122/215 3523/128/215
f 3492/122/213 3493/126/213 3526/126/213
f 3492/122/213 3526/126/213 3522/122/213
f 3486/122/206 3533/129/206 3537/123/206
f 3486/122/206 3537/123/206 3483/128/206
f 3483/128/206 3537/123/206 3540/124/206
f 3483/128/206 3540/124/206 3315/125/206
f 3315/125/206 3540/124/206 3542/130/206
f 3315/125/206 3542/130/206 3313/125/206
f 3313/125/206 3542/130/206 3544/131/206
f 3313/125/206 3544/131/206 3446/122/206
f 3446/122/206 3544/131/206 3533/129/206
f 3446/122/206 3533/129/206 3486/122/206
f 3532/129/216 3553/129/216 3551/123/216
f 3532/129/216 3551/123/216 3535/123/216
f 3538/124/210 3547/124/210 3549/130/210
f 3538/124/210 3549/130/210 3541/130/210
f 3543/130/208 3550/130/208 3556/131/208
f 3543/130/208 3556/131/208 3546/131/208
f 3545/131/217 3555/131/217 3554/129/217
f 3545/131/217 3554/129/217 3534/129/217
usemtl Glass.001
f 3558/132/194 3557/122/194 3560/122/194
f 3558/132/194 3560/122/194 3559/122/194
f 3562/133/194 3561/122/194 3564/134/194
f 3562/133/194 3564/134/194 3563/135/194
f 3569/131/206 3568/129/206 3567/123/206
f 3567/123/206 3565/124/206 3566/130/206
f 3567/123/206 3566/130/206 3569/131/206
f 3571/132/210 3572/122/210 3573/122/210
f 3571/132/210 3573/122/210 3570/122/210
f 3575/133/210 3576/135/210 3577/134/210
f 3575/133/210 3577/134/210 3574/122/210
f 3580/123/206 3581/129/206 3582/131/206
f 3582/131/206 3579/130/206 3578/124/206
f 3582/131/206 3578/124/206 3580/123/206
usemtl Material.007
f 3618/134/193 3621/135/193 3627/135/193
f 3618/134/193 3627/135/193 3629/134/193
f 3596/122/199 3599/122/199 3610/122/199
f 3596/122/199 3610/122/199 3604/122/199
f 3583/122/194 3589/122/194 3594/122/194
f 3583/122/194 3594/122/194 3591/132/194
f 3589/122/194 3590/122/194 3597/122/194
f 3589/122/194 3597/122/194 3594/122/194
f 3590/122/194 3588/122/194 3600/122/194
f 3590/122/194 3600/122/194 3597/122/194
f 3588/122/194 3583/122/194 3591/132/194
f 3588/122/194 3591/132/194 3600/122/194
f 3592/132/196 3595/122/196 3603/122/196
f 3592/132/196 3603/122/196 3605/132/196
f 3598/122/193 3601/122/193 3607/122/193
f 3598/122/193 3607/122/193 3609/122/193
f 3602/122/198 3593/132/198 3606/132/198
f 3602/122/198 3606/132/198 3608/122/198
f 3586/122/194 3587/122/194 3614/122/194
f 3586/122/194 3614/122/194 3611/133/194
f 3587/122/194 3585/122/194 3617/134/194
f 3587/122/194 3617/134/194 3614/122/194
f 3585/122/194 3584/122/194 3620/135/194
f 3585/122/194 3620/135/194 3617/134/194
f 3584/122/194 3586/122/194 3611/133/194
f 3584/122/194 3611/133/194 3620/135/194
f 3622/135/198 3613/133/198 3626/133/198
f 3622/135/198 3626/133/198 3628/135/198
f 3616/122/199 3619/134/199 3630/134/199
f 3616/122/199 3630/134/199 3624/122/199
f 3612/133/196 3615/122/196 3623/122/196
f 3612/133/196 3623/122/196 3625/133/196
f 3666/134/193 3677/134/193 3675/135/193
f 3666/134/193 3675/135/193 3669/135/193
f 3644/122/199 3652/122/199 3658/122/199
f 3644/122/199 3658/122/199 3647/122/199
f 3631/122/210 3639/132/210 3642/122/210
f 3631/122/210 3642/122/210 3637/122/210
f 3637/122/210 3642/122/210 3645/122/210
f 3637/122/210 3645/122/210 3638/122/210
f 3638/122/210 3645/122/210 3648/122/210
f 3638/122/210 3648/122/210 3636/122/210
f 3636/122/210 3648/122/210 3639/132/210
f 3636/122/210 3639/132/210 3631/122/210
f 3640/132/196 3653/132/196 3651/122/196
f 3640/132/196 3651/122/196 3643/122/196
f 3646/122/193 3657/122/193 3655/122/193
f 3646/122/193 3655/122/193 3649/122/193
f 3650/122/198 3656/122/198 3654/132/198
f 3650/122/198 3654/132/198 3641/132/198
f 3634/122/210 3659/133/210 3662/122/210
f 3634/122/210 3662/122/210 3635/122/210
f 3635/122/210 3662/122/210 3665/134/210
f 3635/122/210 3665/134/210 3633/122/210
f 3633/122/210 3665/134/210 3668/135/210
f 3633/122/210 3668/135/210 3632/122/210
f 3632/122/210 3668/135/210 3659/133/210
f 3632/122/210 3659/133/210 3634/122/210
f 3670/135/198 3676/135/198 3674/133/198
f 3670/135/198 3674/133/198 3661/133/198
f 3664/122/199 3672/122/199 3678/134/199
f 3664/122/199 3678/134/199 3667/134/199
f 3660/133/196 3673/133/196 3671/122/196
f 3660/133/196 3671/122/196 3663/122/196
o Cube.003
v 1.258187 -0.716143 -0.085598
v 1.258187 -0.716143 -0.085598
v 1.258187 -0.716143 -0.085598
v 1.258187 -0.716143 -0.085598
v 1.258187 -0.648373 -0.085598
v 1.258187 -0.648373 -0.085598
v 1.258187 -0.648373 -0.085598
v 1.258187 -0.648373 -0.085598
v 1.258187 -0.716143 0.000000
v 1.258187 -0.716143 0.000000
v 1.258187 -0.648373 0.000000
v 1.258187 -0.648373 0.000000
v 1.273189 -0.663375 -0.111877
v 1.273189 -0.663375 -0.111877
v 1.273189 -0.663375 -0.111877
v 1.273189 -0.663375 -0.111877
v 1.273189 -0.701142 -0.111877
v 1.273189 -0.701142 -0.111877
v 1.273189 -0.701142 -0.111877
v 1.273189 -0.701142 -0.111877
v 1.273189 -0.663375 -0.516693
v 1.273189 -0.663375 -0.516693
v 1.273189 -0.663375 -0.516693
v 1.273189 -0.701142 -0.516693
v 1.273189 -0.701142 -0.516693
v 1.273189 -0.701142 -0.516693
v 1.069718 -0.663375 -0.596323
v 1.069718 -0.663375 -0.596323
v 1.069718 -0.663375 -0.596323
v 1.069718 -0.701142 -0.596323
v 1.069718 -0.701142 -0.596323
v 1.069718 -0.701142 -0.596323
v 0.987086 -0.663375 -0.629593
v 0.987086 -0.663375 -0.629593
v 0.987086 -0.663375 -0.629593
v 0.987086 -0.701142 -0.629593
v 0.987086 -0.701142 -0.629593
v 0.987086 -0.701142 -0.629593
v 0.987086 -0.663375 -0.596323
v 0.987086 -0.663375 -0.596323
v 0.987086 -0.663375 -0.596323
v 0.987086 -0.701142 -0.596323
v 0.987086 -0.701142 -0.596323
v 0.987086 -0.701142 -0.596323
v 1.258187 -0.596325 -0.085598
v 1.258187 -0.596325 -0.085598
v 1.258187 -0.596325 -0.085598
v 1.258187 -0.596325 -0.085598
v 1.258187 -0.528556 -0.085598
v 1.258187 -0.528556 -0.085598
v 1.258187 -0.528556 -0.085598
v 1.258187 -0.528556 -0.085598
v 1.258187 -0.596325 0.000000
v 1.258187 -0.596325 0.000000
v 1.258187 -0.528556 0.000000
v 1.258187 -0.528556 0.000000
v 1.273189 -0.543557 -0.111877
v 1.273189 -0.543557 -0.111877
v 1.273189 -0.543557 -0.111877
v 1.273189 -0.543557 -0.111877
v 1.273189 -0.581324 -0.111877
v 1.273189 -0.581324 -0.111877
v 1.273189 -0.581324 -0.111877
v 1.273189 -0.581324 -0.111877
v 1.273189 -0.543557 -0.516693
v 1.273189 -0.543557 -0.516693
v 1.273189 -0.543557 -0.516693
v 1.273189 -0.581324 -0.516693
v 1.273189 -0.581324 -0.516693
v 1.273189 -0.581324 -0.516693
v 1.019104 -0.543557 -0.551565
v 1.019104 -0.543557 -0.551565
v 1.019104 -0.543557 -0.551565
v 1.019104 -0.581324 -0.551565
v 1.019104 -0.581324 -0.551565
v 1.019104 -0.581324 -0.551565
v 1.019104 -0.543557 -0.518295
v 1.019104 -0.543557 -0.518295
v 1.019104 -0.543557 -0.518295
v 1.019104 -0.581324 -0.518295
v 1.019104 -0.581324 -0.518295
v 1.019104 -0.581324 -0.518295
v 1.082276 -0.543557 -0.517897
v 1.082276 -0.543557 -0.517897
v 1.082276 -0.543557 -0.517897
v 1.082276 -0.543557 -0.517897
v 1.082276 -0.581324 -0.517897
v 1.082276 -0.581324 -0.517897
v 1.019104 -0.459341 -0.558740
v 1.019104 -0.459341 -0.558740
v 1.019104 -0.459341 -0.558740
v 1.019104 -0.459341 -0.525470
v 1.019104 -0.459341 -0.525470
v 1.019104 -0.459341 -0.525470
v 1.019104 -0.459341 -0.525470
v 1.082276 -0.477672 -0.558341
v 1.082276 -0.477672 -0.558341
v 1.082276 -0.477672 -0.558341
v 1.082276 -0.477672 -0.525071
v 1.082276 -0.477672 -0.525071
v 1.082276 -0.477672 -0.525071
v 1.082276 -0.477672 -0.525071
v 1.082276 -0.477672 -0.525071
v 1.019104 -0.477895 -0.557159
v 1.019104 -0.477895 -0.557159
v 1.019104 -0.477895 -0.557159
v 1.082276 -0.492187 -0.556761
v 1.082276 -0.492187 -0.556761
v 1.082276 -0.492187 -0.556761
v 1.082276 -0.492187 -0.523491
v 1.082276 -0.492187 -0.523491
v 1.082276 -0.492187 -0.523491
v 1.082276 -0.492187 -0.523491
v 1.019104 -0.477895 -0.523889
v 1.019104 -0.477895 -0.523889
v 1.019104 -0.477895 -0.523889
v 1.019104 -0.477895 -0.523889
v 1.019104 -0.477895 -0.523889
v 1.033252 -0.450501 0.000000
v 1.033252 -0.450501 0.000000
v 1.033252 -0.450501 0.000000
v 1.033252 -0.450501 0.000000
v 1.033252 -0.450501 0.000000
v 1.033252 -0.450501 0.000000
v 1.033252 -0.450501 0.000000
v 1.096424 -0.468832 0.000000
v 1.096424 -0.468832 0.000000
v 1.096424 -0.468832 0.000000
v 1.096424 -0.468832 0.000000
v 1.096424 -0.468832 0.000000
v 1.096424 -0.483347 0.000000
v 1.096424 -0.483347 0.000000
v 1.096424 -0.483347 0.000000
v 1.096424 -0.483347 0.000000
v 1.096424 -0.483347 0.000000
v 1.096424 -0.483347 0.000000
v 1.096424 -0.483347 0.000000
v 1.033252 -0.469055 0.000000
v 1.033252 -0.469055 0.000000
v 1.033252 -0.469055 0.000000
v 1.033252 -0.469055 0.000000
v 1.033252 -0.469055 0.000000
v 1.313256 -0.716143 -0.085598
v 1.313256 -0.716143 -0.085598
v 1.313256 -0.716143 -0.085598
v 1.313256 -0.716143 -0.085598
v 1.313256 -0.716143 -0.085598
v 1.325957 -0.703507 -0.085598
v 1.325957 -0.703507 -0.085598
v 1.325957 -0.703507 -0.085598
v 1.325957 -0.703507 -0.085598
v 1.325957 -0.703507 -0.085598
v 1.319606 -0.714450 -0.085598
v 1.319606 -0.714450 -0.085598
v 1.319606 -0.714450 -0.085598
v 1.319606 -0.714450 -0.085598
v 1.319606 -0.714450 -0.085598
v 1.324255 -0.709825 -0.085598
v 1.324255 -0.709825 -0.085598
v 1.324255 -0.709825 -0.085598
v 1.324255 -0.709825 -0.085598
v 1.324255 -0.709825 -0.085598
v 1.325957 -0.661009 -0.085598
v 1.325957 -0.661009 -0.085598
v 1.325957 -0.661009 -0.085598
v 1.325957 -0.661009 -0.085598
v 1.325957 -0.661009 -0.085598
v 1.313256 -0.648373 -0.085598
v 1.313256 -0.648373 -0.085598
v 1.313256 -0.648373 -0.085598
v 1.313256 -0.648373 -0.085598
v 1.313256 -0.648373 -0.085598
v 1.324255 -0.654691 -0.085598
v 1.324255 -0.654691 -0.085598
v 1.324255 -0.654691 -0.085598
v 1.324255 -0.654691 -0.085598
v 1.324255 -0.654691 -0.085598
v 1.324255 -0.654691 -0.085598
v 1.319606 -0.650066 -0.085598
v 1.319606 -0.650066 -0.085598
v 1.319606 -0.650066 -0.085598
v 1.319606 -0.650066 -0.085598
v 1.319606 -0.650066 -0.085598
v 1.313268 -0.716143 0.000000
v 1.313268 -0.716143 0.000000
v 1.313268 -0.716143 0.000000
v 1.325957 -0.703517 0.000000
v 1.325957 -0.703517 0.000000
v 1.319613 -0.714452 0.000000
v 1.319613 -0.714452 0.000000
v 1.319613 -0.714452 0.000000
v 1.324257 -0.709830 0.000000
v 1.324257 -0.709830 0.000000
v 1.324257 -0.709830 0.000000
v 1.324257 -0.709830 0.000000
v 1.325957 -0.660999 0.000000
v 1.325957 -0.660999 0.000000
v 1.325957 -0.660999 0.000000
v 1.313268 -0.648373 0.000000
v 1.313268 -0.648373 0.000000
v 1.324257 -0.654686 0.000000
v 1.324257 -0.654686 0.000000
v 1.324257 -0.654686 0.000000
v 1.319613 -0.650065 0.000000
v 1.319613 -0.650065 0.000000
v 1.319613 -0.650065 0.000000
v 1.319613 -0.650065 0.000000
v 1.298267 -0.701142 -0.111877
v 1.298267 -0.701142 -0.111877
v 1.298267 -0.701142 -0.111877
v 1.298267 -0.701142 -0.111877
v 1.298267 -0.701142 -0.111877
v 1.310956 -0.688528 -0.111877
v 1.310956 -0.688528 -0.111877
v 1.310956 -0.688528 -0.111877
v 1.310956 -0.688528 -0.111877
v 1.310956 -0.688528 -0.111877
v 1.304611 -0.699452 -0.111877
v 1.304611 -0.699452 -0.111877
v 1.304611 -0.699452 -0.111877
v 1.304611 -0.699452 -0.111877
v 1.304611 -0.699452 -0.111877
v 1.304611 -0.699452 -0.111877
v 1.309256 -0.694835 -0.111877
v 1.309256 -0.694835 -0.111877
v 1.309256 -0.694835 -0.111877
v 1.309256 -0.694835 -0.111877
v 1.309256 -0.694835 -0.111877
v 1.310956 -0.675989 -0.111877
v 1.310956 -0.675989 -0.111877
v 1.310956 -0.675989 -0.111877
v 1.310956 -0.675989 -0.111877
v 1.310956 -0.675989 -0.111877
v 1.298267 -0.663375 -0.111877
v 1.298267 -0.663375 -0.111877
v 1.298267 -0.663375 -0.111877
v 1.298267 -0.663375 -0.111877
v 1.298267 -0.663375 -0.111877
v 1.309256 -0.669682 -0.111877
v 1.309256 -0.669682 -0.111877
v 1.309256 -0.669682 -0.111877
v 1.309256 -0.669682 -0.111877
v 1.309256 -0.669682 -0.111877
v 1.309256 -0.669682 -0.111877
v 1.304611 -0.665065 -0.111877
v 1.304611 -0.665065 -0.111877
v 1.304611 -0.665065 -0.111877
v 1.304611 -0.665065 -0.111877
v 1.304611 -0.665065 -0.111877
v 1.304611 -0.665065 -0.111877
v 1.273189 -0.675895 -0.549963
v 1.273189 -0.675895 -0.549963
v 1.273189 -0.675895 -0.549963
v 1.273189 -0.675895 -0.549963
v 1.273189 -0.675895 -0.549963
v 1.273189 -0.663375 -0.537165
v 1.273189 -0.663375 -0.537165
v 1.273189 -0.663375 -0.537165
v 1.273189 -0.663375 -0.537165
v 1.273189 -0.669635 -0.548249
v 1.273189 -0.669635 -0.548249
v 1.273189 -0.669635 -0.548249
v 1.273189 -0.669635 -0.548249
v 1.273189 -0.669635 -0.548249
v 1.273189 -0.665052 -0.543564
v 1.273189 -0.665052 -0.543564
v 1.273189 -0.665052 -0.543564
v 1.273189 -0.665052 -0.543564
v 1.273189 -0.665052 -0.543564
v 1.273189 -0.701142 -0.537165
v 1.273189 -0.701142 -0.537165
v 1.273189 -0.701142 -0.537165
v 1.273189 -0.701142 -0.537165
v 1.273189 -0.688621 -0.549963
v 1.273189 -0.688621 -0.549963
v 1.273189 -0.688621 -0.549963
v 1.273189 -0.688621 -0.549963
v 1.273189 -0.688621 -0.549963
v 1.273189 -0.699464 -0.543564
v 1.273189 -0.699464 -0.543564
v 1.273189 -0.699464 -0.543564
v 1.273189 -0.699464 -0.543564
v 1.273189 -0.694882 -0.548249
v 1.273189 -0.694882 -0.548249
v 1.273189 -0.694882 -0.548249
v 1.273189 -0.694882 -0.548249
v 1.273189 -0.694882 -0.548249
v 1.273189 -0.694882 -0.548249
v 1.298311 -0.701142 -0.537181
v 1.298311 -0.701142 -0.537181
v 1.298311 -0.701142 -0.537181
v 1.310956 -0.688604 -0.549963
v 1.310956 -0.688604 -0.549963
v 1.310956 -0.688604 -0.549963
v 1.310956 -0.688604 -0.549963
v 1.310956 -0.688604 -0.549963
v 1.304633 -0.699462 -0.543572
v 1.304633 -0.699462 -0.543572
v 1.304633 -0.699462 -0.543572
v 1.304633 -0.699462 -0.543572
v 1.304633 -0.699462 -0.543572
v 1.304633 -0.699462 -0.543572
v 1.309262 -0.694873 -0.548251
v 1.309262 -0.694873 -0.548251
v 1.309262 -0.694873 -0.548251
v 1.309262 -0.694873 -0.548251
v 1.309262 -0.694873 -0.548251
v 1.309262 -0.694873 -0.548251
v 1.298311 -0.663375 -0.537181
v 1.298311 -0.663375 -0.537181
v 1.298311 -0.663375 -0.537181
v 1.298311 -0.663375 -0.537181
v 1.310956 -0.675912 -0.549963
v 1.310956 -0.675912 -0.549963
v 1.310956 -0.675912 -0.549963
v 1.310956 -0.675912 -0.549963
v 1.310956 -0.675912 -0.549963
v 1.304633 -0.665054 -0.543572
v 1.304633 -0.665054 -0.543572
v 1.304633 -0.665054 -0.543572
v 1.304633 -0.665054 -0.543572
v 1.304633 -0.665054 -0.543572
v 1.309262 -0.669643 -0.548251
v 1.309262 -0.669643 -0.548251
v 1.309262 -0.669643 -0.548251
v 1.309262 -0.669643 -0.548251
v 1.309262 -0.669643 -0.548251
v 1.298300 -0.663375 -0.516693
v 1.298300 -0.663375 -0.516693
v 1.298300 -0.663375 -0.516693
v 1.298300 -0.663375 -0.516693
v 1.310956 -0.675943 -0.516693
v 1.310956 -0.675943 -0.516693
v 1.310956 -0.675943 -0.516693
v 1.310956 -0.675943 -0.516693
v 1.304628 -0.665058 -0.516693
v 1.304628 -0.665058 -0.516693
v 1.304628 -0.665058 -0.516693
v 1.304628 -0.665058 -0.516693
v 1.304628 -0.665058 -0.516693
v 1.304628 -0.665058 -0.516693
v 1.309260 -0.669659 -0.516693
v 1.309260 -0.669659 -0.516693
v 1.309260 -0.669659 -0.516693
v 1.309260 -0.669659 -0.516693
v 1.309260 -0.669659 -0.516693
v 1.310956 -0.688574 -0.516693
v 1.310956 -0.688574 -0.516693
v 1.310956 -0.688574 -0.516693
v 1.310956 -0.688574 -0.516693
v 1.298300 -0.701142 -0.516693
v 1.298300 -0.701142 -0.516693
v 1.298300 -0.701142 -0.516693
v 1.298300 -0.701142 -0.516693
v 1.309260 -0.694858 -0.516693
v 1.309260 -0.694858 -0.516693
v 1.309260 -0.694858 -0.516693
v 1.309260 -0.694858 -0.516693
v 1.309260 -0.694858 -0.516693
v 1.309260 -0.694858 -0.516693
v 1.304628 -0.699458 -0.516693
v 1.304628 -0.699458 -0.516693
v 1.304628 -0.699458 -0.516693
v 1.304628 -0.699458 -0.516693
v 1.304628 -0.699458 -0.516693
v 1.304628 -0.699458 -0.516693
v 1.069718 -0.663375 -0.616776
v 1.069718 -0.663375 -0.616776
v 1.069718 -0.663375 -0.616776
v 1.069718 -0.663375 -0.616776
v 1.069718 -0.675889 -0.629593
v 1.069718 -0.675889 -0.629593
v 1.069718 -0.675889 -0.629593
v 1.069718 -0.675889 -0.629593
v 1.057344 -0.663375 -0.629593
v 1.057344 -0.663375 -0.629593
v 1.057344 -0.663375 -0.629593
v 1.057344 -0.663375 -0.629593
v 1.057344 -0.663375 -0.629593
v 1.069718 -0.665051 -0.623184
v 1.069718 -0.665051 -0.623184
v 1.069718 -0.665051 -0.623184
v 1.069718 -0.665051 -0.623184
v 1.069718 -0.669632 -0.627876
v 1.069718 -0.669632 -0.627876
v 1.069718 -0.669632 -0.627876
v 1.069718 -0.669632 -0.627876
v 1.069718 -0.669632 -0.627876
v 1.069718 -0.688627 -0.629593
v 1.069718 -0.688627 -0.629593
v 1.069718 -0.688627 -0.629593
v 1.069718 -0.688627 -0.629593
v 1.069718 -0.688627 -0.629593
v 1.069718 -0.701142 -0.616776
v 1.069718 -0.701142 -0.616776
v 1.069718 -0.701142 -0.616776
v 1.057344 -0.701142 -0.629593
v 1.057344 -0.701142 -0.629593
v 1.057344 -0.701142 -0.629593
v 1.057344 -0.701142 -0.629593
v 1.057344 -0.701142 -0.629593
v 1.069718 -0.694884 -0.627876
v 1.069718 -0.694884 -0.627876
v 1.069718 -0.694884 -0.627876
v 1.069718 -0.694884 -0.627876
v 1.069718 -0.699465 -0.623184
v 1.069718 -0.699465 -0.623184
v 1.069718 -0.699465 -0.623184
v 1.069718 -0.699465 -0.623184
v 1.069718 -0.699465 -0.623184
v 1.313256 -0.596325 -0.085598
v 1.313256 -0.596325 -0.085598
v 1.313256 -0.596325 -0.085598
v 1.313256 -0.596325 -0.085598
v 1.313256 -0.596325 -0.085598
v 1.325957 -0.583690 -0.085598
v 1.325957 -0.583690 -0.085598
v 1.325957 -0.583690 -0.085598
v 1.325957 -0.583690 -0.085598
v 1.325957 -0.583690 -0.085598
v 1.319606 -0.594633 -0.085598
v 1.319606 -0.594633 -0.085598
v 1.319606 -0.594633 -0.085598
v 1.319606 -0.594633 -0.085598
v 1.319606 -0.594633 -0.085598
v 1.319606 -0.594633 -0.085598
v 1.324255 -0.590008 -0.085598
v 1.324255 -0.590008 -0.085598
v 1.324255 -0.590008 -0.085598
v 1.324255 -0.590008 -0.085598
v 1.324255 -0.590008 -0.085598
v 1.325957 -0.541192 -0.085598
v 1.325957 -0.541192 -0.085598
v 1.325957 -0.541192 -0.085598
v 1.325957 -0.541192 -0.085598
v 1.325957 -0.541192 -0.085598
v 1.313256 -0.528556 -0.085598
v 1.313256 -0.528556 -0.085598
v 1.313256 -0.528556 -0.085598
v 1.313256 -0.528556 -0.085598
v 1.313256 -0.528556 -0.085598
v 1.324255 -0.534874 -0.085598
v 1.324255 -0.534874 -0.085598
v 1.324255 -0.534874 -0.085598
v 1.324255 -0.534874 -0.085598
v 1.324255 -0.534874 -0.085598
v 1.324255 -0.534874 -0.085598
v 1.319606 -0.530249 -0.085598
v 1.319606 -0.530249 -0.085598
v 1.319606 -0.530249 -0.085598
v 1.319606 -0.530249 -0.085598
v 1.319606 -0.530249 -0.085598
v 1.313268 -0.596325 0.000000
v 1.313268 -0.596325 0.000000
v 1.313268 -0.596325 0.000000
v 1.325957 -0.583700 0.000000
v 1.325957 -0.583700 0.000000
v 1.319613 -0.594634 0.000000
v 1.319613 -0.594634 0.000000
v 1.319613 -0.594634 0.000000
v 1.324257 -0.590013 0.000000
v 1.324257 -0.590013 0.000000
v 1.324257 -0.590013 0.000000
v 1.324257 -0.590013 0.000000
v 1.325957 -0.541181 0.000000
v 1.325957 -0.541181 0.000000
v 1.325957 -0.541181 0.000000
v 1.313268 -0.528556 0.000000
v 1.313268 -0.528556 0.000000
v 1.324257 -0.534869 0.000000
v 1.324257 -0.534869 0.000000
v 1.324257 -0.534869 0.000000
v 1.319613 -0.530247 0.000000
v 1.319613 -0.530247 0.000000
v 1.319613 -0.530247 0.000000
v 1.319613 -0.530247 0.000000
v 1.298267 -0.581324 -0.111877
v 1.298267 -0.581324 -0.111877
v 1.298267 -0.581324 -0.111877
v 1.298267 -0.581324 -0.111877
v 1.298267 -0.581324 -0.111877
v 1.310956 -0.568710 -0.111877
v 1.310956 -0.568710 -0.111877
v 1.310956 -0.568710 -0.111877
v 1.310956 -0.568710 -0.111877
v 1.310956 -0.568710 -0.111877
v 1.304611 -0.579634 -0.111877
v 1.304611 -0.579634 -0.111877
v 1.304611 -0.579634 -0.111877
v 1.304611 -0.579634 -0.111877
v 1.304611 -0.579634 -0.111877
v 1.304611 -0.579634 -0.111877
v 1.309256 -0.575017 -0.111877
v 1.309256 -0.575017 -0.111877
v 1.309256 -0.575017 -0.111877
v 1.309256 -0.575017 -0.111877
v 1.309256 -0.575017 -0.111877
v 1.309256 -0.575017 -0.111877
v 1.310956 -0.556171 -0.111877
v 1.310956 -0.556171 -0.111877
v 1.310956 -0.556171 -0.111877
v 1.310956 -0.556171 -0.111877
v 1.310956 -0.556171 -0.111877
v 1.298267 -0.543557 -0.111877
v 1.298267 -0.543557 -0.111877
v 1.298267 -0.543557 -0.111877
v 1.298267 -0.543557 -0.111877
v 1.298267 -0.543557 -0.111877
v 1.309256 -0.549864 -0.111877
v 1.309256 -0.549864 -0.111877
v 1.309256 -0.549864 -0.111877
v 1.309256 -0.549864 -0.111877
v 1.309256 -0.549864 -0.111877
v 1.309256 -0.549864 -0.111877
v 1.304611 -0.545247 -0.111877
v 1.304611 -0.545247 -0.111877
v 1.304611 -0.545247 -0.111877
v 1.304611 -0.545247 -0.111877
v 1.304611 -0.545247 -0.111877
v 1.304611 -0.545247 -0.111877
v 1.273189 -0.556077 -0.549963
v 1.273189 -0.556077 -0.549963
v 1.273189 -0.556077 -0.549963
v 1.273189 -0.556077 -0.549963
v 1.273189 -0.556077 -0.549963
v 1.273189 -0.543557 -0.537589
v 1.273189 -0.543557 -0.537589
v 1.273189 -0.543557 -0.537589
v 1.273189 -0.543557 -0.537589
v 1.273189 -0.549817 -0.548305
v 1.273189 -0.549817 -0.548305
v 1.273189 -0.549817 -0.548305
v 1.273189 -0.549817 -0.548305
v 1.273189 -0.549817 -0.548305
v 1.273189 -0.549817 -0.548305
v 1.273189 -0.545234 -0.543776
v 1.273189 -0.545234 -0.543776
v 1.273189 -0.545234 -0.543776
v 1.273189 -0.545234 -0.543776
v 1.273189 -0.545234 -0.543776
v 1.273189 -0.545234 -0.543776
v 1.273189 -0.581324 -0.537589
v 1.273189 -0.581324 -0.537589
v 1.273189 -0.581324 -0.537589
v 1.273189 -0.581324 -0.537589
v 1.273189 -0.568804 -0.549963
v 1.273189 -0.568804 -0.549963
v 1.273189 -0.568804 -0.549963
v 1.273189 -0.568804 -0.549963
v 1.273189 -0.579647 -0.543776
v 1.273189 -0.579647 -0.543776
v 1.273189 -0.579647 -0.543776
v 1.273189 -0.579647 -0.543776
v 1.273189 -0.579647 -0.543776
v 1.273189 -0.579647 -0.543776
v 1.273189 -0.575064 -0.548305
v 1.273189 -0.575064 -0.548305
v 1.273189 -0.575064 -0.548305
v 1.273189 -0.575064 -0.548305
v 1.273189 -0.575064 -0.548305
v 1.273189 -0.575064 -0.548305
v 1.298311 -0.581324 -0.537589
v 1.298311 -0.581324 -0.537589
v 1.298311 -0.581324 -0.537589
v 1.298311 -0.581324 -0.537589
v 1.310956 -0.568786 -0.549963
v 1.310956 -0.568786 -0.549963
v 1.310956 -0.568786 -0.549963
v 1.310956 -0.568786 -0.549963
v 1.310956 -0.568786 -0.549963
v 1.304633 -0.579645 -0.543776
v 1.304633 -0.579645 -0.543776
v 1.304633 -0.579645 -0.543776
v 1.304633 -0.579645 -0.543776
v 1.304633 -0.579645 -0.543776
v 1.304633 -0.579645 -0.543776
v 1.309262 -0.575055 -0.548305
v 1.309262 -0.575055 -0.548305
v 1.309262 -0.575055 -0.548305
v 1.309262 -0.575055 -0.548305
v 1.309262 -0.575055 -0.548305
v 1.298311 -0.543557 -0.537589
v 1.298311 -0.543557 -0.537589
v 1.298311 -0.543557 -0.537589
v 1.298311 -0.543557 -0.537589
v 1.310956 -0.556095 -0.549963
v 1.310956 -0.556095 -0.549963
v 1.310956 -0.556095 -0.549963
v 1.310956 -0.556095 -0.549963
v 1.310956 -0.556095 -0.549963
v 1.304633 -0.545237 -0.543776
v 1.304633 -0.545237 -0.543776
v 1.304633 -0.545237 -0.543776
v 1.304633 -0.545237 -0.543776
v 1.304633 -0.545237 -0.543776
v 1.304633 -0.545237 -0.543776
v 1.309262 -0.549826 -0.548305
v 1.309262 -0.549826 -0.548305
v 1.309262 -0.549826 -0.548305
v 1.309262 -0.549826 -0.548305
v 1.309262 -0.549826 -0.548305
v 1.309262 -0.549826 -0.548305
v 1.298300 -0.543557 -0.516693
v 1.298300 -0.543557 -0.516693
v 1.298300 -0.543557 -0.516693
v 1.298300 -0.543557 -0.516693
v 1.310956 -0.556125 -0.516693
v 1.310956 -0.556125 -0.516693
v 1.310956 -0.556125 -0.516693
v 1.310956 -0.556125 -0.516693
v 1.304628 -0.545241 -0.516693
v 1.304628 -0.545241 -0.516693
v 1.304628 -0.545241 -0.516693
v 1.304628 -0.545241 -0.516693
v 1.304628 -0.545241 -0.516693
v 1.304628 -0.545241 -0.516693
v 1.309260 -0.549841 -0.516693
v 1.309260 -0.549841 -0.516693
v 1.309260 -0.549841 -0.516693
v 1.309260 -0.549841 -0.516693
v 1.309260 -0.549841 -0.516693
v 1.309260 -0.549841 -0.516693
v 1.310956 -0.568756 -0.516693
v 1.310956 -0.568756 -0.516693
v 1.310956 -0.568756 -0.516693
v 1.310956 -0.568756 -0.516693
v 1.298300 -0.581324 -0.516693
v 1.298300 -0.581324 -0.516693
v 1.298300 -0.581324 -0.516693
v 1.298300 -0.581324 -0.516693
v 1.309260 -0.575040 -0.516693
v 1.309260 -0.575040 -0.516693
v 1.309260 -0.575040 -0.516693
v 1.309260 -0.575040 -0.516693
v 1.309260 -0.575040 -0.516693
v 1.309260 -0.575040 -0.516693
v 1.304628 -0.579640 -0.516693
v 1.304628 -0.579640 -0.516693
v 1.304628 -0.579640 -0.516693
v 1.304628 -0.579640 -0.516693
v 1.304628 -0.579640 -0.516693
v 1.304628 -0.579640 -0.516693
v 1.082276 -0.543557 -0.538793
v 1.082276 -0.543557 -0.538793
v 1.082276 -0.543557 -0.538793
v 1.082276 -0.543557 -0.538793
v 1.082276 -0.543557 -0.538793
v 1.082276 -0.556072 -0.551167
v 1.082276 -0.556072 -0.551167
v 1.082276 -0.556072 -0.551167
v 1.069902 -0.543557 -0.551245
v 1.069902 -0.543557 -0.551245
v 1.069902 -0.543557 -0.551245
v 1.082276 -0.531256 -0.552506
v 1.082276 -0.531256 -0.552506
v 1.082276 -0.531256 -0.552506
v 1.082276 -0.545234 -0.544980
v 1.082276 -0.545234 -0.544980
v 1.082276 -0.545234 -0.544980
v 1.082276 -0.545234 -0.544980
v 1.082276 -0.549814 -0.549509
v 1.082276 -0.549814 -0.549509
v 1.082276 -0.549814 -0.549509
v 1.082276 -0.549814 -0.549509
v 1.082276 -0.568809 -0.551167
v 1.082276 -0.568809 -0.551167
v 1.082276 -0.568809 -0.551167
v 1.082276 -0.568809 -0.551167
v 1.082276 -0.581324 -0.538793
v 1.082276 -0.581324 -0.538793
v 1.082276 -0.581324 -0.538793
v 1.069902 -0.581324 -0.551245
v 1.069902 -0.581324 -0.551245
v 1.069902 -0.581324 -0.551245
v 1.069902 -0.581324 -0.551245
v 1.069902 -0.581324 -0.551245
v 1.082276 -0.575067 -0.549509
v 1.082276 -0.575067 -0.549509
v 1.082276 -0.575067 -0.549509
v 1.082276 -0.575067 -0.549509
v 1.082276 -0.575067 -0.549509
v 1.082276 -0.579648 -0.544980
v 1.082276 -0.579648 -0.544980
v 1.082276 -0.579648 -0.544980
v 1.082276 -0.579648 -0.544980
v 1.082276 -0.579648 -0.544980
v 1.258187 -0.716143 0.085598
v 1.258187 -0.716143 0.085598
v 1.258187 -0.716143 0.085598
v 1.258187 -0.716143 0.085598
v 1.258187 -0.648373 0.085598
v 1.258187 -0.648373 0.085598
v 1.258187 -0.648373 0.085598
v 1.258187 -0.648373 0.085598
v 1.273189 -0.663375 0.111877
v 1.273189 -0.663375 0.111877
v 1.273189 -0.663375 0.111877
v 1.273189 -0.663375 0.111877
v 1.273189 -0.701142 0.111877
v 1.273189 -0.701142 0.111877
v 1.273189 -0.701142 0.111877
v 1.273189 -0.701142 0.111877
v 1.273189 -0.663375 0.516693
v 1.273189 -0.663375 0.516693
v 1.273189 -0.663375 0.516693
v 1.273189 -0.701142 0.516693
v 1.273189 -0.701142 0.516693
v 1.273189 -0.701142 0.516693
v 1.069718 -0.663375 0.596323
v 1.069718 -0.663375 0.596323
v 1.069718 -0.663375 0.596323
v 1.069718 -0.701142 0.596323
v 1.069718 -0.701142 0.596323
v 1.069718 -0.701142 0.596323
v 0.987086 -0.663375 0.629593
v 0.987086 -0.663375 0.629593
v 0.987086 -0.663375 0.629593
v 0.987086 -0.701142 0.629593
v 0.987086 -0.701142 0.629593
v 0.987086 -0.701142 0.629593
v 0.987086 -0.663375 0.596323
v 0.987086 -0.663375 0.596323
v 0.987086 -0.663375 0.596323
v 0.987086 -0.701142 0.596323
v 0.987086 -0.701142 0.596323
v 0.987086 -0.701142 0.596323
v 1.258187 -0.596325 0.085598
v 1.258187 -0.596325 0.085598
v 1.258187 -0.596325 0.085598
v 1.258187 -0.596325 0.085598
v 1.258187 -0.528556 0.085598
v 1.258187 -0.528556 0.085598
v 1.258187 -0.528556 0.085598
v 1.258187 -0.528556 0.085598
v 1.273189 -0.543557 0.111877
v 1.273189 -0.543557 0.111877
v 1.273189 -0.543557 0.111877
v 1.273189 -0.543557 0.111877
v 1.273189 -0.581324 0.111877
v 1.273189 -0.581324 0.111877
v 1.273189 -0.581324 0.111877
v 1.273189 -0.581324 0.111877
v 1.273189 -0.543557 0.516693
v 1.273189 -0.543557 0.516693
v 1.273189 -0.543557 0.516693
v 1.273189 -0.581324 0.516693
v 1.273189 -0.581324 0.516693
v 1.273189 -0.581324 0.516693
v 1.019104 -0.543557 0.551565
v 1.019104 -0.543557 0.551565
v 1.019104 -0.543557 0.551565
v 1.019104 -0.581324 0.551565
v 1.019104 -0.581324 0.551565
v 1.019104 -0.581324 0.551565
v 1.019104 -0.543557 0.518295
v 1.019104 -0.543557 0.518295
v 1.019104 -0.543557 0.518295
v 1.019104 -0.581324 0.518295
v 1.019104 -0.581324 0.518295
v 1.019104 -0.581324 0.518295
v 1.082276 -0.543557 0.517897
v 1.082276 -0.543557 0.517897
v 1.082276 -0.543557 0.517897
v 1.082276 -0.543557 0.517897
v 1.082276 -0.581324 0.517897
v 1.082276 -0.581324 0.517897
v 1.019104 -0.459341 0.558740
v 1.019104 -0.459341 0.558740
v 1.019104 -0.459341 0.558740
v 1.019104 -0.459341 0.525470
v 1.019104 -0.459341 0.525470
v 1.019104 -0.459341 0.525470
v 1.019104 -0.459341 0.525470
v 1.082276 -0.477672 0.558341
v 1.082276 -0.477672 0.558341
v 1.082276 -0.477672 0.558341
v 1.082276 -0.477672 0.525071
v 1.082276 -0.477672 0.525071
v 1.082276 -0.477672 0.525071
v 1.082276 -0.477672 0.525071
v 1.082276 -0.477672 0.525071
v 1.019104 -0.477895 0.557159
v 1.019104 -0.477895 0.557159
v 1.019104 -0.477895 0.557159
v 1.082276 -0.492187 0.556761
v 1.082276 -0.492187 0.556761
v 1.082276 -0.492187 0.556761
v 1.082276 -0.492187 0.523491
v 1.082276 -0.492187 0.523491
v 1.082276 -0.492187 0.523491
v 1.082276 -0.492187 0.523491
v 1.019104 -0.477895 0.523889
v 1.019104 -0.477895 0.523889
v 1.019104 -0.477895 0.523889
v 1.019104 -0.477895 0.523889
v 1.019104 -0.477895 0.523889
v 1.313256 -0.716143 0.085598
v 1.313256 -0.716143 0.085598
v 1.313256 -0.716143 0.085598
v 1.313256 -0.716143 0.085598
v 1.313256 -0.716143 0.085598
v 1.325957 -0.703507 0.085598
v 1.325957 -0.703507 0.085598
v 1.325957 -0.703507 0.085598
v 1.325957 -0.703507 0.085598
v 1.325957 -0.703507 0.085598
v 1.319606 -0.714450 0.085598
v 1.319606 -0.714450 0.085598
v 1.319606 -0.714450 0.085598
v 1.319606 -0.714450 0.085598
v 1.319606 -0.714450 0.085598
v 1.324255 -0.709825 0.085598
v 1.324255 -0.709825 0.085598
v 1.324255 -0.709825 0.085598
v 1.324255 -0.709825 0.085598
v 1.324255 -0.709825 0.085598
v 1.325957 -0.661009 0.085598
v 1.325957 -0.661009 0.085598
v 1.325957 -0.661009 0.085598
v 1.325957 -0.661009 0.085598
v 1.325957 -0.661009 0.085598
v 1.313256 -0.648373 0.085598
v 1.313256 -0.648373 0.085598
v 1.313256 -0.648373 0.085598
v 1.313256 -0.648373 0.085598
v 1.313256 -0.648373 0.085598
v 1.324255 -0.654691 0.085598
v 1.324255 -0.654691 0.085598
v 1.324255 -0.654691 0.085598
v 1.324255 -0.654691 0.085598
v 1.324255 -0.654691 0.085598
v 1.324255 -0.654691 0.085598
v 1.319606 -0.650066 0.085598
v 1.319606 -0.650066 0.085598
v 1.319606 -0.650066 0.085598
v 1.319606 -0.650066 0.085598
v 1.319606 -0.650066 0.085598
v 1.298267 -0.701142 0.111877
v 1.298267 -0.701142 0.111877
v 1.298267 -0.701142 0.111877
v 1.298267 -0.701142 0.111877
v 1.298267 -0.701142 0.111877
v 1.310956 -0.688528 0.111877
v 1.310956 -0.688528 0.111877
v 1.310956 -0.688528 0.111877
v 1.310956 -0.688528 0.111877
v 1.310956 -0.688528 0.111877
v 1.304611 -0.699452 0.111877
v 1.304611 -0.699452 0.111877
v 1.304611 -0.699452 0.111877
v 1.304611 -0.699452 0.111877
v 1.304611 -0.699452 0.111877
v 1.304611 -0.699452 0.111877
v 1.309256 -0.694835 0.111877
v 1.309256 -0.694835 0.111877
v 1.309256 -0.694835 0.111877
v 1.309256 -0.694835 0.111877
v 1.309256 -0.694835 0.111877
v 1.310956 -0.675989 0.111877
v 1.310956 -0.675989 0.111877
v 1.310956 -0.675989 0.111877
v 1.310956 -0.675989 0.111877
v 1.310956 -0.675989 0.111877
v 1.298267 -0.663375 0.111877
v 1.298267 -0.663375 0.111877
v 1.298267 -0.663375 0.111877
v 1.298267 -0.663375 0.111877
v 1.298267 -0.663375 0.111877
v 1.309256 -0.669682 0.111877
v 1.309256 -0.669682 0.111877
v 1.309256 -0.669682 0.111877
v 1.309256 -0.669682 0.111877
v 1.309256 -0.669682 0.111877
v 1.309256 -0.669682 0.111877
v 1.304611 -0.665065 0.111877
v 1.304611 -0.665065 0.111877
v 1.304611 -0.665065 0.111877
v 1.304611 -0.665065 0.111877
v 1.304611 -0.665065 0.111877
v 1.304611 -0.665065 0.111877
v 1.273189 -0.675895 0.549963
v 1.273189 -0.675895 0.549963
v 1.273189 -0.675895 0.549963
v 1.273189 -0.675895 0.549963
v 1.273189 -0.675895 0.549963
v 1.273189 -0.663375 0.537165
v 1.273189 -0.663375 0.537165
v 1.273189 -0.663375 0.537165
v 1.273189 -0.663375 0.537165
v 1.273189 -0.669635 0.548249
v 1.273189 -0.669635 0.548249
v 1.273189 -0.669635 0.548249
v 1.273189 -0.669635 0.548249
v 1.273189 -0.669635 0.548249
v 1.273189 -0.665052 0.543564
v 1.273189 -0.665052 0.543564
v 1.273189 -0.665052 0.543564
v 1.273189 -0.665052 0.543564
v 1.273189 -0.665052 0.543564
v 1.273189 -0.701142 0.537165
v 1.273189 -0.701142 0.537165
v 1.273189 -0.701142 0.537165
v 1.273189 -0.701142 0.537165
v 1.273189 -0.688621 0.549963
v 1.273189 -0.688621 0.549963
v 1.273189 -0.688621 0.549963
v 1.273189 -0.688621 0.549963
v 1.273189 -0.688621 0.549963
v 1.273189 -0.699464 0.543564
v 1.273189 -0.699464 0.543564
v 1.273189 -0.699464 0.543564
v 1.273189 -0.699464 0.543564
v 1.273189 -0.694882 0.548249
v 1.273189 -0.694882 0.548249
v 1.273189 -0.694882 0.548249
v 1.273189 -0.694882 0.548249
v 1.273189 -0.694882 0.548249
v 1.273189 -0.694882 0.548249
v 1.298311 -0.701142 0.537181
v 1.298311 -0.701142 0.537181
v 1.298311 -0.701142 0.537181
v 1.310956 -0.688604 0.549963
v 1.310956 -0.688604 0.549963
v 1.310956 -0.688604 0.549963
v 1.310956 -0.688604 0.549963
v 1.310956 -0.688604 0.549963
v 1.304633 -0.699462 0.543572
v 1.304633 -0.699462 0.543572
v 1.304633 -0.699462 0.543572
v 1.304633 -0.699462 0.543572
v 1.304633 -0.699462 0.543572
v 1.304633 -0.699462 0.543572
v 1.309262 -0.694873 0.548251
v 1.309262 -0.694873 0.548251
v 1.309262 -0.694873 0.548251
v 1.309262 -0.694873 0.548251
v 1.309262 -0.694873 0.548251
v 1.309262 -0.694873 0.548251
v 1.298311 -0.663375 0.537181
v 1.298311 -0.663375 0.537181
v 1.298311 -0.663375 0.537181
v 1.298311 -0.663375 0.537181
v 1.310956 -0.675912 0.549963
v 1.310956 -0.675912 0.549963
v 1.310956 -0.675912 0.549963
v 1.310956 -0.675912 0.549963
v 1.310956 -0.675912 0.549963
v 1.304633 -0.665054 0.543572
v 1.304633 -0.665054 0.543572
v 1.304633 -0.665054 0.543572
v 1.304633 -0.665054 0.543572
v 1.304633 -0.665054 0.543572
v 1.309262 -0.669643 0.548251
v 1.309262 -0.669643 0.548251
v 1.309262 -0.669643 0.548251
v 1.309262 -0.669643 0.548251
v 1.309262 -0.669643 0.548251
v 1.298300 -0.663375 0.516693
v 1.298300 -0.663375 0.516693
v 1.298300 -0.663375 0.516693
v 1.298300 -0.663375 0.516693
v 1.310956 -0.675943 0.516693
v 1.310956 -0.675943 0.516693
v 1.310956 -0.675943 0.516693
v 1.310956 -0.675943 0.516693
v 1.304628 -0.665058 0.516693
v 1.304628 -0.665058 0.516693
v 1.304628 -0.665058 0.516693
v 1.304628 -0.665058 0.516693
v 1.304628 -0.665058 0.516693
v 1.304628 -0.665058 0.516693
v 1.309260 -0.669659 0.516693
v 1.309260 -0.669659 0.516693
v 1.309260 -0.669659 0.516693
v 1.309260 -0.669659 0.516693
v 1.309260 -0.669659 0.516693
v 1.310956 -0.688574 0.516693
v 1.310956 -0.688574 0.516693
v 1.310956 -0.688574 0.516693
v 1.310956 -0.688574 0.516693
v 1.298300 -0.701142 0.516693
v 1.298300 -0.701142 0.516693
v 1.298300 -0.701142 0.516693
v 1.298300 -0.701142 0.516693
v 1.309260 -0.694858 0.516693
v 1.309260 -0.694858 0.516693
v 1.309260 -0.694858 0.516693
v 1.309260 -0.694858 0.516693
v 1.309260 -0.694858 0.516693
v 1.309260 -0.694858 0.516693
v 1.304628 -0.699458 0.516693
v 1.304628 -0.699458 0.516693
v 1.304628 -0.699458 0.516693
v 1.304628 -0.699458 0.516693
v 1.304628 -0.699458 0.516693
v 1.304628 -0.699458 0.516693
v 1.069718 -0.663375 0.616776
v 1.069718 -0.663375 0.616776
v 1.069718 -0.663375 0.616776
v 1.069718 -0.663375 0.616776
v 1.069718 -0.675889 0.629593
v 1.069718 -0.675889 0.629593
v 1.069718 -0.675889 0.629593
v 1.069718 -0.675889 0.629593
v 1.057344 -0.663375 0.629593
v 1.057344 -0.663375 0.629593
v 1.057344 -0.663375 0.629593
v 1.057344 -0.663375 0.629593
v 1.057344 -0.663375 0.629593
v 1.069718 -0.665051 0.623184
v 1.069718 -0.665051 0.623184
v 1.069718 -0.665051 0.623184
v 1.069718 -0.665051 0.623184
v 1.069718 -0.669632 0.627876
v 1.069718 -0.669632 0.627876
v 1.069718 -0.669632 0.627876
v 1.069718 -0.669632 0.627876
v 1.069718 -0.669632 0.627876
v 1.069718 -0.688627 0.629593
v 1.069718 -0.688627 0.629593
v 1.069718 -0.688627 0.629593
v 1.069718 -0.688627 0.629593
v 1.069718 -0.688627 0.629593
v 1.069718 -0.701142 0.616776
v 1.069718 -0.701142 0.616776
v 1.069718 -0.701142 0.616776
v 1.057344 -0.701142 0.629593
v 1.057344 -0.701142 0.629593
v 1.057344 -0.701142 0.629593
v 1.057344 -0.701142 0.629593
v 1.057344 -0.701142 0.629593
v 1.069718 -0.694884 0.627876
v 1.069718 -0.694884 0.627876
v 1.069718 -0.694884 0.627876
v 1.069718 -0.694884 0.627876
v 1.069718 -0.699465 0.623184
v 1.069718 -0.699465 0.623184
v 1.069718 -0.699465 0.623184
v 1.069718 -0.699465 0.623184
v 1.069718 -0.699465 0.623184
v 1.313256 -0.596325 0.085598
v 1.313256 -0.596325 0.085598
v 1.313256 -0.596325 0.085598
v 1.313256 -0.596325 0.085598
v 1.313256 -0.596325 0.085598
v 1.325957 -0.583690 0.085598
v 1.325957 -0.583690 0.085598
v 1.325957 -0.583690 0.085598
v 1.325957 -0.583690 0.085598
v 1.325957 -0.583690 0.085598
v 1.319606 -0.594633 0.085598
v 1.319606 -0.594633 0.085598
v 1.319606 -0.594633 0.085598
v 1.319606 -0.594633 0.085598
v 1.319606 -0.594633 0.085598
v 1.319606 -0.594633 0.085598
v 1.324255 -0.590008 0.085598
v 1.324255 -0.590008 0.085598
v 1.324255 -0.590008 0.085598
v 1.324255 -0.590008 0.085598
v 1.324255 -0.590008 0.085598
v 1.325957 -0.541192 0.085598
v 1.325957 -0.541192 0.085598
v 1.325957 -0.541192 0.085598
v 1.325957 -0.541192 0.085598
v 1.325957 -0.541192 0.085598
v 1.313256 -0.528556 0.085598
v 1.313256 -0.528556 0.085598
v 1.313256 -0.528556 0.085598
v 1.313256 -0.528556 0.085598
v 1.313256 -0.528556 0.085598
v 1.324255 -0.534874 0.085598
v 1.324255 -0.534874 0.085598
v 1.324255 -0.534874 0.085598
v 1.324255 -0.534874 0.085598
v 1.324255 -0.534874 0.085598
v 1.324255 -0.534874 0.085598
v 1.319606 -0.530249 0.085598
v 1.319606 -0.530249 0.085598
v 1.319606 -0.530249 0.085598
v 1.319606 -0.530249 0.085598
v 1.319606 -0.530249 0.085598
v 1.298267 -0.581324 0.111877
v 1.298267 -0.581324 0.111877
v 1.298267 -0.581324 0.111877
v 1.298267 -0.581324 0.111877
v 1.298267 -0.581324 0.111877
v 1.310956 -0.568710 0.111877
v 1.310956 -0.568710 0.111877
v 1.310956 -0.568710 0.111877
v 1.310956 -0.568710 0.111877
v 1.310956 -0.568710 0.111877
v 1.304611 -0.579634 0.111877
v 1.304611 -0.579634 0.111877
v 1.304611 -0.579634 0.111877
v 1.304611 -0.579634 0.111877
v 1.304611 -0.579634 0.111877
v 1.304611 -0.579634 0.111877
v 1.309256 -0.575017 0.111877
v 1.309256 -0.575017 0.111877
v 1.309256 -0.575017 0.111877
v 1.309256 -0.575017 0.111877
v 1.309256 -0.575017 0.111877
v 1.309256 -0.575017 0.111877
v 1.310956 -0.556171 0.111877
v 1.310956 -0.556171 0.111877
v 1.310956 -0.556171 0.111877
v 1.310956 -0.556171 0.111877
v 1.310956 -0.556171 0.111877
v 1.298267 -0.543557 0.111877
v 1.298267 -0.543557 0.111877
v 1.298267 -0.543557 0.111877
v 1.298267 -0.543557 0.111877
v 1.298267 -0.543557 0.111877
v 1.309256 -0.549864 0.111877
v 1.309256 -0.549864 0.111877
v 1.309256 -0.549864 0.111877
v 1.309256 -0.549864 0.111877
v 1.309256 -0.549864 0.111877
v 1.309256 -0.549864 0.111877
v 1.304611 -0.545247 0.111877
v 1.304611 -0.545247 0.111877
v 1.304611 -0.545247 0.111877
v 1.304611 -0.545247 0.111877
v 1.304611 -0.545247 0.111877
v 1.304611 -0.545247 0.111877
v 1.273189 -0.556077 0.549963
v 1.273189 -0.556077 0.549963
v 1.273189 -0.556077 0.549963
v 1.273189 -0.556077 0.549963
v 1.273189 -0.556077 0.549963
v 1.273189 -0.543557 0.537589
v 1.273189 -0.543557 0.537589
v 1.273189 -0.543557 0.537589
v 1.273189 -0.543557 0.537589
v 1.273189 -0.549817 0.548305
v 1.273189 -0.549817 0.548305
v 1.273189 -0.549817 0.548305
v 1.273189 -0.549817 0.548305
v 1.273189 -0.549817 0.548305
v 1.273189 -0.549817 0.548305
v 1.273189 -0.545234 0.543776
v 1.273189 -0.545234 0.543776
v 1.273189 -0.545234 0.543776
v 1.273189 -0.545234 0.543776
v 1.273189 -0.545234 0.543776
v 1.273189 -0.545234 0.543776
v 1.273189 -0.581324 0.537589
v 1.273189 -0.581324 0.537589
v 1.273189 -0.581324 0.537589
v 1.273189 -0.581324 0.537589
v 1.273189 -0.568804 0.549963
v 1.273189 -0.568804 0.549963
v 1.273189 -0.568804 0.549963
v 1.273189 -0.568804 0.549963
v 1.273189 -0.579647 0.543776
v 1.273189 -0.579647 0.543776
v 1.273189 -0.579647 0.543776
v 1.273189 -0.579647 0.543776
v 1.273189 -0.579647 0.543776
v 1.273189 -0.579647 0.543776
v 1.273189 -0.575064 0.548305
v 1.273189 -0.575064 0.548305
v 1.273189 -0.575064 0.548305
v 1.273189 -0.575064 0.548305
v 1.273189 -0.575064 0.548305
v 1.273189 -0.575064 0.548305
v 1.298311 -0.581324 0.537589
v 1.298311 -0.581324 0.537589
v 1.298311 -0.581324 0.537589
v 1.298311 -0.581324 0.537589
v 1.310956 -0.568786 0.549963
v 1.310956 -0.568786 0.549963
v 1.310956 -0.568786 0.549963
v 1.310956 -0.568786 0.549963
v 1.310956 -0.568786 0.549963
v 1.304633 -0.579645 0.543776
v 1.304633 -0.579645 0.543776
v 1.304633 -0.579645 0.543776
v 1.304633 -0.579645 0.543776
v 1.304633 -0.579645 0.543776
v 1.304633 -0.579645 0.543776
v 1.309262 -0.575055 0.548305
v 1.309262 -0.575055 0.548305
v 1.309262 -0.575055 0.548305
v 1.309262 -0.575055 0.548305
v 1.309262 -0.575055 0.548305
v 1.298311 -0.543557 0.537589
v 1.298311 -0.543557 0.537589
v 1.298311 -0.543557 0.537589
v 1.298311 -0.543557 0.537589
v 1.310956 -0.556095 0.549963
v 1.310956 -0.556095 0.549963
v 1.310956 -0.556095 0.549963
v 1.310956 -0.556095 0.549963
v 1.310956 -0.556095 0.549963
v 1.304633 -0.545237 0.543776
v 1.304633 -0.545237 0.543776
v 1.304633 -0.545237 0.543776
v 1.304633 -0.545237 0.543776
v 1.304633 -0.545237 0.543776
v 1.304633 -0.545237 0.543776
v 1.309262 -0.549826 0.548305
v 1.309262 -0.549826 0.548305
v 1.309262 -0.549826 0.548305
v 1.309262 -0.549826 0.548305
v 1.309262 -0.549826 0.548305
v 1.309262 -0.549826 0.548305
v 1.298300 -0.543557 0.516693
v 1.298300 -0.543557 0.516693
v 1.298300 -0.543557 0.516693
v 1.298300 -0.543557 0.516693
v 1.310956 -0.556125 0.516693
v 1.310956 -0.556125 0.516693
v 1.310956 -0.556125 0.516693
v 1.310956 -0.556125 0.516693
v 1.304628 -0.545241 0.516693
v 1.304628 -0.545241 0.516693
v 1.304628 -0.545241 0.516693
v 1.304628 -0.545241 0.516693
v 1.304628 -0.545241 0.516693
v 1.304628 -0.545241 0.516693
v 1.309260 -0.549841 0.516693
v 1.309260 -0.549841 0.516693
v 1.309260 -0.549841 0.516693
v 1.309260 -0.549841 0.516693
v 1.309260 -0.549841 0.516693
v 1.309260 -0.549841 0.516693
v 1.310956 -0.568756 0.516693
v 1.310956 -0.568756 0.516693
v 1.310956 -0.568756 0.516693
v 1.310956 -0.568756 0.516693
v 1.298300 -0.581324 0.516693
v 1.298300 -0.581324 0.516693
v 1.298300 -0.581324 0.516693
v 1.298300 -0.581324 0.516693
v 1.309260 -0.575040 0.516693
v 1.309260 -0.575040 0.516693
v 1.309260 -0.575040 0.516693
v 1.309260 -0.575040 0.516693
v 1.309260 -0.575040 0.516693
v 1.309260 -0.575040 0.516693
v 1.304628 -0.579640 0.516693
v 1.304628 -0.579640 0.516693
v 1.304628 -0.579640 0.516693
v 1.304628 -0.579640 0.516693
v 1.304628 -0.579640 0.516693
v 1.304628 -0.579640 0.516693
v 1.082276 -0.543557 0.538793
v 1.082276 -0.543557 0.538793
v 1.082276 -0.543557 0.538793
v 1.082276 -0.543557 0.538793
v 1.082276 -0.543557 0.538793
v 1.082276 -0.556072 0.551167
v 1.082276 -0.556072 0.551167
v 1.082276 -0.556072 0.551167
v 1.069902 -0.543557 0.551245
v 1.069902 -0.543557 0.551245
v 1.069902 -0.543557 0.551245
v 1.082276 -0.531256 0.552506
v 1.082276 -0.531256 0.552506
v 1.082276 -0.531256 0.552506
v 1.082276 -0.545234 0.544980
v 1.082276 -0.545234 0.544980
v 1.082276 -0.545234 0.544980
v 1.082276 -0.545234 0.544980
v 1.082276 -0.549814 0.549509
v 1.082276 -0.549814 0.549509
v 1.082276 -0.549814 0.549509
v 1.082276 -0.549814 0.549509
v 1.082276 -0.568809 0.551167
v 1.082276 -0.568809 0.551167
v 1.082276 -0.568809 0.551167
v 1.082276 -0.568809 0.551167
v 1.082276 -0.581324 0.538793
v 1.082276 -0.581324 0.538793
v 1.082276 -0.581324 0.538793
v 1.069902 -0.581324 0.551245
v 1.069902 -0.581324 0.551245
v 1.069902 -0.581324 0.551245
v 1.069902 -0.581324 0.551245
v 1.069902 -0.581324 0.551245
v 1.082276 -0.575067 0.549509
v 1.082276 -0.575067 0.549509
v 1.082276 -0.575067 0.549509
v 1.082276 -0.575067 0.549509
v 1.082276 -0.575067 0.549509
v 1.082276 -0.579648 0.544980
v 1.082276 -0.579648 0.544980
v 1.082276 -0.579648 0.544980
v 1.082276 -0.579648 0.544980
v 1.082276 -0.579648 0.544980
vn -1.0000 -0.0000 -0.0000
vn -0.0000 -1.0000 -0.0000
vn -0.0000 0.8685 -0.4958
vn 0.8685 -0.0000 -0.4958
vn -0.0000 1.0000 -0.0000
vn -0.8685 -0.0000 -0.4958
vn 1.0000 -0.0000 -0.0000
vn -0.0000 -0.0000 -1.0000
vn 0.3644 -0.0000 -0.9312
vn -0.0000 -0.8685 -0.4958
vn -0.3644 -0.0000 0.9312
vn -0.0000 -0.0000 1.0000
vn -0.0183 -0.0951 -0.9953
vn -0.0047 -0.0949 -0.9955
vn -0.0049 -0.0947 -0.9955
vn 0.0063 -0.0000 -1.0000
vn -0.0063 -0.0000 1.0000
vn 0.2787 0.9604 -0.0000
vn 0.9996 -0.0015 -0.0270
vn 0.0045 0.0951 0.9955
vn 0.0045 0.0952 0.9954
vn 0.0045 0.0952 0.9955
vn 0.2787 0.9601 -0.0237
vn 0.2786 0.9601 -0.0237
vn -0.2207 -0.9751 0.0224
vn -0.2206 -0.9751 0.0224
vn -0.9996 0.0009 0.0269
vn -0.9996 0.0011 0.0269
vn 0.2536 0.9358 -0.2448
vn 0.4170 0.6503 -0.6350
vn 0.2585 0.2557 -0.9316
vn 0.2585 -0.2557 -0.9316
vn 0.4170 -0.6503 -0.6350
vn 0.2536 -0.9358 -0.2448
vn 0.6016 -0.0431 -0.7976
vn 0.6016 -0.0431 -0.7977
vn 0.6016 -0.0430 -0.7977
vn 0.6015 -0.0431 -0.7977
vn 0.2563 -0.2476 -0.9344
vn 0.4144 -0.6399 -0.6472
vn 0.2546 -0.9334 -0.2530
vn 0.2576 -0.9663 -0.0000
vn 0.2576 -0.9662 -0.0000
vn 0.7053 -0.7089 -0.0001
vn 0.9656 -0.2601 -0.0000
vn 0.9656 -0.2600 -0.0000
vn 0.2576 0.9662 -0.0000
vn 0.2576 0.9663 -0.0000
vn 0.7053 0.7089 -0.0001
vn 0.9656 0.2600 -0.0000
vn 0.9656 0.2601 -0.0000
vn 0.7912 0.2133 -0.5732
vn 0.7912 0.2131 -0.5732
vn 0.5487 0.5519 -0.6280
vn 0.5488 0.5517 -0.6280
vn 0.2110 0.7922 -0.5726
vn 0.2112 0.7922 -0.5726
vn 0.2110 -0.7922 -0.5726
vn 0.2112 -0.7922 -0.5726
vn 0.5486 -0.5519 -0.6280
vn 0.5485 -0.5520 -0.6280
vn 0.7912 -0.2132 -0.5732
vn 0.7912 -0.2131 -0.5732
vn -0.0001 -0.9672 -0.2539
vn -0.0001 -0.7148 -0.6993
vn 0.0001 -0.7140 -0.7002
vn -0.0000 -0.2642 -0.9645
vn 0.0001 -0.2641 -0.9645
vn -0.0001 0.9672 -0.2539
vn -0.0000 0.9673 -0.2536
vn 0.0001 0.7147 -0.6994
vn -0.0000 0.7142 -0.6999
vn -0.0000 0.7143 -0.6998
vn 0.0001 0.7148 -0.6993
vn -0.0000 0.2635 -0.9647
vn 0.0001 0.2642 -0.9645
vn 0.9654 0.2608 0.0002
vn 0.9655 0.2605 0.0002
vn 0.7043 0.7099 0.0004
vn 0.7042 0.7100 0.0004
vn 0.2570 0.9664 0.0002
vn 0.2568 0.9665 0.0004
vn 0.2572 -0.9664 0.0003
vn 0.2572 -0.9664 0.0002
vn 0.7045 -0.7097 0.0003
vn 0.7047 -0.7096 0.0004
vn 0.9654 -0.2608 0.0002
vn 0.9655 -0.2605 0.0002
vn 0.9655 0.2605 -0.0000
vn 0.9655 0.2602 -0.0000
vn 0.7050 0.7092 -0.0000
vn 0.2572 0.9664 -0.0000
vn 0.2574 0.9663 -0.0000
vn 0.2572 -0.9664 -0.0000
vn 0.2574 -0.9663 -0.0000
vn 0.7050 -0.7092 -0.0000
vn 0.9655 -0.2605 -0.0000
vn 0.9655 -0.2602 -0.0000
vn 0.3531 0.2476 -0.9022
vn 0.3531 0.2471 -0.9023
vn 0.2638 0.6898 -0.6742
vn 0.2638 0.6899 -0.6741
vn 0.0986 0.9627 -0.2519
vn 0.0987 0.9626 -0.2523
vn 0.3531 -0.2476 -0.9022
vn 0.2637 -0.6901 -0.6739
vn 0.2640 -0.6895 -0.6745
vn 0.2638 -0.6897 -0.6743
vn 0.2638 -0.6899 -0.6741
vn 0.0987 -0.9626 -0.2523
vn 0.0985 -0.9627 -0.2519
vn 0.5489 -0.5517 -0.6280
vn -0.0000 -0.9651 -0.2620
vn 0.0001 -0.9651 -0.2619
vn 0.0001 -0.7029 -0.7113
vn 0.0002 -0.7025 -0.7117
vn 0.0001 -0.2556 -0.9668
vn 0.0001 -0.2557 -0.9668
vn -0.0000 0.9651 -0.2620
vn 0.0001 0.9652 -0.2617
vn 0.0001 0.7025 -0.7117
vn 0.0001 0.7026 -0.7116
vn 0.0001 0.2557 -0.9668
vn 0.0001 0.2560 -0.9667
vn 0.7043 0.7099 0.0003
vn 0.2572 0.9664 0.0001
vn 0.2569 -0.9664 0.0001
vn 0.2567 -0.9665 0.0002
vn 0.7042 -0.7100 0.0002
vn 0.7047 0.7096 -0.0000
vn 0.7048 0.7094 -0.0000
vn 0.7050 -0.7092 -0.0001
vn 0.0061 -0.2560 -0.9667
vn 0.0061 -0.2561 -0.9666
vn 0.0045 -0.7029 -0.7112
vn 0.0045 -0.7031 -0.7111
vn 0.0017 -0.9652 -0.2617
vn 0.0016 -0.9652 -0.2616
vn 0.0061 0.2561 -0.9666
vn 0.0061 0.2560 -0.9667
vn 0.0045 0.7031 -0.7111
vn 0.0045 0.7029 -0.7112
vn 0.0017 0.9652 -0.2616
vn 0.0016 0.9652 -0.2617
vn -0.0000 0.8685 0.4958
vn 0.8685 -0.0000 0.4958
vn -0.8685 -0.0000 0.4958
vn 0.3644 -0.0000 0.9312
vn -0.0000 -0.8685 0.4958
vn -0.3644 -0.0000 -0.9312
vn -0.0183 -0.0951 0.9953
vn -0.0047 -0.0949 0.9955
vn -0.0045 -0.0951 0.9955
vn 0.0063 -0.0000 1.0000
vn -0.0063 -0.0000 -1.0000
vn 0.9996 -0.0015 0.0270
vn 0.0045 0.0951 -0.9955
vn 0.0045 0.0952 -0.9954
vn 0.0045 0.0952 -0.9955
vn 0.2786 0.9601 0.0237
vn 0.2787 0.9601 0.0237
vn -0.2206 -0.9751 -0.0224
vn -0.2207 -0.9751 -0.0224
vn -0.9996 0.0009 -0.0269
vn -0.9996 0.0011 -0.0269
vn 0.2536 0.9358 0.2448
vn 0.4170 0.6503 0.6350
vn 0.2585 0.2557 0.9316
vn 0.2585 -0.2557 0.9316
vn 0.4170 -0.6503 0.6350
vn 0.2536 -0.9358 0.2448
vn 0.6016 -0.0431 0.7977
vn 0.6017 -0.0431 0.7976
vn 0.6015 -0.0431 0.7977
vn 0.2563 -0.2476 0.9344
vn 0.4144 -0.6399 0.6472
vn 0.2546 -0.9334 0.2530
vn 0.7053 -0.7089 0.0001
vn 0.7053 0.7089 0.0001
vn 0.7912 0.2131 0.5732
vn 0.7912 0.2133 0.5732
vn 0.5488 0.5517 0.6280
vn 0.5487 0.5519 0.6280
vn 0.2112 0.7922 0.5726
vn 0.2110 0.7922 0.5726
vn 0.2112 -0.7922 0.5726
vn 0.2110 -0.7922 0.5726
vn 0.5485 -0.5520 0.6280
vn 0.5486 -0.5519 0.6280
vn 0.7912 -0.2131 0.5732
vn 0.7912 -0.2132 0.5732
vn -0.0001 -0.9672 0.2539
vn 0.0001 -0.7140 0.7002
vn -0.0001 -0.7148 0.6993
vn 0.0001 -0.2641 0.9645
vn -0.0000 -0.2642 0.9645
vn -0.0000 0.9673 0.2536
vn -0.0001 0.9672 0.2539
vn 0.0001 0.7147 0.6994
vn 0.0001 0.7148 0.6993
vn -0.0000 0.7143 0.6998
vn -0.0000 0.7142 0.6999
vn 0.0001 0.2642 0.9645
vn -0.0000 0.2635 0.9647
vn 0.9655 0.2605 -0.0002
vn 0.9654 0.2608 -0.0002
vn 0.7042 0.7100 -0.0004
vn 0.7043 0.7099 -0.0004
vn 0.2568 0.9665 -0.0004
vn 0.2570 0.9664 -0.0002
vn 0.2572 -0.9664 -0.0002
vn 0.2572 -0.9664 -0.0003
vn 0.7047 -0.7096 -0.0004
vn 0.7045 -0.7097 -0.0003
vn 0.9655 -0.2605 -0.0002
vn 0.9654 -0.2608 -0.0002
vn 0.3531 0.2471 0.9023
vn 0.3531 0.2476 0.9022
vn 0.2638 0.6898 0.6742
vn 0.2638 0.6899 0.6741
vn 0.0987 0.9626 0.2523
vn 0.0986 0.9627 0.2519
vn 0.3531 -0.2476 0.9022
vn 0.2637 -0.6901 0.6739
vn 0.2638 -0.6899 0.6741
vn 0.2638 -0.6897 0.6743
vn 0.2640 -0.6895 0.6745
vn 0.0985 -0.9627 0.2519
vn 0.0987 -0.9626 0.2523
vn 0.5489 -0.5517 0.6280
vn 0.0001 -0.9651 0.2619
vn -0.0000 -0.9651 0.2620
vn 0.0002 -0.7025 0.7117
vn 0.0001 -0.7029 0.7113
vn 0.0001 -0.2557 0.9668
vn 0.0001 -0.2556 0.9668
vn 0.0001 0.9652 0.2617
vn -0.0000 0.9651 0.2620
vn 0.0001 0.7026 0.7116
vn 0.0001 0.7025 0.7117
vn 0.0001 0.2560 0.9667
vn 0.0001 0.2557 0.9668
vn 0.7043 0.7099 -0.0003
vn 0.2572 0.9664 -0.0001
vn 0.2567 -0.9665 -0.0002
vn 0.2569 -0.9664 -0.0001
vn 0.7042 -0.7100 -0.0002
vn 0.7050 -0.7092 0.0001
vn 0.0061 -0.2561 0.9666
vn 0.0061 -0.2560 0.9667
vn 0.0045 -0.7031 0.7111
vn 0.0045 -0.7029 0.7112
vn 0.0016 -0.9652 0.2616
vn 0.0017 -0.9652 0.2617
vn 0.0061 0.2560 0.9667
vn 0.0061 0.2561 0.9666
vn 0.0045 0.7029 0.7112
vn 0.0045 0.7031 0.7111
vn 0.0016 0.9652 0.2617
vn 0.0017 0.9652 0.2616
vt 0.375000 0.125000
vt 0.625000 0.125000
vt 0.625000 0.250000
vt 0.375000 0.250000
vt 0.291005 0.500000
vt 0.125000 0.500000
vt 0.291226 0.500000
vt 0.875000 0.500000
vt 0.671855 0.500000
vt 0.708995 0.500000
vt 0.578387 0.500000
vt 0.421613 0.500000
vt 0.458500 0.500000
vt 0.541500 0.500000
vt 0.328145 0.500000
vt 0.328191 0.625000
vt 0.125000 0.625000
vt 0.875000 0.625000
vt 0.671809 0.625000
vt 0.578424 0.625000
vt 0.421576 0.625000
vt 0.708774 0.500000
vt 0.708702 0.500000
vt 0.291298 0.500000
vt 0.542158 0.250000
vt 0.457842 0.250000
vt 0.458196 0.500000
vt 0.541804 0.500000
vt 0.542121 0.250000
vt 0.457879 0.250000
vt 0.291005 0.500000
vt 0.457994 0.500000
vt 0.542006 0.500000
vt 0.578387 0.500000
vt 0.541500 0.500000
vt 0.328191 0.625000
vt 0.578424 0.625000
vt 0.708702 0.500000
vt 0.625000 0.250000
vt 0.458196 0.500000
vt 0.542121 0.250000
vt 0.457842 0.250000
vt 0.375000 0.250000
vt 0.613901 0.250000
vt 0.583579 0.250000
vt 0.613901 0.250000
vt 0.583579 0.250000
vt 0.352088 0.500000
vt 0.351596 0.625000
vt 0.397788 0.500000
vt 0.398288 0.625000
vt 0.648404 0.625000
vt 0.647912 0.500000
vt 0.601712 0.625000
vt 0.602212 0.500000
vt 0.583593 0.500000
vt 0.666657 0.500000
vt 0.333343 0.500000
vt 0.416407 0.500000
vt 0.333149 0.500000
vt 0.363786 0.500000
vt 0.375000 0.488786
vt 0.666851 0.500000
vt 0.625000 0.458149
vt 0.583503 0.488786
vt 0.583560 0.250000
vt 0.583503 0.500000
vt 0.583402 0.500000
vt 0.666887 0.500000
vt 0.333113 0.500000
vt 0.416497 0.500000
vt 0.416598 0.500000
vt 0.351596 0.625000
vt 0.601712 0.625000
vt 0.583593 0.500000
vt 0.333343 0.500000
vt 0.416407 0.500000
vt 0.333149 0.500000
vt 0.363786 0.500000
vt 0.375000 0.488786
vt 0.666851 0.500000
vt 0.625000 0.458149
vt 0.583503 0.488786
vt 0.583560 0.250000
vt 0.583503 0.500000
vt 0.416598 0.500000
s 0
usemtl Material.010
f 3688/136/218 3690/137/218 3686/138/218
f 3688/136/218 3686/138/218 3682/139/218
f 3887/140/219 3696/141/219 3702/141/219
f 3887/140/219 3702/141/219 4029/142/219
f 3683/143/220 3846/144/220 3912/145/220
f 3683/143/220 3912/145/220 3691/143/220
f 3843/146/221 3827/147/221 3893/148/221
f 3843/146/221 3893/148/221 3908/149/221
f 3680/141/219 3822/150/219 3862/151/219
f 3680/141/219 3862/151/219 3687/152/219
f 3699/143/222 3934/143/222 4045/143/222
f 3699/143/222 4045/143/222 3706/143/222
f 3681/139/223 3685/138/223 3693/138/223
f 3681/139/223 3693/138/223 3697/139/223
f 3847/144/222 3684/143/222 3689/153/222
f 3847/144/222 3689/153/222 3877/154/222
f 3830/147/224 3845/146/224 3876/155/224
f 3830/147/224 3876/155/224 3866/156/224
f 3699/143/222 4006/157/222 3987/158/222
f 3699/143/222 3987/158/222 3934/143/222
f 4029/142/219 3702/141/219 3948/141/219
f 4029/142/219 3948/141/219 3967/159/219
f 3711/138/225 4053/138/225 4049/160/225
f 4049/160/225 4067/161/225 4075/139/225
f 4075/139/225 3714/139/225 3711/138/225
f 4049/160/225 4075/139/225 3711/138/225
f 3948/141/219 3702/141/219 3709/141/219
f 3948/141/219 3709/141/219 4072/141/219
f 3911/149/224 3895/148/224 4028/162/224
f 3911/149/224 4028/162/224 4013/163/224
f 3692/143/222 3913/145/222 4006/157/222
f 3692/143/222 4006/157/222 3699/143/222
f 3698/139/218 3694/138/218 3701/138/218
f 3698/139/218 3701/138/218 3704/139/218
f 3933/164/226 3956/165/226 4071/161/226
f 3933/164/226 4071/161/226 4052/160/226
f 4089/150/227 3723/141/227 3739/141/227
f 4089/150/227 3739/141/227 4155/166/227
f 3703/139/228 3700/138/228 3707/138/228
f 3703/139/228 3707/138/228 3710/139/228
f 4013/163/224 4028/162/224 3974/167/224
f 4013/163/224 3974/167/224 3995/168/224
f 3952/165/225 3929/164/225 3991/168/225
f 3952/165/225 3991/168/225 3970/167/225
f 3722/139/218 3719/138/218 3713/138/218
f 3722/139/218 3713/138/218 3716/139/218
f 3718/143/222 3706/143/222 4045/143/222
f 4045/143/222 4054/143/222 3712/143/222
f 4045/143/222 3712/143/222 3718/143/222
f 3708/139/229 3705/138/229 3717/138/229
f 3708/139/229 3717/138/229 3720/139/229
f 3715/141/219 4076/141/219 4072/141/219
f 4072/141/219 3709/141/219 3721/141/219
f 4072/141/219 3721/141/219 3715/141/219
f 3732/136/218 3734/137/218 3730/138/218
f 3732/136/218 3730/138/218 3726/139/218
f 4156/166/219 3740/141/219 3746/141/219
f 4156/166/219 3746/141/219 4305/142/219
f 3727/143/220 4115/144/220 4182/145/220
f 3727/143/220 4182/145/220 3735/143/220
f 4112/169/221 4095/147/221 4162/148/221
f 4112/169/221 4162/148/221 4178/170/221
f 3724/141/219 4090/150/219 4131/171/219
f 3724/141/219 4131/171/219 3731/152/219
f 3743/143/222 4206/143/222 4321/143/222
f 3743/143/222 4321/143/222 3761/143/222
f 3725/139/223 3729/138/223 3737/138/223
f 3725/139/223 3737/138/223 3741/139/223
f 4116/144/222 3728/143/222 3733/153/222
f 4116/144/222 3733/153/222 4146/154/222
f 4098/147/224 4114/169/224 4145/172/224
f 4098/147/224 4145/172/224 4135/156/224
f 3743/143/222 4281/157/222 4261/173/222
f 3743/143/222 4261/173/222 4206/143/222
s 1
f 3787/138/230 3783/138/230 3768/138/230
f 3787/138/230 3768/138/230 3776/138/230
f 3786/138/231 4334/138/231 4331/174/231
f 4331/174/231 3750/138/231 3782/138/232
f 4331/174/231 3782/138/232 3786/138/231
s 0
f 4221/141/219 3746/141/219 3765/141/219
f 4221/141/219 3765/141/219 4347/141/219
f 4181/170/224 4164/148/224 4304/175/224
f 4181/170/224 4304/175/224 4288/163/224
f 3736/143/222 4183/145/222 4281/157/222
f 3736/143/222 4281/157/222 3743/143/222
f 3742/139/218 3738/138/218 3745/138/218
f 3742/139/218 3745/138/218 3748/139/218
f 4203/176/233 4227/165/233 4345/177/233
f 4203/176/233 4345/177/233 4327/160/233
f 3766/178/234 3764/174/234 3756/138/234
f 3766/178/234 3756/138/234 3759/139/234
f 3790/143/224 3763/143/224 4325/143/224
f 4325/143/224 4333/143/224 3785/143/224
f 4325/143/224 3785/143/224 3790/143/224
f 3754/141/218 3760/141/218 3757/138/218
f 3754/141/218 3757/138/218 3751/143/218
f 4224/165/225 4199/176/225 4264/168/225
f 4224/165/225 4264/168/225 4244/167/225
f 4288/163/224 4304/175/224 4248/167/224
f 4288/163/224 4248/167/224 4268/168/224
f 3747/139/234 3744/138/234 3764/174/234
f 3747/139/234 3764/174/234 3766/178/234
f 4305/142/219 3746/141/219 4221/141/219
f 4305/142/219 4221/141/219 4242/159/219
f 3777/143/235 3774/143/235 3767/143/235
f 3777/143/235 3767/143/235 3770/143/235
f 3790/143/224 3785/143/224 3775/143/224
f 3790/143/224 3775/143/224 3781/143/224
s 1
f 3789/143/236 3780/143/236 3808/143/236
f 3789/143/236 3808/143/236 3811/143/236
s 0
f 3784/143/218 3796/138/218 3773/138/218
f 3784/143/218 3773/138/218 3769/143/218
f 3751/143/218 3757/138/218 3796/138/218
f 3751/143/218 3796/138/218 3784/143/218
s 1
f 3755/138/237 3762/174/238 3788/174/239
f 3755/138/237 3788/174/239 3792/138/238
s 0
f 3752/141/219 4350/141/219 4347/141/219
f 4347/141/219 3765/141/219 3758/141/219
f 4347/141/219 3758/141/219 3752/141/219
f 3749/138/233 4329/174/233 4327/160/233
f 4327/160/233 4345/177/233 4351/178/233
f 4351/178/233 3753/139/233 3749/138/233
f 4327/160/233 4351/178/233 3749/138/233
f 3816/138/229 3809/174/229 3804/174/229
f 3816/138/229 3804/174/229 3797/138/229
f 3779/143/240 3771/143/240 3801/143/240
f 3778/143/241 3800/143/241 3806/143/241
f 3794/138/242 3791/174/242 3813/174/242
f 3793/138/243 3812/174/243 3817/138/243
s 1
f 3772/138/244 3795/138/244 3819/138/245
f 3772/138/244 3819/138/245 3802/138/245
s 0
f 4048/138/246 4059/179/246 4055/138/246
f 4061/179/247 4066/180/247 4057/138/247
f 4062/180/248 4050/160/248 4056/138/248
f 4068/141/249 4080/141/249 4078/141/249
f 4083/141/250 4088/141/250 4079/141/250
f 4086/141/251 4074/141/251 4077/141/251
s 1
f 4332/138/252 4324/138/253 4338/181/254
f 4342/182/255 4328/160/253 4330/174/253
f 4332/138/252 4338/181/254 4342/182/255
f 4342/182/255 4330/174/253 4332/138/252
s 0
f 4346/141/256 4358/141/256 4353/141/256
f 4359/141/257 4364/141/257 4354/141/257
f 4363/141/258 4349/141/258 4352/141/258
s 1
f 3863/151/259 3825/150/259 3832/183/259
s 0
f 3864/151/260 3833/183/260 3867/184/260
f 3869/184/261 3835/183/261 3837/185/261
f 3869/184/261 3837/185/261 3871/186/261
f 3872/186/262 3840/185/262 3828/147/262
f 3873/186/263 3829/147/263 3865/156/263
f 3850/144/264 3878/154/264 3883/187/264
s 1
f 3849/144/265 3882/187/265 3859/188/265
s 0
f 3861/188/266 3885/187/266 3880/189/266
f 3861/188/266 3880/189/266 3853/190/266
f 3856/190/267 3881/189/267 3875/155/267
f 3855/190/268 3874/155/268 3844/146/268
f 3841/146/269 3907/149/269 3920/191/269
f 3842/146/270 3921/191/270 3854/190/270
f 3851/190/271 3917/191/271 3926/192/271
f 3852/190/272 3927/192/272 3860/188/272
f 3857/188/273 3923/192/273 3914/145/273
f 3858/188/274 3915/145/274 3848/144/274
f 3823/150/275 3888/140/275 3896/193/275
f 3824/150/276 3897/193/276 3831/183/276
f 3834/183/277 3899/193/277 3902/194/277
s 1
f 3834/183/278 3902/194/278 3836/185/278
s 0
f 3838/185/279 3904/194/279 3891/148/279
f 3839/185/280 3892/148/280 3826/147/280
f 3969/159/281 3951/141/281 3960/141/281
f 3969/159/281 3960/141/281 3980/195/281
s 1
f 3975/195/282 3957/141/282 3961/141/282
s 0
f 3976/195/283 3962/141/283 3981/196/283
f 3982/197/284 3963/139/284 3953/165/284
s 1
f 3983/197/285 3954/165/285 3971/167/285
f 3937/143/286 3990/158/286 4000/198/286
s 0
f 3936/143/287 3999/198/287 3947/143/287
s 1
f 3943/138/288 3996/199/289 4001/200/290
f 3943/138/288 4001/200/290 3938/201/291
s 0
f 3939/201/292 4002/200/292 3992/168/292
f 3940/201/293 3993/168/293 3930/164/293
f 4010/163/294 3994/168/294 4004/202/294
f 4011/163/295 4005/202/295 4022/203/295
f 4020/203/296 4003/202/296 3998/198/296
s 1
f 4020/203/297 3998/198/297 4017/204/297
s 0
f 4015/204/298 3997/198/298 3989/158/298
s 1
f 4014/204/299 3988/158/299 4007/157/299
s 0
f 4031/142/300 3968/159/300 3978/195/300
f 4030/142/301 3977/195/301 4039/205/301
f 4042/205/302 3979/195/302 3984/206/302
f 4043/205/303 3985/206/303 4033/207/303
f 4036/207/304 3986/206/304 3972/167/304
f 4037/207/305 3973/167/305 4025/162/305
f 3909/149/306 4012/163/306 4023/203/306
f 3910/149/307 4024/203/307 3922/191/307
s 1
f 3918/191/308 4021/203/308 4018/204/308
s 0
f 3919/191/308 4019/204/308 3928/192/308
f 3924/192/309 4016/204/309 4008/157/309
f 3925/192/310 4009/157/310 3916/145/310
f 3889/140/311 4032/142/311 4040/205/311
f 3890/140/312 4041/205/312 3898/193/312
s 1
f 3900/193/313 4044/205/313 4034/207/313
s 0
f 3901/193/313 4035/207/313 3903/194/313
f 3905/194/314 4038/207/314 4026/162/314
f 3906/194/315 4027/162/315 3894/148/315
f 3931/164/316 4051/160/316 4064/180/316
f 3932/164/317 4065/180/317 3942/201/317
s 1
f 3941/201/318 4063/180/319 4060/138/318
f 3941/201/318 4060/138/318 3946/138/318
s 0
f 3944/143/320 4058/143/320 4046/143/320
f 3945/143/321 4047/143/321 3935/143/321
s 1
f 4069/161/322 3955/165/322 3965/139/322
s 0
f 4070/161/322 3966/139/322 4082/139/322
s 1
f 4081/141/323 3964/141/324 3959/141/325
f 4081/141/323 3959/141/325 4087/141/326
s 0
f 4085/141/327 3958/141/327 3950/141/327
f 4084/141/328 3949/141/328 4073/141/328
s 1
f 4132/171/259 4093/150/259 4100/183/259
s 0
f 4133/171/260 4101/183/260 4136/208/260
s 1
f 4138/208/261 4104/183/261 4106/185/261
s 0
f 4138/208/261 4106/185/261 4140/186/261
f 4141/186/262 4109/185/262 4096/147/262
f 4142/186/263 4097/147/263 4134/156/263
f 4119/144/264 4147/154/264 4152/187/264
f 4118/144/265 4151/187/265 4128/188/265
f 4130/188/266 4154/187/266 4149/209/266
f 4130/188/266 4149/209/266 4122/190/266
f 4125/190/267 4150/209/267 4144/172/267
f 4124/190/268 4143/172/268 4113/169/268
f 4110/169/269 4177/170/269 4190/210/269
f 4111/169/270 4191/210/270 4123/190/270
f 4120/190/271 4187/210/271 4196/192/271
f 4121/190/272 4197/192/272 4129/188/272
f 4126/188/273 4193/192/273 4184/145/273
f 4127/188/274 4185/145/274 4117/144/274
f 4091/150/275 4157/166/275 4165/211/275
f 4092/150/276 4166/211/276 4099/183/276
f 4102/183/277 4168/211/277 4171/212/277
s 1
f 4103/183/329 4172/212/329 4105/185/329
s 0
f 4107/185/279 4174/212/279 4160/148/279
f 4108/185/280 4161/148/280 4094/147/280
f 4240/159/330 4220/141/330 4228/141/330
f 4241/159/331 4229/141/331 4249/213/331
f 4250/213/332 4230/141/332 4234/141/332
f 4251/213/333 4235/141/333 4255/214/333
s 1
f 4256/215/334 4236/139/334 4225/165/334
s 0
f 4256/215/335 4225/165/335 4245/167/335
f 4204/143/336 4260/173/336 4269/216/336
f 4205/143/337 4270/216/337 4214/143/337
f 4215/138/338 4271/217/338 4275/218/338
s 1
f 4216/138/339 4276/218/339 4208/219/339
s 0
f 4209/219/340 4277/218/340 4265/168/340
f 4210/219/341 4266/168/341 4200/176/341
f 4285/163/294 4267/168/294 4279/220/294
f 4286/163/295 4280/220/295 4298/203/295
f 4295/203/296 4278/220/296 4273/216/296
s 1
f 4296/203/342 4274/216/342 4292/204/342
s 0
f 4289/204/298 4272/216/298 4262/173/298
f 4290/204/343 4263/173/343 4282/157/343
f 4307/142/344 4243/159/344 4253/213/344
s 1
f 4306/142/345 4252/213/345 4315/205/345
s 0
f 4318/205/346 4254/213/346 4257/206/346
f 4319/205/303 4258/206/303 4309/221/303
f 4312/221/304 4259/206/304 4246/167/304
f 4313/221/305 4247/167/305 4301/175/305
f 4179/170/306 4287/163/306 4299/203/306
f 4180/170/307 4300/203/307 4192/210/307
f 4188/210/347 4297/203/347 4293/204/347
f 4189/210/348 4294/204/348 4198/192/348
f 4194/192/309 4291/204/309 4283/157/309
f 4195/192/310 4284/157/310 4186/145/310
f 4158/166/311 4308/142/311 4316/205/311
f 4159/166/312 4317/205/312 4167/211/312
s 1
f 4170/211/349 4320/205/349 4311/221/349
s 0
f 4169/211/313 4310/221/313 4173/212/313
f 4175/212/314 4314/221/314 4302/175/314
f 4176/212/315 4303/175/315 4163/148/315
f 4343/177/350 4226/165/350 4238/139/350
f 4344/177/351 4239/139/351 4357/178/351
f 4356/141/352 4237/141/352 4233/141/352
f 4355/141/353 4232/141/353 4362/141/353
f 4361/141/354 4231/141/354 4223/141/354
s 1
f 4360/141/355 4222/141/355 4348/141/355
s 0
f 4202/176/356 4326/160/356 4341/182/356
f 4201/176/357 4340/182/357 4213/219/357
s 1
f 4211/219/358 4339/182/358 4336/138/358
s 0
f 4212/219/359 4337/138/359 4219/138/359
f 4218/143/360 4335/143/360 4323/143/360
f 4217/143/361 4322/143/361 4207/143/361
f 3821/150/227 3679/141/227 3695/141/227
f 3821/150/227 3695/141/227 3886/140/227
f 3688/136/218 4368/139/218 4372/138/218
f 3688/136/218 4372/138/218 3690/137/218
f 4517/140/219 4659/142/219 4384/141/219
f 4517/140/219 4384/141/219 4378/141/219
f 4369/143/362 4373/143/362 4542/145/362
f 4369/143/362 4542/145/362 4500/144/362
f 4497/146/363 4538/149/363 4523/148/363
f 4497/146/363 4523/148/363 4481/147/363
f 4366/141/219 3687/152/219 3862/151/219
f 4366/141/219 3862/151/219 4476/150/219
f 4381/143/222 4388/143/222 4675/143/222
f 4381/143/222 4675/143/222 4564/143/222
f 4367/139/364 4379/139/364 4375/138/364
f 4367/139/364 4375/138/364 4371/138/364
f 4501/144/222 3877/154/222 3689/153/222
f 4501/144/222 3689/153/222 4370/143/222
f 4484/147/224 3866/156/224 3876/155/224
f 4484/147/224 3876/155/224 4499/146/224
f 4381/143/222 4564/143/222 4617/158/222
f 4381/143/222 4617/158/222 4636/157/222
f 4659/142/219 4597/159/219 4578/141/219
f 4659/142/219 4578/141/219 4384/141/219
f 4679/160/229 4683/138/229 4393/138/229
f 4393/138/229 4396/139/229 4705/139/229
f 4705/139/229 4697/161/229 4679/160/229
f 4393/138/229 4705/139/229 4679/160/229
f 4578/141/219 4702/141/219 4391/141/219
f 4578/141/219 4391/141/219 4384/141/219
f 4541/149/224 4643/163/224 4658/162/224
f 4541/149/224 4658/162/224 4525/148/224
f 4374/143/222 4381/143/222 4636/157/222
f 4374/143/222 4636/157/222 4543/145/222
f 4380/139/218 4386/139/218 4383/138/218
f 4380/139/218 4383/138/218 4376/138/218
f 4563/164/365 4682/160/365 4701/161/365
f 4563/164/365 4701/161/365 4586/165/365
f 4719/150/366 4761/166/366 4417/141/366
f 4719/150/366 4417/141/366 4405/141/366
f 4385/139/367 4392/139/367 4389/138/367
f 4385/139/367 4389/138/367 4382/138/367
f 4643/163/224 4625/168/224 4604/167/224
f 4643/163/224 4604/167/224 4658/162/224
f 4582/165/229 4600/167/229 4621/168/229
f 4582/165/229 4621/168/229 4559/164/229
f 4404/139/218 4398/139/218 4395/138/218
f 4404/139/218 4395/138/218 4401/138/218
f 4675/143/222 4388/143/222 4400/143/222
f 4400/143/222 4394/143/222 4684/143/222
f 4400/143/222 4684/143/222 4675/143/222
f 4390/139/225 4402/139/225 4399/138/225
f 4390/139/225 4399/138/225 4387/138/225
f 4702/141/219 4706/141/219 4397/141/219
f 4397/141/219 4403/141/219 4391/141/219
f 4397/141/219 4391/141/219 4702/141/219
f 3732/136/218 4408/139/218 4412/138/218
f 3732/136/218 4412/138/218 3734/137/218
f 4762/166/219 4911/142/219 4424/141/219
f 4762/166/219 4424/141/219 4418/141/219
f 4409/143/362 4413/143/362 4788/145/362
f 4409/143/362 4788/145/362 4745/144/362
f 4742/169/363 4784/170/363 4768/148/363
f 4742/169/363 4768/148/363 4725/147/363
f 4406/141/219 3731/152/219 4131/171/219
f 4406/141/219 4131/171/219 4720/150/219
f 4421/143/222 4439/143/222 4927/143/222
f 4421/143/222 4927/143/222 4812/143/222
f 4407/139/364 4419/139/364 4415/138/364
f 4407/139/364 4415/138/364 4411/138/364
f 4746/144/222 4146/154/222 3733/153/222
f 4746/144/222 3733/153/222 4410/143/222
f 4728/147/224 4135/156/224 4145/172/224
f 4728/147/224 4145/172/224 4744/169/224
f 4421/143/222 4812/143/222 4867/173/222
f 4421/143/222 4867/173/222 4887/157/222
s 1
f 4465/138/368 4454/138/368 4446/138/368
f 4465/138/368 4446/138/368 4461/138/368
f 4937/174/369 4940/138/369 4464/138/369
f 4464/138/369 4460/138/369 4428/138/370
f 4464/138/369 4428/138/370 4937/174/369
s 0
f 4827/141/219 4953/141/219 4443/141/219
f 4827/141/219 4443/141/219 4424/141/219
f 4787/170/224 4894/163/224 4910/175/224
f 4787/170/224 4910/175/224 4770/148/224
f 4414/143/222 4421/143/222 4887/157/222
f 4414/143/222 4887/157/222 4789/145/222
f 4420/139/218 4426/139/218 4423/138/218
f 4420/139/218 4423/138/218 4416/138/218
f 4809/176/371 4933/160/371 4951/177/371
f 4809/176/371 4951/177/371 4833/165/371
f 4444/178/372 4437/139/372 4434/138/372
f 4444/178/372 4434/138/372 4442/174/372
f 4931/143/224 4441/143/224 4468/143/224
f 4468/143/224 4463/143/224 4939/143/224
f 4468/143/224 4939/143/224 4931/143/224
f 4432/141/218 4429/143/218 4435/138/218
f 4432/141/218 4435/138/218 4438/141/218
f 4830/165/229 4850/167/229 4870/168/229
f 4830/165/229 4870/168/229 4805/176/229
f 4894/163/224 4874/168/224 4854/167/224
f 4894/163/224 4854/167/224 4910/175/224
f 4425/139/372 4444/178/372 4442/174/372
f 4425/139/372 4442/174/372 4422/138/372
f 4911/142/219 4848/159/219 4827/141/219
f 4911/142/219 4827/141/219 4424/141/219
f 4455/143/235 4448/143/235 4445/143/235
f 4455/143/235 4445/143/235 4452/143/235
f 4468/143/224 4459/143/224 4453/143/224
f 4468/143/224 4453/143/224 4463/143/224
s 1
f 4467/143/373 3810/143/373 3807/143/373
f 4467/143/373 3807/143/373 4458/143/373
s 0
f 4462/143/218 4447/143/218 4451/138/218
f 4462/143/218 4451/138/218 4474/138/218
f 4429/143/218 4462/143/218 4474/138/218
f 4429/143/218 4474/138/218 4435/138/218
s 1
f 4433/138/374 4470/138/375 4466/174/376
f 4433/138/374 4466/174/376 4440/174/375
s 0
f 4953/141/219 4956/141/219 4430/141/219
f 4430/141/219 4436/141/219 4443/141/219
f 4430/141/219 4443/141/219 4953/141/219
f 4933/160/371 4935/174/371 4427/138/371
f 4427/138/371 4431/139/371 4957/178/371
f 4957/178/371 4951/177/371 4933/160/371
f 4427/138/371 4957/178/371 4933/160/371
f 4456/143/377 3805/143/377 3798/143/377
f 4457/143/378 3799/143/378 4449/143/378
f 4471/138/379 3818/138/379 3814/174/379
f 4472/138/380 3815/174/380 4469/174/380
s 1
f 4450/138/381 3803/138/382 3820/138/382
f 4450/138/381 3820/138/382 4473/138/381
s 0
f 4678/138/383 4685/138/383 4689/179/383
f 4691/179/384 4687/138/384 4696/180/384
f 4692/180/385 4686/138/385 4680/160/385
f 4698/141/386 4708/141/386 4710/141/386
f 4713/141/387 4709/141/387 4718/141/387
f 4716/141/388 4707/141/388 4704/141/388
s 1
f 4944/181/389 4930/138/389 4938/138/390
f 4938/138/390 4936/174/390 4934/160/391
f 4948/182/389 4944/181/389 4938/138/390
f 4938/138/390 4934/160/391 4948/182/389
s 0
f 4952/141/392 4959/141/392 4964/141/392
f 4965/141/393 4960/141/393 4970/141/393
f 4969/141/394 4958/141/394 4955/141/394
f 3864/151/260 3867/184/260 4487/183/260
s 1
f 3863/151/259 4486/183/259 4479/150/259
s 0
f 3868/184/395 3870/186/395 4491/185/395
f 3868/184/395 4491/185/395 4489/183/395
f 3873/186/263 3865/156/263 4483/147/263
f 3872/186/262 4482/147/262 4494/185/262
s 1
f 4503/144/265 4513/188/265 3882/187/265
s 0
f 4504/144/264 3883/187/264 3878/154/264
f 4515/188/396 4507/190/396 3879/189/396
f 4515/188/396 3879/189/396 3884/187/396
f 4509/190/268 4498/146/268 3874/155/268
f 4510/190/267 3875/155/267 3881/189/267
f 4496/146/397 4508/190/397 4551/191/397
f 4495/146/398 4550/191/398 4537/149/398
f 4506/190/399 4514/188/399 4557/192/399
f 4505/190/400 4556/192/400 4547/191/400
f 4512/188/401 4502/144/401 4545/145/401
f 4511/188/402 4544/145/402 4553/192/402
f 4478/150/403 4485/183/403 4527/193/403
f 4477/150/404 4526/193/404 4518/140/404
s 1
f 4488/183/405 4490/185/405 4532/194/405
s 0
f 4488/183/406 4532/194/406 4529/193/406
f 4493/185/407 4480/147/407 4522/148/407
f 4492/185/408 4521/148/408 4534/194/408
f 4599/159/409 4610/195/409 4590/141/409
f 4599/159/409 4590/141/409 4581/141/409
f 4606/195/410 4611/196/410 4592/141/410
s 1
f 4605/195/411 4591/141/411 4587/141/411
f 4613/197/412 4601/167/412 4584/165/412
s 0
f 4612/197/413 4583/165/413 4593/139/413
f 4566/143/414 4577/143/414 4629/198/414
s 1
f 4567/143/415 4630/198/415 4620/158/415
f 4573/138/416 4568/201/417 4631/200/418
f 4573/138/416 4631/200/418 4626/199/419
s 0
f 4570/201/420 4560/164/420 4623/168/420
f 4569/201/421 4622/168/421 4632/200/421
f 4641/163/422 4652/203/422 4635/202/422
f 4640/163/423 4634/202/423 4624/168/423
s 1
f 4650/203/424 4647/204/424 4628/198/424
s 0
f 4650/203/425 4628/198/425 4633/202/425
s 1
f 4644/204/426 4637/157/426 4618/158/426
s 0
f 4645/204/427 4619/158/427 4627/198/427
f 4660/142/428 4669/205/428 4607/195/428
f 4661/142/429 4608/195/429 4598/159/429
f 4673/205/430 4663/207/430 4615/206/430
f 4672/205/431 4614/206/431 4609/195/431
f 4667/207/432 4655/162/432 4603/167/432
f 4666/207/433 4602/167/433 4616/206/433
f 4540/149/307 4552/191/307 4654/203/307
f 4539/149/306 4653/203/306 4642/163/306
f 4549/191/308 4558/192/308 4649/204/308
s 1
f 4548/191/308 4648/204/308 4651/203/308
s 0
f 4555/192/310 4546/145/310 4639/157/310
f 4554/192/309 4638/157/309 4646/204/309
f 4520/140/312 4528/193/312 4671/205/312
f 4519/140/311 4670/205/311 4662/142/311
f 4531/193/313 4533/194/313 4665/207/313
s 1
f 4530/193/313 4664/207/313 4674/205/313
s 0
f 4536/194/315 4524/148/315 4657/162/315
f 4535/194/314 4656/162/314 4668/207/314
f 4562/164/434 4572/201/434 4695/180/434
f 4561/164/435 4694/180/435 4681/160/435
s 1
f 4571/201/436 4576/138/436 4690/138/436
f 4571/201/436 4690/138/436 4693/180/437
s 0
f 4575/143/438 4565/143/438 4677/143/438
f 4574/143/439 4676/143/439 4688/143/439
f 4700/161/440 4712/139/440 4596/139/440
s 1
f 4699/161/440 4595/139/440 4585/165/440
f 4711/141/441 4717/141/442 4589/141/443
f 4711/141/441 4589/141/443 4594/141/444
s 0
f 4714/141/445 4703/141/445 4579/141/445
f 4715/141/446 4580/141/446 4588/141/446
f 4133/171/260 4136/208/260 4731/183/260
s 1
f 4132/171/259 4730/183/259 4723/150/259
s 0
f 4137/208/395 4139/186/395 4736/185/395
s 1
f 4137/208/395 4736/185/395 4734/183/395
s 0
f 4142/186/263 4134/156/263 4727/147/263
f 4141/186/262 4726/147/262 4739/185/262
f 4748/144/265 4758/188/265 4151/187/265
f 4749/144/264 4152/187/264 4147/154/264
f 4760/188/396 4752/190/396 4148/209/396
f 4760/188/396 4148/209/396 4153/187/396
f 4754/190/268 4743/169/268 4143/172/268
f 4755/190/267 4144/172/267 4150/209/267
f 4741/169/397 4753/190/397 4797/210/397
f 4740/169/398 4796/210/398 4783/170/398
f 4751/190/399 4759/188/399 4803/192/399
f 4750/190/400 4802/192/400 4793/210/400
f 4757/188/401 4747/144/401 4791/145/401
f 4756/188/402 4790/145/402 4799/192/402
f 4722/150/403 4729/183/403 4772/211/403
f 4721/150/404 4771/211/404 4763/166/404
s 1
f 4733/183/447 4735/185/447 4778/212/447
s 0
f 4732/183/406 4777/212/406 4774/211/406
f 4738/185/407 4724/147/407 4767/148/407
f 4737/185/408 4766/148/408 4780/212/408
f 4847/159/448 4855/213/448 4835/141/448
f 4846/159/449 4834/141/449 4826/141/449
f 4857/213/450 4861/214/450 4841/141/450
f 4856/213/451 4840/141/451 4836/141/451
f 4862/215/452 4851/167/452 4831/165/452
s 1
f 4862/215/453 4831/165/453 4842/139/453
s 0
f 4811/143/454 4820/143/454 4876/216/454
f 4810/143/455 4875/216/455 4866/173/455
s 1
f 4822/138/456 4814/219/456 4882/218/456
s 0
f 4821/138/457 4881/218/457 4877/217/457
f 4816/219/458 4806/176/458 4872/168/458
f 4815/219/459 4871/168/459 4883/218/459
f 4892/163/422 4904/203/422 4886/220/422
f 4891/163/423 4885/220/423 4873/168/423
s 1
f 4902/203/460 4898/204/460 4880/216/460
s 0
f 4901/203/425 4879/216/425 4884/220/425
f 4896/204/461 4888/157/461 4869/173/461
f 4895/204/427 4868/173/427 4878/216/427
s 1
f 4912/142/462 4921/205/462 4858/213/462
s 0
f 4913/142/463 4859/213/463 4849/159/463
f 4925/205/430 4915/221/430 4864/206/430
f 4924/205/464 4863/206/464 4860/213/464
f 4919/221/432 4907/175/432 4853/167/432
f 4918/221/433 4852/167/433 4865/206/433
f 4786/170/307 4798/210/307 4906/203/307
f 4785/170/306 4905/203/306 4893/163/306
f 4795/210/348 4804/192/348 4900/204/348
f 4794/210/347 4899/204/347 4903/203/347
f 4801/192/310 4792/145/310 4890/157/310
f 4800/192/309 4889/157/309 4897/204/309
f 4765/166/312 4773/211/312 4923/205/312
f 4764/166/311 4922/205/311 4914/142/311
f 4775/211/313 4779/212/313 4916/221/313
s 1
f 4776/211/465 4917/221/465 4926/205/465
s 0
f 4782/212/315 4769/148/315 4909/175/315
f 4781/212/314 4908/175/314 4920/221/314
f 4950/177/466 4963/178/466 4845/139/466
f 4949/177/467 4844/139/467 4832/165/467
f 4961/141/468 4968/141/468 4838/141/468
f 4962/141/469 4839/141/469 4843/141/469
s 1
f 4966/141/470 4954/141/470 4828/141/470
s 0
f 4967/141/471 4829/141/471 4837/141/471
f 4807/176/472 4819/219/472 4946/182/472
f 4808/176/473 4947/182/473 4932/160/473
f 4818/219/474 4825/138/474 4943/138/474
s 1
f 4817/219/475 4942/138/475 4945/182/475
s 0
f 4823/143/476 4813/143/476 4928/143/476
f 4824/143/477 4929/143/477 4941/143/477
f 4475/150/366 4516/140/366 4377/141/366
f 4475/150/366 4377/141/366 4365/141/366
o Plane.001
v -2.082642 0.114772 -0.712155
v -2.082642 0.114772 -0.712155
v -2.082642 0.114772 -0.712155
v -1.792072 0.114772 -0.712155
v -1.792072 0.114772 -0.712155
v -1.792072 0.114772 -0.712155
v -1.792072 0.813387 -0.520795
v -1.792072 0.813387 -0.520795
v -1.792072 0.813387 -0.520795
v -2.082642 0.813387 -0.520795
v -2.082642 0.813387 -0.520795
v -2.082642 0.813387 -0.520795
v -2.082642 0.187414 -0.712155
v -2.082642 0.187414 -0.712155
v -2.082642 0.260056 -0.712155
v -2.082642 0.260056 -0.712155
v -2.082642 0.332699 -0.712155
v -2.082642 0.332699 -0.712155
v -2.082642 0.405341 -0.712155
v -2.082642 0.405341 -0.712155
v -2.082642 0.477983 -0.712155
v -2.082642 0.477983 -0.712155
v -2.082642 0.550626 -0.712155
v -2.082642 0.550626 -0.712155
v -2.082642 0.623268 -0.712155
v -2.082642 0.623268 -0.712155
v -2.082642 0.695910 -0.712155
v -2.082642 0.695910 -0.712155
v -2.082642 0.695910 -0.712155
v -2.082642 0.768553 -0.712155
v -2.082642 0.768553 -0.712155
v -2.082642 0.768553 -0.712155
v -2.082642 0.768553 -0.712155
v -2.082642 0.768553 -0.712155
v -2.082642 0.813387 -0.666080
v -2.082642 0.813387 -0.666080
v -2.082642 0.813387 -0.666080
v -2.082642 0.813387 -0.666080
v -2.082642 0.813387 -0.593437
v -2.082642 0.813387 -0.593437
v -2.082642 0.813387 -0.593437
v -1.792072 0.187414 -0.712155
v -1.792072 0.187414 -0.712155
v -1.792072 0.260056 -0.712155
v -1.792072 0.260056 -0.712155
v -1.792072 0.332699 -0.712155
v -1.792072 0.332699 -0.712155
v -1.792072 0.405341 -0.712155
v -1.792072 0.405341 -0.712155
v -1.792072 0.477983 -0.712155
v -1.792072 0.477983 -0.712155
v -1.792072 0.550626 -0.712155
v -1.792072 0.550626 -0.712155
v -1.792072 0.623268 -0.712155
v -1.792072 0.623268 -0.712155
v -1.792072 0.695910 -0.712155
v -1.792072 0.695910 -0.712155
v -1.792072 0.695910 -0.712155
v -1.792072 0.768553 -0.712155
v -1.792072 0.768553 -0.712155
v -1.792072 0.768553 -0.712155
v -1.792072 0.768553 -0.712155
v -1.792072 0.813387 -0.666080
v -1.792072 0.813387 -0.666080
v -1.792072 0.813387 -0.666080
v -1.792072 0.813387 -0.666080
v -1.792072 0.813387 -0.666080
v -1.792072 0.813387 -0.593437
v -1.792072 0.813387 -0.593437
v -1.792072 0.813387 -0.593437
v -1.821689 0.114772 -0.712155
v -1.821689 0.114772 -0.712155
v -1.821689 0.114772 -0.712155
v -1.821689 0.813387 -0.520795
v -1.821689 0.813387 -0.520795
v -1.821689 0.813387 -0.520795
v -1.821689 0.187414 -0.712155
v -1.821689 0.187414 -0.712155
v -1.821689 0.187414 -0.712155
v -1.821689 0.214648 -0.712155
v -1.821689 0.214648 -0.712155
v -1.821689 0.214648 -0.712155
v -1.821689 0.332699 -0.712155
v -1.821689 0.332699 -0.712155
v -1.821689 0.332699 -0.712155
v -1.821689 0.355616 -0.712155
v -1.821689 0.355616 -0.712155
v -1.821689 0.355616 -0.712155
v -1.821689 0.477983 -0.712155
v -1.821689 0.477983 -0.712155
v -1.821689 0.477983 -0.712155
v -1.821689 0.503081 -0.712155
v -1.821689 0.503081 -0.712155
v -1.821689 0.503081 -0.712155
v -1.821689 0.623268 -0.712155
v -1.821689 0.623268 -0.712155
v -1.821689 0.623268 -0.712155
v -1.821689 0.649138 -0.712155
v -1.821689 0.649138 -0.712155
v -1.821689 0.649138 -0.712155
v -1.821689 0.768553 -0.712155
v -1.821689 0.768553 -0.712155
v -1.821689 0.768553 -0.712155
v -1.821689 0.768553 -0.712155
v -1.821689 0.768553 -0.712155
v -1.821689 0.813387 -0.666926
v -1.821689 0.813387 -0.666926
v -1.821689 0.813387 -0.666926
v -1.821689 0.813387 -0.666926
v -1.821689 0.813387 -0.666926
v -1.821689 0.813387 -0.593437
v -1.821689 0.813387 -0.593437
v -1.821689 0.813387 -0.593437
v -2.049895 0.813387 -0.520795
v -2.049895 0.813387 -0.520795
v -2.049895 0.813387 -0.520795
v -2.049895 0.187414 -0.712155
v -2.049895 0.187414 -0.712155
v -2.049895 0.187414 -0.712155
v -2.049895 0.214648 -0.712155
v -2.049895 0.214648 -0.712155
v -2.049895 0.214648 -0.712155
v -2.049895 0.332699 -0.712155
v -2.049895 0.332699 -0.712155
v -2.049895 0.332699 -0.712155
v -2.049895 0.355616 -0.712155
v -2.049895 0.355616 -0.712155
v -2.049895 0.355616 -0.712155
v -2.049895 0.477983 -0.712155
v -2.049895 0.477983 -0.712155
v -2.049895 0.477983 -0.712155
v -2.049895 0.503081 -0.712155
v -2.049895 0.503081 -0.712155
v -2.049895 0.503081 -0.712155
v -2.049895 0.623268 -0.712155
v -2.049895 0.623268 -0.712155
v -2.049895 0.623268 -0.712155
v -2.049895 0.649138 -0.712155
v -2.049895 0.649138 -0.712155
v -2.049895 0.649138 -0.712155
v -2.049895 0.768553 -0.712155
v -2.049895 0.768553 -0.712155
v -2.049895 0.768553 -0.712155
v -2.049895 0.768553 -0.712155
v -2.049895 0.768553 -0.712155
v -2.049895 0.813387 -0.666926
v -2.049895 0.813387 -0.666926
v -2.049895 0.813387 -0.666926
v -2.049895 0.813387 -0.666926
v -2.049895 0.813387 -0.666926
v -2.049895 0.813387 -0.666926
v -2.049895 0.813387 -0.593437
v -2.049895 0.813387 -0.593437
v -2.049895 0.813387 -0.593437
v -2.049895 0.114772 -0.712155
v -2.049895 0.114772 -0.712155
v -2.049895 0.114772 -0.712155
v -2.082642 0.114772 -0.720872
v -2.082642 0.114772 -0.720872
v -2.082642 0.114772 -0.720872
v -1.792072 0.114772 -0.720872
v -1.792072 0.114772 -0.720872
v -1.792072 0.114772 -0.720872
v -1.792072 0.822104 -0.520795
v -1.792072 0.822104 -0.520795
v -1.792072 0.822104 -0.520795
v -2.082642 0.822104 -0.520795
v -2.082642 0.822104 -0.520795
v -2.082642 0.822104 -0.520795
v -2.082642 0.187414 -0.720872
v -2.082642 0.187414 -0.720872
v -2.082642 0.260056 -0.720872
v -2.082642 0.260056 -0.720872
v -2.082642 0.332699 -0.720872
v -2.082642 0.332699 -0.720872
v -2.082642 0.405341 -0.720872
v -2.082642 0.405341 -0.720872
v -2.082642 0.477983 -0.720872
v -2.082642 0.477983 -0.720872
v -2.082642 0.550626 -0.720872
v -2.082642 0.550626 -0.720872
v -2.082642 0.623268 -0.720872
v -2.082642 0.623268 -0.720872
v -2.082642 0.695910 -0.720872
v -2.082642 0.695910 -0.720872
v -2.082642 0.695910 -0.720872
v -2.082642 0.695910 -0.720872
v -2.082685 0.771925 -0.720193
v -2.082685 0.771925 -0.720193
v -2.082685 0.771925 -0.720193
v -2.082685 0.771925 -0.720193
v -2.082684 0.821475 -0.669332
v -2.082684 0.821475 -0.669332
v -2.082684 0.821475 -0.669332
v -2.082684 0.821475 -0.669332
v -2.082684 0.821475 -0.669332
v -2.082642 0.822104 -0.593437
v -2.082642 0.822104 -0.593437
v -2.082642 0.822104 -0.593437
v -2.082642 0.822104 -0.593437
v -1.792072 0.187414 -0.720872
v -1.792072 0.187414 -0.720872
v -1.792072 0.260056 -0.720872
v -1.792072 0.260056 -0.720872
v -1.792072 0.332699 -0.720872
v -1.792072 0.332699 -0.720872
v -1.792072 0.405341 -0.720872
v -1.792072 0.405341 -0.720872
v -1.792072 0.477983 -0.720872
v -1.792072 0.477983 -0.720872
v -1.792072 0.550626 -0.720872
v -1.792072 0.550626 -0.720872
v -1.792072 0.623268 -0.720872
v -1.792072 0.623268 -0.720872
v -1.792072 0.695910 -0.720872
v -1.792072 0.695910 -0.720872
v -1.792072 0.695910 -0.720872
v -1.792072 0.695910 -0.720872
v -1.792025 0.771925 -0.720193
v -1.792025 0.771925 -0.720193
v -1.792025 0.771925 -0.720193
v -1.792025 0.771925 -0.720193
v -1.792025 0.771925 -0.720193
v -1.792026 0.821477 -0.669327
v -1.792026 0.821477 -0.669327
v -1.792026 0.821477 -0.669327
v -1.792026 0.821477 -0.669327
v -1.792072 0.822104 -0.593437
v -1.792072 0.822104 -0.593437
v -1.792072 0.822104 -0.593437
v -1.792072 0.822104 -0.593437
v -1.821689 0.114772 -0.720872
v -1.821689 0.114772 -0.720872
v -1.821689 0.114772 -0.720872
v -1.821689 0.822104 -0.520795
v -1.821689 0.822104 -0.520795
v -1.821689 0.822104 -0.520795
v -1.821689 0.187414 -0.720872
v -1.821689 0.187414 -0.720872
v -1.821689 0.187414 -0.720872
v -1.821689 0.214648 -0.720872
v -1.821689 0.214648 -0.720872
v -1.821689 0.214648 -0.720872
v -1.821689 0.332699 -0.720872
v -1.821689 0.332699 -0.720872
v -1.821689 0.332699 -0.720872
v -1.821689 0.355616 -0.720872
v -1.821689 0.355616 -0.720872
v -1.821689 0.355616 -0.720872
v -1.821689 0.477983 -0.720872
v -1.821689 0.477983 -0.720872
v -1.821689 0.477983 -0.720872
v -1.821689 0.503081 -0.720872
v -1.821689 0.503081 -0.720872
v -1.821689 0.503081 -0.720872
v -1.821689 0.623268 -0.720872
v -1.821689 0.623268 -0.720872
v -1.821689 0.623268 -0.720872
v -1.821689 0.649138 -0.720872
v -1.821689 0.649138 -0.720872
v -1.821689 0.649138 -0.720872
v -1.821689 0.649138 -0.720872
v -1.821658 0.772993 -0.719656
v -1.821658 0.772993 -0.719656
v -1.821658 0.772993 -0.719656
v -1.821658 0.772993 -0.719656
v -1.821658 0.772993 -0.719656
v -1.821658 0.820910 -0.671330
v -1.821658 0.820910 -0.671330
v -1.821658 0.820910 -0.671330
v -1.821658 0.820910 -0.671330
v -1.821658 0.820910 -0.671330
v -1.821658 0.820910 -0.671330
v -1.821689 0.822104 -0.593437
v -1.821689 0.822104 -0.593437
v -1.821689 0.822104 -0.593437
v -1.821689 0.822104 -0.593437
v -2.049895 0.822104 -0.520795
v -2.049895 0.822104 -0.520795
v -2.049895 0.822104 -0.520795
v -2.049895 0.187414 -0.720872
v -2.049895 0.187414 -0.720872
v -2.049895 0.187414 -0.720872
v -2.049895 0.214648 -0.720872
v -2.049895 0.214648 -0.720872
v -2.049895 0.214648 -0.720872
v -2.049895 0.332699 -0.720872
v -2.049895 0.332699 -0.720872
v -2.049895 0.332699 -0.720872
v -2.049895 0.355616 -0.720872
v -2.049895 0.355616 -0.720872
v -2.049895 0.355616 -0.720872
v -2.049895 0.477983 -0.720872
v -2.049895 0.477983 -0.720872
v -2.049895 0.477983 -0.720872
v -2.049895 0.503081 -0.720872
v -2.049895 0.503081 -0.720872
v -2.049895 0.503081 -0.720872
v -2.049895 0.623268 -0.720872
v -2.049895 0.623268 -0.720872
v -2.049895 0.623268 -0.720872
v -2.049895 0.649138 -0.720872
v -2.049895 0.649138 -0.720872
v -2.049895 0.649138 -0.720872
v -2.049895 0.649138 -0.720872
v -2.049923 0.772993 -0.719656
v -2.049923 0.772993 -0.719656
v -2.049923 0.772993 -0.719656
v -2.049923 0.772993 -0.719656
v -2.049923 0.772993 -0.719656
v -2.049923 0.820912 -0.671327
v -2.049923 0.820912 -0.671327
v -2.049923 0.820912 -0.671327
v -2.049923 0.820912 -0.671327
v -2.049923 0.820912 -0.671327
v -2.049895 0.822104 -0.593437
v -2.049895 0.822104 -0.593437
v -2.049895 0.822104 -0.593437
v -2.049895 0.822104 -0.593437
v -2.049895 0.114772 -0.720872
v -2.049895 0.114772 -0.720872
v -2.049895 0.114772 -0.720872
vn -0.0000 -1.0000 -0.0000
vn -0.0000 -0.0000 1.0000
vn -0.0100 -0.7134 0.7007
vn -0.0000 -0.7102 0.7040
vn 0.0091 -0.7134 0.7007
vn -0.0000 1.0000 -0.0000
vn -0.0000 -0.0000 -1.0000
vn -0.0164 0.0095 -0.9998
vn -0.0163 0.0095 -0.9998
vn 0.0234 0.7131 -0.7007
vn -0.0092 0.9999 -0.0119
vn -0.0000 0.7101 -0.7041
vn 0.0144 0.0097 -0.9999
vn 0.0148 0.0095 -0.9998
vn 0.0150 0.0094 -0.9998
vn 0.0147 0.0095 -0.9998
vn -0.0211 0.7131 -0.7007
vn 0.0082 0.9999 -0.0119
vn -1.0000 -0.0000 -0.0000
vn 1.0000 -0.0000 -0.0000
vn -1.0000 -0.0003 0.0025
vn -1.0000 -0.0003 0.0023
vn -1.0000 -0.0037 0.0036
vn -1.0000 -0.0038 0.0037
vn -1.0000 -0.0024 0.0003
vn 1.0000 -0.0003 0.0028
vn 1.0000 -0.0042 0.0041
vn 1.0000 -0.0041 0.0040
vn 1.0000 -0.0027 0.0003
vn -1.0000 0.0019 -0.0002
vn -1.0000 0.0021 -0.0002
vn -1.0000 0.0001 -0.0019
vn -0.0000 -0.8605 -0.5094
vn -0.0000 0.5052 0.8630
vn -0.0000 0.5049 0.8632
vn 1.0000 0.0001 -0.0017
vn 1.0000 0.0017 -0.0002
vt 0.632691 0.916667
vt 0.666667 0.916667
vt 0.666667 1.000000
vt 0.632691 1.000000
vt 0.632691 0.000000
vt 0.666667 0.000000
vt 0.666667 0.083333
vt 0.632691 0.083333
vt 0.666667 0.166667
vt 0.632691 0.166667
vt 0.666667 0.250000
vt 0.632691 0.250000
vt 0.666667 0.333333
vt 0.632691 0.333333
vt 0.666667 0.416667
vt 0.632691 0.416667
vt 0.666667 0.500000
vt 0.632691 0.500000
vt 0.666667 0.583333
vt 0.632691 0.583333
vt 0.666667 0.666667
vt 0.632691 0.666667
vt 0.666667 0.750000
vt 0.632691 0.750000
vt 0.666667 0.833333
vt 0.632691 0.833333
vt 0.370900 0.750000
vt 0.370900 0.833333
vt 0.370900 0.583333
vt 0.370900 0.666667
vt 0.370900 0.416667
vt 0.370900 0.500000
vt 0.370900 0.250000
vt 0.370900 0.333333
vt 0.370900 0.083333
vt 0.370900 0.166667
vt 0.333333 0.916667
vt 0.370900 0.916667
vt 0.370900 1.000000
vt 0.333333 1.000000
vt 0.333333 0.000000
vt 0.370900 0.000000
vt 0.333333 0.083333
vt 0.333333 0.166667
vt 0.333333 0.250000
vt 0.333333 0.333333
vt 0.333333 0.416667
vt 0.333333 0.500000
vt 0.333333 0.583333
vt 0.333333 0.666667
vt 0.333333 0.750000
vt 0.333333 0.833333
s 0
usemtl Material.006
f 5081/222/478 5038/223/478 4977/224/478
f 5081/222/478 4977/224/478 5044/225/478
f 5042/226/479 4975/227/479 5012/228/479
f 5042/226/479 5012/228/479 5048/229/479
f 5048/229/479 5012/228/479 5014/230/479
f 5048/229/479 5014/230/479 5051/231/479
f 5051/231/479 5014/230/479 5016/232/479
f 5051/231/479 5016/232/479 5054/233/479
f 5054/233/479 5016/232/479 5018/234/479
f 5054/233/479 5018/234/479 5057/235/479
f 5057/235/479 5018/234/479 5020/236/479
f 5057/235/479 5020/236/479 5060/237/479
f 5060/237/479 5020/236/479 5022/238/479
f 5060/237/479 5022/238/479 5063/239/479
f 5063/239/479 5022/238/479 5024/240/479
f 5063/239/479 5024/240/479 5066/241/479
f 5066/241/479 5024/240/479 5026/242/479
f 5066/241/479 5026/242/479 5069/243/479
f 5069/243/479 5026/242/479 5029/244/479
f 5069/243/479 5029/244/479 5072/245/479
s 1
f 5074/245/480 5032/244/480 5037/246/480
f 5074/245/480 5037/246/480 5079/247/480
s 0
f 5076/247/478 5033/246/478 5038/223/478
f 5076/247/478 5038/223/478 5081/222/478
f 5111/248/481 5071/245/481 5077/247/481
f 5111/248/481 5077/247/481 5117/249/481
f 5106/250/479 5066/241/479 5069/243/479
f 5106/250/479 5069/243/479 5109/251/479
f 5100/252/479 5060/237/479 5063/239/479
f 5100/252/479 5063/239/479 5103/253/479
f 5094/254/479 5054/233/479 5057/235/479
f 5094/254/479 5057/235/479 5097/255/479
f 5088/256/479 5048/229/479 5051/231/479
f 5088/256/479 5051/231/479 5091/257/479
f 5009/258/478 5122/259/478 5084/260/478
f 5009/258/478 5084/260/478 4980/261/478
f 4972/262/479 5126/263/479 5088/256/479
f 4972/262/479 5088/256/479 4983/264/479
f 4983/264/479 5088/256/479 5091/257/479
f 4983/264/479 5091/257/479 4985/265/479
f 4985/265/479 5091/257/479 5094/254/479
f 4985/265/479 5094/254/479 4987/266/479
f 4987/266/479 5094/254/479 5097/255/479
f 4987/266/479 5097/255/479 4989/267/479
f 4989/267/479 5097/255/479 5100/252/479
f 4989/267/479 5100/252/479 4991/268/479
f 4991/268/479 5100/252/479 5103/253/479
f 4991/268/479 5103/253/479 4993/269/479
f 4993/269/479 5103/253/479 5106/250/479
f 4993/269/479 5106/250/479 4995/270/479
f 4995/270/479 5106/250/479 5109/251/479
f 4995/270/479 5109/251/479 4997/271/479
f 4997/271/479 5109/251/479 5112/248/479
f 4997/271/479 5112/248/479 5000/272/479
s 1
f 5001/272/482 5114/248/482 5120/249/482
f 5001/272/482 5120/249/482 5006/273/482
s 0
f 5005/273/478 5116/249/478 5122/259/478
f 5005/273/478 5122/259/478 5009/258/478
f 5244/222/483 5205/225/483 5134/224/483
f 5244/222/483 5134/224/483 5198/223/483
f 5203/226/484 5209/229/484 5171/228/484
f 5203/226/484 5171/228/484 5132/227/484
f 5209/229/484 5212/231/484 5173/230/484
f 5209/229/484 5173/230/484 5171/228/484
f 5212/231/484 5215/233/484 5175/232/484
f 5212/231/484 5175/232/484 5173/230/484
f 5215/233/484 5218/235/484 5177/234/484
f 5215/233/484 5177/234/484 5175/232/484
f 5218/235/484 5221/237/484 5179/236/484
f 5218/235/484 5179/236/484 5177/234/484
f 5221/237/484 5224/239/484 5181/238/484
f 5221/237/484 5181/238/484 5179/236/484
f 5224/239/484 5227/241/484 5183/240/484
f 5224/239/484 5183/240/484 5181/238/484
f 5227/241/484 5230/243/484 5185/242/484
f 5227/241/484 5185/242/484 5183/240/484
s 1
f 5231/243/485 5236/245/485 5193/244/486
f 5231/243/485 5193/244/486 5188/242/485
f 5235/245/487 5241/247/487 5194/246/487
f 5235/245/487 5194/246/487 5189/244/487
f 5242/247/488 5245/222/488 5201/223/488
f 5242/247/488 5201/223/488 5197/246/488
s 0
f 5277/248/489 5282/249/489 5240/247/489
f 5277/248/489 5240/247/489 5234/245/489
f 5270/250/484 5273/251/484 5230/243/484
f 5270/250/484 5230/243/484 5227/241/484
f 5264/252/484 5267/253/484 5224/239/484
f 5264/252/484 5224/239/484 5221/237/484
f 5258/254/484 5261/255/484 5218/235/484
f 5258/254/484 5218/235/484 5215/233/484
f 5252/256/484 5255/257/484 5212/231/484
f 5252/256/484 5212/231/484 5209/229/484
f 5167/258/483 5137/261/483 5248/260/483
f 5167/258/483 5248/260/483 5286/259/483
f 5129/262/484 5140/264/484 5252/256/484
f 5129/262/484 5252/256/484 5291/263/484
f 5140/264/484 5142/265/484 5255/257/484
f 5140/264/484 5255/257/484 5252/256/484
f 5142/265/484 5144/266/484 5258/254/484
f 5142/265/484 5258/254/484 5255/257/484
f 5144/266/484 5146/267/484 5261/255/484
f 5144/266/484 5261/255/484 5258/254/484
f 5146/267/484 5148/268/484 5264/252/484
f 5146/267/484 5264/252/484 5261/255/484
f 5148/268/484 5150/269/484 5267/253/484
f 5148/268/484 5267/253/484 5264/252/484
f 5150/269/484 5152/270/484 5270/250/484
f 5150/269/484 5270/250/484 5267/253/484
f 5152/270/484 5154/271/484 5273/251/484
f 5152/270/484 5273/251/484 5270/250/484
s 1
f 5155/271/490 5158/272/491 5278/248/492
f 5155/271/490 5278/248/492 5274/251/493
f 5159/272/494 5163/273/494 5285/249/494
f 5159/272/494 5285/249/494 5280/248/494
f 5162/273/495 5168/258/495 5287/259/495
f 5162/273/495 5287/259/495 5283/249/495
s 0
f 4974/227/478 5041/226/478 5202/226/478
f 4974/227/478 5202/226/478 5131/227/478
f 4981/261/479 5085/260/479 5249/260/479
f 4981/261/479 5249/260/479 5138/261/479
f 5011/258/496 4982/261/496 5139/261/496
f 5011/258/496 5139/261/496 5170/258/496
f 4979/224/497 5040/223/497 5200/223/497
f 4979/224/497 5200/223/497 5136/224/497
f 4973/262/496 4984/264/496 5141/264/496
f 4973/262/496 5141/264/496 5130/262/496
f 4984/264/496 4986/265/496 5143/265/496
f 4984/264/496 5143/265/496 5141/264/496
f 4986/265/496 4988/266/496 5145/266/496
f 4986/265/496 5145/266/496 5143/265/496
f 4988/266/496 4990/267/496 5147/267/496
f 4988/266/496 5147/267/496 5145/266/496
f 4990/267/496 4992/268/496 5149/268/496
f 4990/267/496 5149/268/496 5147/267/496
f 4992/268/496 4994/269/496 5151/269/496
f 4992/268/496 5151/269/496 5149/268/496
f 4994/269/496 4996/270/496 5153/270/496
f 4994/269/496 5153/270/496 5151/269/496
f 4996/270/496 4999/271/496 5157/271/496
f 4996/270/496 5157/271/496 5153/270/496
s 1
f 4998/271/498 5004/272/498 5161/272/498
f 4998/271/498 5161/272/498 5156/271/499
s 0
f 5003/272/500 5007/273/500 5165/273/500
f 5002/272/501 5164/273/501 5160/272/501
s 1
f 5008/273/502 5010/258/502 5169/258/502
f 5008/273/502 5169/258/502 5166/273/502
s 0
f 5013/228/497 4976/227/497 5133/227/497
f 5013/228/497 5133/227/497 5172/228/497
f 5015/230/497 5013/228/497 5172/228/497
f 5015/230/497 5172/228/497 5174/230/497
f 5017/232/497 5015/230/497 5174/230/497
f 5017/232/497 5174/230/497 5176/232/497
f 5019/234/497 5017/232/497 5176/232/497
f 5019/234/497 5176/232/497 5178/234/497
f 5021/236/497 5019/234/497 5178/234/497
f 5021/236/497 5178/234/497 5180/236/497
f 5023/238/497 5021/236/497 5180/236/497
f 5023/238/497 5180/236/497 5182/238/497
f 5025/240/497 5023/238/497 5182/238/497
f 5025/240/497 5182/238/497 5184/240/497
f 5028/242/497 5025/240/497 5184/240/497
f 5028/242/497 5184/240/497 5187/242/497
s 1
f 5031/244/503 5027/242/503 5186/242/503
f 5031/244/503 5186/242/503 5192/244/503
s 0
f 5034/246/504 5030/244/504 5190/244/504
f 5035/246/505 5191/244/505 5195/246/505
s 1
f 5039/223/506 5036/246/506 5196/246/506
f 5039/223/506 5196/246/506 5199/223/506
s 0
f 5045/225/479 4978/224/479 5135/224/479
f 5045/225/479 5135/224/479 5206/225/479
s 1
f 5080/247/507 5082/222/507 5246/222/507
f 5080/247/507 5246/222/507 5243/247/508
f 5070/243/509 5075/245/509 5237/245/509
f 5070/243/509 5237/245/509 5232/243/509
s 0
f 5064/239/496 5067/241/496 5228/241/496
f 5064/239/496 5228/241/496 5225/239/496
f 5058/235/496 5061/237/496 5222/237/496
f 5058/235/496 5222/237/496 5219/235/496
f 5052/231/496 5055/233/496 5216/233/496
f 5052/231/496 5216/233/496 5213/231/496
f 5043/226/496 5049/229/496 5210/229/496
f 5043/226/496 5210/229/496 5204/226/496
f 5083/222/496 5046/225/496 5207/225/496
f 5083/222/496 5207/225/496 5247/222/496
f 5047/229/478 5087/256/478 5251/256/478
f 5047/229/478 5251/256/478 5208/229/478
f 5090/257/483 5050/231/483 5211/231/483
f 5090/257/483 5211/231/483 5254/257/483
f 5053/233/478 5093/254/478 5257/254/478
f 5053/233/478 5257/254/478 5214/233/478
f 5096/255/483 5056/235/483 5217/235/483
f 5096/255/483 5217/235/483 5260/255/483
f 5059/237/478 5099/252/478 5263/252/478
f 5059/237/478 5263/252/478 5220/237/478
f 5102/253/483 5062/239/483 5223/239/483
f 5102/253/483 5223/239/483 5266/253/483
f 5065/241/478 5105/250/478 5269/250/478
f 5065/241/478 5269/250/478 5226/241/478
f 5108/251/483 5068/243/483 5229/243/483
f 5108/251/483 5229/243/483 5272/251/483
f 5073/245/510 5113/248/510 5276/248/510
f 5073/245/510 5276/248/510 5233/245/510
f 5118/249/511 5078/247/511 5238/247/511
f 5119/249/512 5239/247/512 5281/249/512
f 5125/263/478 4971/262/478 5128/262/478
f 5125/263/478 5128/262/478 5290/263/478
f 5086/260/497 5124/259/497 5289/259/497
f 5086/260/497 5289/259/497 5250/260/497
f 5089/256/497 5127/263/497 5292/263/497
f 5089/256/497 5292/263/497 5253/256/497
f 5095/254/497 5092/257/497 5256/257/497
f 5095/254/497 5256/257/497 5259/254/497
f 5101/252/497 5098/255/497 5262/255/497
f 5101/252/497 5262/255/497 5265/252/497
f 5107/250/497 5104/253/497 5268/253/497
f 5107/250/497 5268/253/497 5271/250/497
s 1
f 5115/248/513 5110/251/513 5275/251/513
f 5115/248/513 5275/251/513 5279/248/513
f 5123/259/514 5121/249/514 5284/249/514
f 5123/259/514 5284/249/514 5288/259/514
