# Blender v3.0.0 OBJ File: 'grass-mound.blend'
# www.blender.org
mtllib grass-mound.mtl
o Plane
v -0.873081 0.000000 0.873081
v 0.873083 0.000011 0.873083
v -0.873081 0.000000 -0.873081
v 0.873081 0.000000 -0.873081
v -0.334761 0.154318 0.334761
v 0.334761 0.154318 0.334761
v -0.334761 0.154318 -0.334761
v 0.334924 0.156248 -0.334924
v -0.926167 0.005276 -0.800561
v -0.958256 0.000000 -0.708256
v -0.978097 0.000000 -0.603097
v -0.989104 0.000000 -0.489104
v -0.996067 0.001951 -0.370431
v -0.998638 0.000000 -0.248638
v -1.000163 0.000969 -0.124832
v -1.002456 0.007135 0.000000
v -1.000957 0.003278 0.124836
v -0.998638 0.000000 0.248638
v -0.996829 0.004191 0.370463
v -0.989218 0.000342 0.489113
v -0.979200 0.003431 0.603266
v -0.958863 0.002055 0.708434
v -0.924833 0.000000 0.799834
v -0.799833 0.000000 0.924833
v -0.708657 0.004632 0.959623
v -0.603482 0.007811 0.980607
v -0.489104 0.000000 0.989104
v -0.370487 0.005859 0.997397
v -0.248638 0.000000 0.998638
v -0.124830 0.000000 0.999830
v 0.000000 0.001272 1.000438
v 0.124830 0.000000 0.999830
v 0.248675 0.005563 1.000546
v 0.370403 0.000000 0.995403
v 0.489104 0.000000 0.989104
v 0.603097 0.000000 0.978097
v 0.708269 0.000145 0.958299
v 0.800377 0.003944 0.925830
v 0.924833 0.000000 0.799833
v 0.958256 0.000000 0.708256
v 0.978499 0.001250 0.603159
v 0.989227 0.000367 0.489113
v 0.995823 0.001232 0.370421
v 0.998688 0.000146 0.248639
v 1.000910 0.003141 0.124836
v 1.000000 0.000000 0.000000
v 1.000184 0.001030 -0.124832
v 1.000227 0.004633 -0.248668
v 0.998370 0.008715 -0.370528
v 0.991803 0.008063 -0.489319
v 0.978127 0.000093 -0.603101
v 0.958256 0.000000 -0.708256
v 0.925257 0.001675 -0.800064
v 0.799833 0.000000 -0.924833
v 0.708256 0.000000 -0.958256
v 0.603381 0.005768 -0.979951
v 0.489104 0.000000 -0.989104
v 0.370403 0.000000 -0.995403
v 0.248661 0.003444 -0.999819
v 0.124831 0.000817 -1.000111
v 0.000000 0.003877 -1.001335
v -0.124845 0.007502 -1.002411
v -0.248638 0.000000 -0.998638
v -0.370429 0.001771 -0.996006
v -0.489117 0.000487 -0.989267
v -0.603337 0.004874 -0.979664
v -0.708399 0.001653 -0.958744
v -0.799834 0.000000 -0.924833
v -0.338274 0.156068 -0.308804
v -0.341814 0.158028 -0.275833
v -0.346109 0.166013 -0.235918
v -0.348814 0.162187 -0.191796
v -0.351659 0.163578 -0.145707
v -0.353985 0.165345 -0.098042
v -0.355385 0.165538 -0.049280
v -0.355912 0.165804 0.000000
v -0.355554 0.166812 0.049297
v -0.353912 0.164777 0.098027
v -0.352386 0.169435 0.145920
v -0.348792 0.161997 0.191788
v -0.345467 0.160106 0.235587
v -0.341927 0.159160 0.275907
v -0.338373 0.157151 0.308885
v -0.308804 0.156068 0.338274
v -0.275900 0.159056 0.341917
v -0.235724 0.162549 0.345733
v -0.191788 0.161997 0.348792
v -0.145707 0.163578 0.351659
v -0.098030 0.164868 0.353924
v -0.049305 0.167395 0.355632
v 0.000000 0.168929 0.356332
v 0.049294 0.166608 0.355527
v 0.098027 0.164777 0.353912
v 0.145912 0.169229 0.352360
v 0.191788 0.161997 0.348792
v 0.235780 0.163552 0.345842
v 0.275833 0.158028 0.341814
v 0.308804 0.156068 0.338274
v 0.338274 0.156068 0.308804
v 0.341814 0.158028 0.275833
v 0.345467 0.160105 0.235587
v 0.348792 0.161997 0.191788
v 0.352015 0.166444 0.145811
v 0.353922 0.164857 0.098029
v 0.355385 0.165538 0.049280
v 0.356773 0.172219 0.000000
v 0.355756 0.168330 -0.049317
v 0.354133 0.166483 -0.098070
v 0.352257 0.168394 -0.145882
v 0.348792 0.161997 -0.191788
v 0.345467 0.160106 -0.235587
v 0.342497 0.164857 -0.276280
v 0.338781 0.161589 -0.309217
v 0.308921 0.157630 -0.338417
v 0.275928 0.159488 -0.341960
v 0.235995 0.167375 -0.346257
v 0.192089 0.168482 -0.349550
v 0.145881 0.168374 -0.352254
v 0.098116 0.168306 -0.354369
v 0.049280 0.165538 -0.355385
v 0.000000 0.165804 -0.355912
v -0.049304 0.167339 -0.355624
v -0.098027 0.164777 -0.353912
v -0.145810 0.166396 -0.352009
v -0.191788 0.161997 -0.348792
v -0.235587 0.160106 -0.345467
v -0.275956 0.159906 -0.342002
v -0.308937 0.157841 -0.338437
v -0.840439 0.012863 -0.840439
v -0.807675 0.025647 -0.807675
v -0.775272 0.041472 -0.775272
v -0.741584 0.052237 -0.741584
v -0.708015 0.066040 -0.708015
v -0.673429 0.077182 -0.673429
v -0.638361 0.089415 -0.638361
v -0.602424 0.101149 -0.602424
v -0.564801 0.106239 -0.564801
v -0.527709 0.118192 -0.527709
v -0.491037 0.133599 -0.491037
v -0.453905 0.140247 -0.453905
v -0.418003 0.146695 -0.418003
v -0.384008 0.145661 -0.384008
v -0.356567 0.150585 -0.356567
v 0.356751 0.152669 -0.356751
v 0.384008 0.145661 -0.384008
v 0.417284 0.139374 -0.417284
v 0.453061 0.132191 -0.453061
v 0.489984 0.124247 -0.489984
v 0.527393 0.115587 -0.527393
v 0.565246 0.109625 -0.565246
v 0.601723 0.096229 -0.601723
v 0.638110 0.087783 -0.638110
v 0.673085 0.075099 -0.673085
v 0.707437 0.062726 -0.707437
v 0.741296 0.050658 -0.741296
v 0.774837 0.039168 -0.774837
v 0.807675 0.025647 -0.807675
v 0.841175 0.016615 -0.841175
v 0.840439 0.012863 0.840439
v 0.807914 0.026883 0.807914
v 0.775696 0.043720 0.775696
v 0.741296 0.050658 0.741296
v 0.707437 0.062726 0.707437
v 0.673307 0.076445 0.673307
v 0.637772 0.085591 0.637772
v 0.601723 0.096229 0.601723
v 0.564801 0.106239 0.564801
v 0.528029 0.120837 0.528029
v 0.490284 0.126909 0.490284
v 0.453320 0.134661 0.453320
v 0.418257 0.149278 0.418257
v 0.384008 0.145661 0.384008
v 0.356567 0.150585 0.356567
v -0.356889 0.154234 0.356889
v -0.384443 0.150357 0.384443
v -0.417284 0.139374 0.417284
v -0.453645 0.137762 0.453645
v -0.489984 0.124247 0.489984
v -0.527393 0.115587 0.527393
v -0.564801 0.106239 0.564801
v -0.601723 0.096229 0.601723
v -0.638435 0.089890 0.638435
v -0.672970 0.074397 0.672970
v -0.707437 0.062726 0.707437
v -0.741999 0.054512 0.741999
v -0.774668 0.038272 0.774668
v -0.807908 0.026851 0.807908
v -0.840439 0.012863 0.840439
v -0.304156 0.159356 0.304156
v -0.266982 0.163401 0.303034
v -0.226831 0.165740 0.304200
v -0.184145 0.167061 0.306162
v -0.139678 0.168862 0.308301
v -0.093873 0.170494 0.310194
v -0.047216 0.175206 0.311958
v -0.000000 0.173483 0.312225
v 0.047157 0.171049 0.311476
v 0.093866 0.170207 0.310162
v 0.139678 0.168862 0.308301
v 0.184145 0.167062 0.306162
v 0.227220 0.172088 0.304811
v 0.267320 0.168150 0.303455
v 0.304156 0.159356 0.304156
v -0.303517 0.168849 0.267370
v -0.263487 0.169734 0.263487
v -0.222132 0.169204 0.262515
v -0.179781 0.173711 0.263594
v -0.135961 0.174606 0.264916
v -0.091311 0.179918 0.266733
v -0.045749 0.175831 0.267365
v -0.000000 0.176145 0.267815
v 0.045749 0.175831 0.267365
v 0.091165 0.174916 0.266247
v 0.136137 0.178760 0.265306
v 0.179718 0.172551 0.263490
v 0.222118 0.168984 0.262496
v 0.263517 0.170123 0.263517
v 0.302935 0.162288 0.266902
v -0.304115 0.164853 0.226776
v -0.262572 0.169889 0.222178
v -0.220355 0.172306 0.220355
v -0.177603 0.176362 0.220459
v -0.134112 0.181980 0.221508
v -0.089685 0.180743 0.222323
v -0.044980 0.183558 0.223383
v -0.000000 0.180215 0.223467
v 0.044922 0.179883 0.223079
v 0.089629 0.178903 0.222174
v 0.133919 0.177670 0.221169
v 0.177695 0.177945 0.220578
v 0.220355 0.172306 0.220355
v 0.262686 0.171254 0.222269
v 0.304115 0.164853 0.226776
v -0.306804 0.173295 0.184462
v -0.263638 0.174211 0.179809
v -0.220363 0.175096 0.177529
v -0.176973 0.178106 0.176973
v -0.133274 0.183214 0.177439
v -0.088962 0.182170 0.177951
v -0.044540 0.183202 0.178645
v -0.000000 0.183549 0.178963
v 0.044595 0.186583 0.178869
v 0.088961 0.182170 0.177951
v 0.133145 0.180467 0.177264
v 0.176973 0.178106 0.176973
v 0.220363 0.175096 0.177529
v 0.263389 0.171421 0.179656
v 0.306351 0.168900 0.184239
v -0.308662 0.172184 0.139809
v -0.264806 0.173434 0.135912
v -0.221139 0.177299 0.133903
v -0.177264 0.180467 0.133145
v -0.133209 0.183919 0.133209
v -0.088958 0.187238 0.133712
v -0.044469 0.185787 0.134090
v -0.000000 0.186146 0.134332
v 0.044478 0.186379 0.134120
v 0.089049 0.190029 0.133849
v 0.133184 0.183405 0.133184
v 0.177580 0.185436 0.133377
v 0.221139 0.177299 0.133903
v 0.264989 0.175389 0.135994
v 0.308553 0.171178 0.139769
v -0.310162 0.170207 0.093866
v -0.266247 0.174916 0.091165
v -0.222174 0.178903 0.089629
v -0.178021 0.183255 0.088996
v -0.133622 0.185408 0.088899
v -0.089119 0.186540 0.089119
v -0.044622 0.190337 0.089534
v 0.000000 0.188003 0.089607
v 0.044589 0.188318 0.089467
v 0.089219 0.189587 0.089219
v 0.133642 0.185797 0.088911
v 0.177951 0.182170 0.088961
v 0.222174 0.178903 0.089629
v 0.266247 0.174916 0.091165
v 0.310162 0.170207 0.093866
v -0.311476 0.171049 0.047157
v -0.267365 0.175831 0.045749
v -0.223079 0.179883 0.044922
v -0.178806 0.185636 0.044580
v -0.134090 0.185787 0.044469
v -0.089476 0.188610 0.044593
v -0.044737 0.188747 0.044737
v 0.000000 0.189118 0.044819
v 0.044792 0.192027 0.044792
v 0.089553 0.190932 0.044632
v 0.134090 0.185787 0.044469
v 0.178864 0.186506 0.044594
v 0.223399 0.183753 0.044983
v 0.267503 0.177215 0.045770
v 0.311616 0.172254 0.047174
v -0.312387 0.174876 -0.000000
v -0.267978 0.177773 -0.000000
v -0.223645 0.182345 -0.000000
v -0.178963 0.183549 -0.000000
v -0.134332 0.186146 -0.000000
v -0.089642 0.189055 -0.000000
v -0.044890 0.193404 -0.000000
v 0.000000 0.189490 -0.000000
v 0.044874 0.192410 0.000000
v 0.089607 0.188003 -0.000000
v 0.134332 0.186146 -0.000000
v 0.179043 0.184760 0.000000
v 0.223849 0.184809 -0.000000
v 0.267832 0.176320 -0.000000
v 0.311974 0.171340 0.000000
v -0.311975 0.175350 -0.047218
v -0.267479 0.176981 -0.045767
v -0.223119 0.180356 -0.044930
v -0.178645 0.183202 -0.044540
v -0.134090 0.185787 -0.044469
v -0.089477 0.188641 -0.044594
v -0.044865 0.196460 -0.044865
v 0.000000 0.190291 -0.044839
v 0.044761 0.190200 -0.044761
v 0.089444 0.187636 -0.044577
v 0.134090 0.185787 -0.044469
v 0.179058 0.189436 -0.044641
v 0.223440 0.184250 -0.044991
v 0.267801 0.180225 -0.045816
v 0.311750 0.173411 -0.047190
v -0.310162 0.170207 -0.093866
v -0.266247 0.174916 -0.091165
v -0.222174 0.178903 -0.089629
v -0.177951 0.182170 -0.088961
v -0.133588 0.184717 -0.088876
v -0.089124 0.186711 -0.089124
v -0.044674 0.193494 -0.089638
v 0.000000 0.189261 -0.089649
v 0.044577 0.187636 -0.089444
v 0.089119 0.186540 -0.089119
v 0.133588 0.184717 -0.088876
v 0.177986 0.182706 -0.088979
v 0.222321 0.180708 -0.089684
v 0.266372 0.176201 -0.091202
v 0.310598 0.174060 -0.093971
v -0.309275 0.177809 -0.140031
v -0.264806 0.173434 -0.135912
v -0.221317 0.179563 -0.134004
v -0.177459 0.183529 -0.133288
v -0.133162 0.182941 -0.133162
v -0.089000 0.188540 -0.133776
v -0.044521 0.188996 -0.134250
v 0.000000 0.187049 -0.134377
v 0.044559 0.191317 -0.134365
v 0.088876 0.184717 -0.133588
v 0.133179 0.183293 -0.133179
v 0.177332 0.181532 -0.133195
v 0.221139 0.177299 -0.133903
v 0.264806 0.173434 -0.135912
v 0.308301 0.168862 -0.139678
v -0.306236 0.167782 -0.184182
v -0.263389 0.171421 -0.179656
v -0.220363 0.175096 -0.177529
v -0.176973 0.178106 -0.176973
v -0.133145 0.180467 -0.177264
v -0.088964 0.182243 -0.177955
v -0.044540 0.183202 -0.178645
v 0.000000 0.184969 -0.179057
v 0.044540 0.183202 -0.178645
v 0.088961 0.182170 -0.177951
v 0.133145 0.180467 -0.177264
v 0.176973 0.178106 -0.176973
v 0.220363 0.175096 -0.177529
v 0.263648 0.174324 -0.179815
v 0.306162 0.167062 -0.184145
v -0.304235 0.166098 -0.226853
v -0.262672 0.171089 -0.222258
v -0.220426 0.173300 -0.220426
v -0.177529 0.175096 -0.220363
v -0.133903 0.177299 -0.221139
v -0.089629 0.178903 -0.222174
v -0.044922 0.179883 -0.223079
v 0.000000 0.180215 -0.223467
v 0.045051 0.188087 -0.223758
v 0.089693 0.181012 -0.222345
v 0.133903 0.177300 -0.221139
v 0.177529 0.175096 -0.220363
v 0.220355 0.172306 -0.220355
v 0.262756 0.172088 -0.222324
v 0.304115 0.164853 -0.226776
v -0.302967 0.162648 -0.266928
v -0.263781 0.173526 -0.263781
v -0.222502 0.174769 -0.262981
v -0.179656 0.171421 -0.263389
v -0.135912 0.173434 -0.264806
v -0.091321 0.180266 -0.266767
v -0.045749 0.175831 -0.267365
v 0.000000 0.180675 -0.268268
v 0.045749 0.175831 -0.267365
v 0.091165 0.174916 -0.266247
v 0.136255 0.181537 -0.265566
v 0.179656 0.171421 -0.263389
v 0.222112 0.168904 -0.262489
v 0.263625 0.171519 -0.263625
v 0.303375 0.167253 -0.267256
v -0.304156 0.159356 -0.304156
v -0.266902 0.162288 -0.302935
v -0.226973 0.168063 -0.304424
v -0.184300 0.170104 -0.306475
v -0.139858 0.173437 -0.308799
v -0.094019 0.175825 -0.310798
v -0.047157 0.171049 -0.311476
v 0.000000 0.171340 -0.311974
v 0.047157 0.171049 -0.311476
v 0.094058 0.177260 -0.310961
v 0.139951 0.175787 -0.309055
v 0.184324 0.170586 -0.306525
v 0.226798 0.165213 -0.304150
v 0.266902 0.162288 -0.302935
v 0.304474 0.163272 -0.304474
v 0.769992 0.013334 -0.890378
v 0.681775 0.012864 -0.922432
v 0.580548 0.012864 -0.941533
v 0.470816 0.012865 -0.952129
v 0.356554 0.012865 -0.958195
v 0.239341 0.012866 -0.961310
v 0.120167 0.015312 -0.963296
v 0.000000 0.012866 -0.962622
v -0.120176 0.020106 -0.964939
v -0.239363 0.016347 -0.962500
v -0.356574 0.014325 -0.958690
v -0.470929 0.017374 -0.953636
v -0.580548 0.012864 -0.941533
v -0.681775 0.012864 -0.922432
v -0.770090 0.014074 -0.890567
v 0.739909 0.025648 -0.855560
v 0.655189 0.025651 -0.886490
v 0.557907 0.025655 -0.904857
v 0.452455 0.025659 -0.915051
v 0.342648 0.025663 -0.920890
v 0.230007 0.025666 -0.923891
v 0.115478 0.026962 -0.925438
v 0.000000 0.025668 -0.925159
v -0.115481 0.028504 -0.925961
v -0.230014 0.026792 -0.924271
v -0.342742 0.032677 -0.923242
v -0.452455 0.025659 -0.915051
v -0.557929 0.026139 -0.905011
v -0.655189 0.025651 -0.886490
v -0.740459 0.029854 -0.856620
v 0.709658 0.038275 -0.820617
v 0.628393 0.038285 -0.850311
v 0.535086 0.038298 -0.867958
v 0.434033 0.041946 -0.878939
v 0.328671 0.041493 -0.884432
v 0.220596 0.038444 -0.886327
v 0.110755 0.040554 -0.888103
v 0.000000 0.038344 -0.887525
v -0.110751 0.038342 -0.887367
v -0.220595 0.038335 -0.886290
v -0.328646 0.039605 -0.883812
v -0.434036 0.042093 -0.878986
v -0.535086 0.038298 -0.867958
v -0.628393 0.038285 -0.850311
v -0.709756 0.039044 -0.820807
v 0.679213 0.051911 -0.785605
v 0.601282 0.050689 -0.813778
v 0.512091 0.053027 -0.831418
v 0.415210 0.050752 -0.840167
v 0.314517 0.056712 -0.847496
v 0.211069 0.050807 -0.848418
v 0.105982 0.058160 -0.851853
v 0.000000 0.050830 -0.849636
v -0.105968 0.050824 -0.849475
v -0.211069 0.050807 -0.848418
v -0.314469 0.053090 -0.846339
v -0.415317 0.055226 -0.841569
v -0.512048 0.052045 -0.831123
v -0.601659 0.055652 -0.815153
v -0.679059 0.050667 -0.785309
v 0.648118 0.063764 -0.749744
v 0.573750 0.062787 -0.776771
v 0.488831 0.069926 -0.795086
v 0.396179 0.062911 -0.802153
v 0.300089 0.068025 -0.808982
v 0.201390 0.063018 -0.810182
v 0.101121 0.069076 -0.813125
v 0.000000 0.066428 -0.812463
v -0.101108 0.063051 -0.811237
v -0.201401 0.064659 -0.810693
v -0.300022 0.062970 -0.807427
v -0.396178 0.062911 -0.802153
v -0.488533 0.062846 -0.793043
v -0.573750 0.062787 -0.776772
v -0.647997 0.062743 -0.749512
v 0.616689 0.077379 -0.713737
v 0.545726 0.074969 -0.739291
v 0.464620 0.074605 -0.754804
v 0.376780 0.074926 -0.763679
v 0.285370 0.078360 -0.769808
v 0.191519 0.074902 -0.771493
v 0.096156 0.077139 -0.773221
v 0.000000 0.074979 -0.772752
v -0.096151 0.074958 -0.772565
v -0.191519 0.074902 -0.771493
v -0.285322 0.074818 -0.768767
v -0.376775 0.074716 -0.763619
v -0.464785 0.078644 -0.755909
v -0.545780 0.075736 -0.739484
v -0.616356 0.074426 -0.713104
v 0.584021 0.085638 -0.675964
v 0.517006 0.085758 -0.700867
v 0.440162 0.085921 -0.715896
v 0.357010 0.089686 -0.725429
v 0.270286 0.086642 -0.729634
v 0.181420 0.086458 -0.732278
v 0.091099 0.093607 -0.735408
v 0.000000 0.086514 -0.733586
v -0.091099 0.093408 -0.735352
v -0.181419 0.086392 -0.732260
v -0.270299 0.087559 -0.729888
v -0.357063 0.091937 -0.726036
v -0.440190 0.086626 -0.716076
v -0.517006 0.085757 -0.700867
v -0.584456 0.089740 -0.676784
v 0.551216 0.099734 -0.638601
v 0.487842 0.100539 -0.662610
v 0.415067 0.096721 -0.676205
v 0.336553 0.096984 -0.684575
v 0.254861 0.098477 -0.689935
v 0.171099 0.103163 -0.693915
v 0.085872 0.097558 -0.693576
v 0.000000 0.098317 -0.694017
v -0.085885 0.101338 -0.694593
v -0.171089 0.102017 -0.693611
v -0.254917 0.102167 -0.690893
v -0.336655 0.101197 -0.685633
v -0.415120 0.098070 -0.676526
v -0.487904 0.101498 -0.662817
v -0.550876 0.096298 -0.637968
v 0.517402 0.111653 -0.599983
v 0.457527 0.108290 -0.622064
v 0.389342 0.106939 -0.635682
v 0.315736 0.109917 -0.644508
v 0.239017 0.107659 -0.648955
v 0.160423 0.107940 -0.651825
v 0.080535 0.108129 -0.653110
v 0.000000 0.109858 -0.653825
v -0.080543 0.110141 -0.653616
v -0.160423 0.107940 -0.651825
v -0.239043 0.109221 -0.649332
v -0.315760 0.110875 -0.644730
v -0.389503 0.111052 -0.636580
v -0.457667 0.110584 -0.622518
v -0.516910 0.106338 -0.599087
v 0.482537 0.115723 -0.559651
v 0.426940 0.116072 -0.581117
v 0.363377 0.116546 -0.594517
v 0.294620 0.117057 -0.602572
v 0.223082 0.117525 -0.607640
v 0.149743 0.119093 -0.610884
v 0.075167 0.118162 -0.612009
v 0.000000 0.118338 -0.612378
v -0.075173 0.119353 -0.612289
v -0.149762 0.120797 -0.611276
v -0.223082 0.117525 -0.607640
v -0.294622 0.117130 -0.602588
v -0.363377 0.116546 -0.594517
v -0.427023 0.117467 -0.581370
v -0.482815 0.118916 -0.560144
v 0.448275 0.124427 -0.520083
v 0.396823 0.127770 -0.540714
v 0.337660 0.125517 -0.552958
v 0.273832 0.126190 -0.560751
v 0.207382 0.126804 -0.565779
v 0.139222 0.128166 -0.569012
v 0.069924 0.132736 -0.571445
v 0.000000 0.127750 -0.570739
v -0.069895 0.128104 -0.570437
v -0.139211 0.127298 -0.568827
v -0.207382 0.126804 -0.565779
v -0.273863 0.127252 -0.560959
v -0.337660 0.125517 -0.552958
v -0.396654 0.124890 -0.540238
v -0.448275 0.124427 -0.520083
v 0.414643 0.132425 -0.480806
v 0.367248 0.135868 -0.499858
v 0.312876 0.138440 -0.512026
v 0.253826 0.137558 -0.519126
v 0.192261 0.135470 -0.523488
v 0.129195 0.141826 -0.527676
v 0.064888 0.143673 -0.529581
v -0.000000 0.136653 -0.528599
v -0.064834 0.136504 -0.528144
v -0.129147 0.138719 -0.527067
v -0.192261 0.135470 -0.523488
v -0.253943 0.141253 -0.519787
v -0.312681 0.133885 -0.511267
v -0.367216 0.135307 -0.499774
v -0.414985 0.136737 -0.481366
v 0.382754 0.145041 -0.442967
v 0.338991 0.142299 -0.459275
v 0.289240 0.146584 -0.470401
v 0.234853 0.143954 -0.476534
v 0.178084 0.143503 -0.480871
v 0.119666 0.144261 -0.483862
v 0.060116 0.144759 -0.485496
v -0.000000 0.144939 -0.485992
v -0.060116 0.144759 -0.485496
v -0.119739 0.148397 -0.484602
v -0.178314 0.152323 -0.482386
v -0.234911 0.145622 -0.476806
v -0.289118 0.143865 -0.469990
v -0.338943 0.141483 -0.459163
v -0.382342 0.139677 -0.442327
v 0.352802 0.146083 -0.405493
v 0.313265 0.147109 -0.419301
v 0.267706 0.151036 -0.428487
v 0.217738 0.150773 -0.434034
v 0.165454 0.156421 -0.438852
v 0.111155 0.151781 -0.440818
v 0.055866 0.152368 -0.442449
v -0.000000 0.153041 -0.443051
v -0.055916 0.157217 -0.443258
v -0.111283 0.158129 -0.441848
v -0.165358 0.153155 -0.438345
v -0.217698 0.149723 -0.433880
v -0.267580 0.148403 -0.428128
v -0.313294 0.147589 -0.419360
v -0.352887 0.147211 -0.405617
v 0.327987 0.152609 -0.370861
v 0.291856 0.156091 -0.380743
v 0.249630 0.158748 -0.387270
v 0.203124 0.156214 -0.391366
v 0.154345 0.157578 -0.394902
v 0.103850 0.158628 -0.397481
v 0.052211 0.159303 -0.399060
v 0.000000 0.163411 -0.400181
v -0.052211 0.159303 -0.399060
v -0.103850 0.158628 -0.397481
v -0.154345 0.157578 -0.394902
v -0.203124 0.156214 -0.391366
v -0.249417 0.154621 -0.386766
v -0.291664 0.152974 -0.380394
v -0.328249 0.156151 -0.371220
v -0.769929 0.012863 0.890258
v -0.681876 0.014101 0.922800
v -0.580548 0.012864 0.941533
v -0.470816 0.012865 0.952129
v -0.356554 0.012865 0.958195
v -0.239341 0.012866 0.961310
v -0.120168 0.015697 0.963428
v -0.000000 0.012866 0.962622
v 0.120175 0.019560 0.964752
v 0.239389 0.020599 0.963953
v 0.356630 0.018467 0.960096
v 0.470872 0.015089 0.952873
v 0.580548 0.012864 0.941533
v 0.682304 0.019391 0.924375
v 0.770253 0.015303 0.890881
v -0.739909 0.025648 0.855560
v -0.655439 0.028774 0.887407
v -0.557926 0.026071 0.904989
v -0.452544 0.029297 0.916252
v -0.342672 0.027479 0.921499
v -0.230007 0.025666 0.923891
v -0.115476 0.025668 0.924999
v -0.000000 0.025668 0.925159
v 0.115476 0.025668 0.924999
v 0.230044 0.031669 0.925920
v 0.342648 0.025663 0.920890
v 0.452464 0.026028 0.915173
v 0.558059 0.029012 0.905924
v 0.655591 0.030675 0.887965
v 0.740146 0.027461 0.856017
v -0.709956 0.040610 0.821192
v -0.628744 0.042763 0.851595
v -0.535103 0.038692 0.868080
v -0.433993 0.040329 0.878417
v -0.328629 0.038324 0.883391
v -0.220595 0.038335 0.886290
v -0.110751 0.038342 0.887367
v -0.000000 0.038718 0.887650
v 0.110751 0.038342 0.887367
v 0.220602 0.039472 0.886667
v 0.328629 0.038324 0.883391
v 0.433944 0.038311 0.877765
v 0.535228 0.041528 0.868962
v 0.628393 0.038285 0.850311
v 0.709693 0.038550 0.820685
v -0.679526 0.054448 0.786207
v -0.601615 0.055065 0.814991
v -0.511991 0.050719 0.830724
v -0.415210 0.050752 0.840167
v -0.314439 0.050783 0.845602
v -0.211069 0.050807 0.848418
v -0.105968 0.050824 0.849475
v -0.000000 0.050830 0.849636
v 0.105968 0.050824 0.849475
v 0.211069 0.050807 0.848418
v 0.314453 0.051852 0.845944
v 0.415315 0.055103 0.841530
v 0.511991 0.050719 0.830724
v 0.601282 0.050689 0.813778
v 0.679079 0.050832 0.785348
v -0.648704 0.068713 0.750867
v -0.574082 0.067317 0.777972
v -0.488533 0.062846 0.793043
v -0.396298 0.067966 0.803675
v -0.300064 0.066103 0.808391
v -0.201394 0.063557 0.810350
v -0.101108 0.063051 0.811237
v -0.000000 0.063063 0.811407
v 0.101108 0.063051 0.811237
v 0.201408 0.065857 0.811067
v 0.300080 0.067301 0.808760
v 0.396229 0.065029 0.802791
v 0.488533 0.062846 0.793043
v 0.574216 0.069138 0.778455
v 0.649065 0.071751 0.751557
v -0.617023 0.080350 0.714374
v -0.545693 0.074502 0.739174
v -0.464620 0.074605 0.754804
v -0.376840 0.077470 0.764408
v -0.285322 0.074818 0.768767
v -0.191519 0.074902 0.771493
v -0.096156 0.076879 0.773142
v -0.000000 0.074979 0.772752
v 0.096153 0.075663 0.772777
v 0.191527 0.076011 0.771824
v 0.285338 0.076039 0.769126
v 0.376775 0.074716 0.763619
v 0.464809 0.079227 0.756069
v 0.546199 0.081692 0.740977
v 0.616356 0.074426 0.713104
v -0.584469 0.089860 0.676808
v -0.517006 0.085758 0.700867
v -0.440270 0.088630 0.716590
v -0.356935 0.086535 0.724579
v -0.270281 0.086260 0.729527
v -0.181419 0.086392 0.732260
v -0.091084 0.088322 0.733900
v -0.000000 0.093683 0.735639
v 0.091089 0.089856 0.734338
v 0.181419 0.086392 0.732260
v 0.270317 0.088817 0.730237
v 0.357005 0.089486 0.725375
v 0.440162 0.085921 0.715896
v 0.517006 0.085757 0.700867
v 0.584021 0.085638 0.675964
v -0.550876 0.096298 0.637968
v -0.487586 0.096533 0.661745
v -0.415168 0.099295 0.676817
v -0.336657 0.101280 0.685654
v -0.254842 0.097227 0.689611
v -0.171051 0.097425 0.692391
v -0.085888 0.102154 0.694812
v -0.000000 0.103010 0.695284
v 0.085872 0.097558 0.693576
v 0.171051 0.097425 0.692391
v 0.254842 0.097227 0.689611
v 0.336553 0.096984 0.684575
v 0.415103 0.097632 0.676422
v 0.487583 0.096477 0.661733
v 0.550876 0.096298 0.637968
v -0.516910 0.106338 0.599087
v -0.457671 0.110634 0.622528
v -0.389342 0.106939 0.635682
v -0.315670 0.107314 0.643904
v -0.239017 0.107659 0.648955
v -0.160423 0.107940 0.651825
v -0.080542 0.109808 0.653532
v -0.000000 0.108198 0.653406
v 0.080535 0.108129 0.653110
v 0.160439 0.109605 0.652237
v 0.239072 0.110988 0.649758
v 0.315731 0.109717 0.644461
v 0.389449 0.109676 0.636280
v 0.457706 0.111216 0.622643
v 0.516910 0.106338 0.599087
v -0.482919 0.120104 0.560327
v -0.426940 0.116072 0.581117
v -0.363377 0.116546 0.594517
v -0.294620 0.117057 0.602572
v -0.223082 0.117525 0.607640
v -0.149730 0.117906 0.610611
v -0.075175 0.119763 0.612385
v -0.000000 0.118255 0.612359
v 0.075189 0.122338 0.612988
v 0.149770 0.121510 0.611440
v 0.223082 0.117525 0.607640
v 0.294620 0.117057 0.602572
v 0.363377 0.116546 0.594517
v 0.427221 0.120781 0.581969
v 0.482537 0.115723 0.559651
v -0.448653 0.128982 0.520728
v -0.396654 0.124890 0.540238
v -0.337660 0.125517 0.552958
v -0.273927 0.129450 0.561390
v -0.207412 0.128248 0.566076
v -0.139230 0.128801 0.569147
v -0.069892 0.127629 0.570334
v -0.000000 0.127750 0.570739
v 0.069892 0.127629 0.570334
v 0.139215 0.127646 0.568901
v 0.207382 0.126804 0.565779
v 0.273832 0.126190 0.560751
v 0.337933 0.132168 0.554175
v 0.396833 0.127945 0.540743
v 0.448606 0.128418 0.520648
v -0.414908 0.135764 0.481239
v -0.367082 0.133024 0.499430
v -0.312786 0.136336 0.511675
v -0.253913 0.140313 0.519619
v -0.192320 0.138004 0.523966
v -0.129107 0.136092 0.526553
v -0.064834 0.136504 0.528144
v 0.000000 0.136653 0.528599
v 0.064861 0.140103 0.528865
v 0.129107 0.136092 0.526552
v 0.192261 0.135470 0.523488
v 0.253735 0.134693 0.518613
v 0.312935 0.139830 0.512258
v 0.367111 0.133525 0.499505
v 0.414643 0.132425 0.480806
v -0.382342 0.139677 0.442327
v -0.338946 0.141540 0.459171
v -0.289026 0.141839 0.469684
v -0.234844 0.143710 0.476495
v -0.178103 0.144247 0.480998
v -0.119675 0.144815 0.483961
v -0.060116 0.144759 0.485496
v 0.000000 0.146525 0.486287
v 0.060116 0.144759 0.485496
v 0.119666 0.144261 0.483862
v 0.178213 0.148457 0.481722
v 0.234804 0.142544 0.476305
v 0.289339 0.148796 0.470736
v 0.338982 0.142149 0.459255
v 0.382342 0.139677 0.442327
v -0.353267 0.152282 0.406176
v -0.313610 0.152874 0.420017
v -0.267730 0.151531 0.428555
v -0.217698 0.149724 0.433880
v -0.165509 0.158314 0.439147
v -0.111155 0.151781 0.440818
v -0.055866 0.152402 0.442455
v 0.000000 0.152627 0.442982
v 0.055866 0.152368 0.442449
v 0.111155 0.151781 0.440818
v 0.165463 0.156735 0.438901
v 0.217698 0.149723 0.433880
v 0.267580 0.148403 0.428128
v 0.313320 0.148039 0.419416
v 0.352810 0.146179 0.405504
v -0.328035 0.153253 0.370926
v -0.291664 0.152974 0.380394
v -0.249539 0.156994 0.387055
v -0.203124 0.156214 0.391366
v -0.154345 0.157578 0.394902
v -0.103850 0.158628 0.397481
v -0.052211 0.159303 0.399060
v 0.000000 0.162392 0.400027
v 0.052211 0.159303 0.399060
v 0.103850 0.158628 0.397481
v 0.154380 0.158648 0.395051
v 0.203124 0.156214 0.391366
v 0.249417 0.154621 0.386766
v 0.291664 0.152974 0.380394
v 0.327910 0.151557 0.370754
v 0.890258 0.012863 0.769929
v 0.922432 0.012864 0.681775
v 0.942339 0.015368 0.580662
v 0.952129 0.012865 0.470816
v 0.959188 0.015793 0.356593
v 0.961310 0.012866 0.239341
v 0.962852 0.014015 0.120165
v 0.962622 0.012866 0.000000
v 0.962600 0.013280 -0.120163
v 0.961310 0.012866 -0.239341
v 0.958195 0.012865 -0.356554
v 0.952129 0.012865 -0.470816
v 0.941829 0.013784 -0.580589
v 0.923584 0.016732 -0.682089
v 0.891447 0.017518 -0.770547
v 0.856070 0.027674 0.740174
v 0.886490 0.025651 0.655189
v 0.906270 0.030099 0.558108
v 0.915051 0.025659 0.452455
v 0.920890 0.025663 0.342648
v 0.923891 0.025666 0.230007
v 0.924999 0.025668 0.115476
v 0.925159 0.025668 0.000000
v 0.925605 0.027454 -0.115479
v 0.923891 0.025666 -0.230007
v 0.921631 0.027874 -0.342678
v 0.915051 0.025659 -0.452455
v 0.904857 0.025655 -0.557907
v 0.887576 0.029349 -0.655485
v 0.855560 0.025648 -0.739909
v 0.820617 0.038275 0.709658
v 0.851113 0.041083 0.628612
v 0.868239 0.039203 0.535126
v 0.878602 0.040902 0.434007
v 0.883391 0.038324 0.328629
v 0.888801 0.045908 0.220642
v 0.887367 0.038342 0.110751
v 0.887690 0.038839 0.000000
v 0.887372 0.038357 -0.110751
v 0.886290 0.038335 -0.220595
v 0.884616 0.042052 -0.328678
v 0.878605 0.040913 -0.434007
v 0.867958 0.038298 -0.535086
v 0.850774 0.039898 -0.628520
v 0.820618 0.038275 -0.709658
v 0.785309 0.050667 0.679059
v 0.813778 0.050689 0.601282
v 0.830724 0.050719 0.511991
v 0.841381 0.054625 0.415303
v 0.846132 0.052442 0.314461
v 0.851422 0.060117 0.211127
v 0.849475 0.050824 0.105968
v 0.849636 0.050830 0.000000
v 0.849475 0.050824 -0.105968
v 0.849516 0.054212 -0.211090
v 0.845602 0.050783 -0.314439
v 0.841779 0.055897 -0.415334
v 0.830887 0.051262 -0.512014
v 0.813778 0.050689 -0.601282
v 0.785309 0.050667 -0.679059
v 0.749512 0.062743 0.647997
v 0.778717 0.070127 0.574288
v 0.793043 0.062846 0.488533
v 0.802969 0.065621 0.396243
v 0.807427 0.062970 0.300022
v 0.811400 0.066926 0.201415
v 0.811237 0.063051 0.101108
v 0.811407 0.063063 0.000000
v 0.811237 0.063051 -0.101108
v 0.810559 0.064227 -0.201398
v 0.807944 0.064649 -0.300044
v 0.802153 0.062911 -0.396178
v 0.793043 0.062846 -0.488533
v 0.778918 0.070885 -0.574344
v 0.749512 0.062743 -0.647997
v 0.713104 0.074426 0.616356
v 0.739921 0.077480 0.545903
v 0.755311 0.076455 0.464696
v 0.763619 0.074716 0.376775
v 0.768900 0.075270 0.285328
v 0.774280 0.084249 0.191583
v 0.772565 0.074958 0.096151
v 0.772752 0.074979 0.000000
v 0.773451 0.077906 -0.096158
v 0.771758 0.075790 -0.191525
v 0.768767 0.074818 -0.285322
v 0.765316 0.080637 -0.376914
v 0.754804 0.074605 -0.464620
v 0.739966 0.077660 -0.545915
v 0.713290 0.075292 -0.616454
v 0.677066 0.091145 0.584605
v 0.700867 0.085758 0.517006
v 0.716968 0.090104 0.440329
v 0.724947 0.087897 0.356967
v 0.729783 0.087181 0.270294
v 0.732324 0.086620 0.181421
v 0.733374 0.086482 0.091079
v 0.734096 0.088295 0.000000
v 0.733374 0.086482 -0.091079
v 0.733742 0.091638 -0.181458
v 0.729527 0.086260 -0.270281
v 0.724461 0.086097 -0.356924
v 0.717111 0.090659 -0.440351
v 0.701570 0.088757 -0.517207
v 0.675964 0.085638 -0.584021
v 0.637968 0.096298 0.550876
v 0.661733 0.096477 0.487583
v 0.676205 0.096721 0.415067
v 0.684575 0.096984 0.336553
v 0.689611 0.097227 0.254842
v 0.692574 0.098114 0.171057
v 0.693828 0.098496 0.085875
v 0.693825 0.097607 0.000000
v 0.693964 0.098999 -0.085877
v 0.692504 0.097851 -0.171055
v 0.690057 0.098946 -0.254868
v 0.685044 0.098850 -0.336598
v 0.676205 0.096721 -0.415067
v 0.662075 0.098062 -0.487684
v 0.638360 0.098424 -0.551086
v 0.599087 0.106338 0.516910
v 0.622434 0.110158 0.457641
v 0.635941 0.108123 0.389388
v 0.644204 0.108610 0.315703
v 0.648955 0.107659 0.239017
v 0.651825 0.107940 0.160423
v 0.653541 0.109844 0.080542
v 0.654283 0.111668 0.000000
v 0.653937 0.111415 -0.080549
v 0.651825 0.107940 -0.160423
v 0.648955 0.107659 -0.239017
v 0.643904 0.107314 -0.315670
v 0.635682 0.106939 -0.389342
v 0.621729 0.106593 -0.457423
v 0.599532 0.108977 -0.517154
v 0.559651 0.115723 0.482537
v 0.581752 0.119579 0.427149
v 0.594517 0.116546 0.363377
v 0.602695 0.117633 0.294635
v 0.607640 0.117525 0.223082
v 0.610611 0.117906 0.149730
v 0.612672 0.120988 0.075182
v 0.613211 0.121865 0.000000
v 0.612009 0.118162 -0.075167
v 0.610611 0.117906 -0.149730
v 0.607640 0.117525 -0.223082
v 0.602572 0.117057 -0.294620
v 0.595357 0.120745 -0.363544
v 0.581692 0.119246 -0.427130
v 0.559651 0.115723 -0.482537
v 0.520083 0.124427 0.448275
v 0.540238 0.124890 0.396654
v 0.552958 0.125517 0.337660
v 0.560859 0.126740 0.273848
v 0.566190 0.128801 0.207423
v 0.569128 0.128711 0.139229
v 0.571152 0.131389 0.069916
v 0.570739 0.127750 0.000000
v 0.571355 0.132324 -0.069922
v 0.568827 0.127298 -0.139211
v 0.565779 0.126804 -0.207382
v 0.560751 0.126190 -0.273832
v 0.552970 0.125581 -0.337663
v 0.540238 0.124890 -0.396654
v 0.520083 0.124427 -0.448275
v 0.481568 0.138295 0.415109
v 0.499430 0.133024 0.367082
v 0.511258 0.133832 0.312679
v 0.518613 0.134693 0.253735
v 0.524212 0.139308 0.192350
v 0.526821 0.137464 0.129128
v 0.528144 0.136504 0.064834
v 0.529079 0.139028 -0.000000
v 0.528144 0.136504 -0.064834
v 0.526823 0.137470 -0.129128
v 0.523488 0.135470 -0.192261
v 0.519285 0.138445 -0.253854
v 0.511729 0.136656 -0.312800
v 0.500261 0.138542 -0.367405
v 0.480806 0.132425 -0.414643
v 0.442327 0.139677 0.382342
v 0.459424 0.143384 0.339054
v 0.469627 0.141467 0.289010
v 0.477086 0.147346 0.234971
v 0.482100 0.150653 0.178271
v 0.483862 0.144261 0.119666
v 0.485496 0.144759 0.060116
v 0.486821 0.149408 -0.000000
v 0.485496 0.144759 -0.060116
v 0.484082 0.145495 -0.119687
v 0.480921 0.143797 -0.178091
v 0.476305 0.142544 -0.234804
v 0.470129 0.144786 -0.289159
v 0.459088 0.140934 -0.338910
v 0.442327 0.139677 -0.382342
v 0.405493 0.146083 0.352802
v 0.419301 0.147109 0.313265
v 0.428234 0.149180 0.267617
v 0.434774 0.155814 0.217931
v 0.438082 0.151468 0.165308
v 0.440830 0.151855 0.111156
v 0.442449 0.152368 0.055866
v 0.442973 0.152578 -0.000000
v 0.443431 0.158254 -0.055927
v 0.441946 0.158734 -0.111295
v 0.438772 0.155906 -0.165439
v 0.433880 0.149723 -0.217698
v 0.428128 0.148403 -0.267580
v 0.419301 0.147109 -0.313265
v 0.405961 0.150329 -0.353120
v 0.370754 0.151557 0.327910
v 0.380511 0.154023 0.291729
v 0.387265 0.158711 0.249628
v 0.391366 0.156214 0.203124
v 0.395600 0.162583 0.154509
v 0.398617 0.166419 0.104027
v 0.399297 0.160886 0.052230
v 0.399595 0.159542 -0.000000
v 0.399413 0.161657 -0.052239
v 0.398924 0.168521 -0.104075
v 0.394902 0.157578 -0.154345
v 0.391366 0.156214 -0.203124
v 0.386947 0.156105 -0.249493
v 0.380926 0.157722 -0.291957
v 0.371054 0.154516 -0.328128
v -0.890258 0.012863 -0.769929
v -0.923247 0.015602 -0.681997
v -0.941533 0.012864 -0.580548
v -0.952129 0.012865 -0.470816
v -0.958474 0.013687 -0.356565
v -0.961310 0.012866 -0.239341
v -0.962734 0.013672 -0.120164
v -0.964117 0.017225 -0.000000
v -0.962458 0.012866 0.120162
v -0.962409 0.016081 0.239361
v -0.958195 0.012865 0.356554
v -0.952129 0.012865 0.470816
v -0.942348 0.015397 0.580663
v -0.923606 0.016808 0.682095
v -0.890586 0.014148 0.770100
v -0.857884 0.034872 -0.741115
v -0.887251 0.028245 -0.655397
v -0.905825 0.028700 -0.558045
v -0.915235 0.026215 -0.452468
v -0.922466 0.030364 -0.342711
v -0.925515 0.030473 -0.230036
v -0.925642 0.027566 -0.115479
v -0.926296 0.029021 -0.000000
v -0.925977 0.028552 0.115481
v -0.925932 0.031705 0.230044
v -0.921874 0.028598 0.342687
v -0.916512 0.030085 0.452564
v -0.904857 0.025655 0.557907
v -0.888484 0.032447 0.655733
v -0.855560 0.025648 0.739909
v -0.820617 0.038275 -0.709658
v -0.852008 0.044205 -0.628857
v -0.868789 0.040974 -0.535204
v -0.877765 0.038311 -0.433944
v -0.883391 0.038324 -0.328629
v -0.886664 0.039462 -0.220602
v -0.887367 0.038342 -0.110751
v -0.887525 0.038344 -0.000000
v -0.887367 0.038342 0.110751
v -0.886290 0.038335 0.220595
v -0.883391 0.038324 0.328629
v -0.877765 0.038311 0.433944
v -0.867958 0.038298 0.535086
v -0.850311 0.038285 0.628393
v -0.820650 0.038409 0.709675
v -0.785354 0.050857 -0.679082
v -0.814558 0.053504 -0.601496
v -0.831242 0.052442 -0.512065
v -0.840167 0.050752 -0.415210
v -0.846716 0.054269 -0.314485
v -0.848418 0.050807 -0.211069
v -0.849475 0.050824 -0.105968
v -0.849636 0.050830 -0.000000
v -0.851262 0.056337 0.105979
v -0.848499 0.051059 0.211071
v -0.845602 0.050783 0.314439
v -0.840167 0.050752 0.415210
v -0.830724 0.050719 0.511991
v -0.813778 0.050689 0.601282
v -0.786249 0.054623 0.679548
v -0.749512 0.062743 -0.647997
v -0.776771 0.062787 -0.573750
v -0.793043 0.062846 -0.488533
v -0.802153 0.062911 -0.396179
v -0.807427 0.062970 -0.300022
v -0.810182 0.063018 -0.201390
v -0.812473 0.066994 -0.101116
v -0.811407 0.063063 -0.000000
v -0.811288 0.063213 0.101108
v -0.810557 0.064220 0.201398
v -0.807427 0.062970 0.300022
v -0.803086 0.066009 0.396252
v -0.793043 0.062846 0.488533
v -0.776772 0.062787 0.573750
v -0.749701 0.063575 0.648095
v -0.713104 0.074426 -0.616356
v -0.739885 0.077337 -0.545893
v -0.755482 0.077082 -0.464721
v -0.763619 0.074716 -0.376775
v -0.768767 0.074818 -0.285322
v -0.771493 0.074902 -0.191519
v -0.773642 0.078543 -0.096160
v -0.772752 0.074979 -0.000000
v -0.772565 0.074958 0.096151
v -0.771955 0.076451 0.191530
v -0.768767 0.074818 0.285322
v -0.763619 0.074716 0.376775
v -0.755815 0.078298 0.464771
v -0.740059 0.078030 0.545941
v -0.713104 0.074426 0.616356
v -0.676131 0.086474 -0.584110
v -0.700867 0.085758 -0.517006
v -0.716462 0.088131 -0.440250
v -0.724461 0.086097 -0.356924
v -0.729527 0.086260 -0.270281
v -0.733464 0.090654 -0.181451
v -0.733984 0.088617 -0.091085
v -0.733586 0.086514 -0.000000
v -0.733374 0.086482 0.091079
v -0.732260 0.086392 0.181419
v -0.729527 0.086260 0.270281
v -0.724461 0.086097 0.356924
v -0.716660 0.088902 0.440281
v -0.701292 0.087570 0.517127
v -0.675964 0.085638 0.584021
v -0.639048 0.102159 -0.551456
v -0.661733 0.096477 -0.487583
v -0.676278 0.097025 -0.415079
v -0.684683 0.097411 -0.336563
v -0.689611 0.097227 -0.254842
v -0.692391 0.097425 -0.171051
v -0.693576 0.097558 -0.085872
v -0.694346 0.099538 -0.000000
v -0.693710 0.098055 0.085874
v -0.693416 0.101283 0.171083
v -0.689611 0.097227 0.254842
v -0.684575 0.096984 0.336553
v -0.676205 0.096721 0.415067
v -0.662010 0.097761 0.487665
v -0.638529 0.099340 0.551177
v -0.599122 0.106551 -0.516930
v -0.621729 0.106593 -0.457423
v -0.635682 0.106939 -0.389342
v -0.644567 0.110176 -0.315742
v -0.648955 0.107659 -0.239017
v -0.651825 0.107940 -0.160423
v -0.653266 0.108748 -0.080538
v -0.653406 0.108198 -0.000000
v -0.653110 0.108129 0.080535
v -0.651825 0.107940 0.160423
v -0.650337 0.113391 0.239111
v -0.643904 0.107314 0.315670
v -0.636065 0.108690 0.389410
v -0.622117 0.108554 0.457543
v -0.600187 0.112864 0.517514
v -0.559651 0.115723 -0.482537
v -0.581538 0.118399 -0.427079
v -0.594517 0.116546 -0.363377
v -0.603217 0.120078 -0.294701
v -0.607640 0.117525 -0.223082
v -0.610611 0.117906 -0.149730
v -0.612009 0.118162 -0.075167
v -0.612693 0.119673 -0.000000
v -0.612009 0.118162 0.075167
v -0.610743 0.118481 0.149736
v -0.608302 0.120493 0.223136
v -0.602572 0.117057 0.294620
v -0.594517 0.116546 0.363377
v -0.581117 0.116072 0.426940
v -0.560661 0.122261 0.483107
v -0.521126 0.131787 -0.448885
v -0.540364 0.125652 -0.396699
v -0.553342 0.127615 -0.337746
v -0.560751 0.126190 -0.273832
v -0.566803 0.131784 -0.207484
v -0.569816 0.131943 -0.139272
v -0.570615 0.128922 -0.069900
v -0.571092 0.129364 -0.000000
v -0.570767 0.129618 0.069905
v -0.568827 0.127298 0.139211
v -0.565779 0.126804 0.207382
v -0.560751 0.126190 0.273832
v -0.552958 0.125517 0.337660
v -0.540238 0.124890 0.396654
v -0.520699 0.128775 0.448635
v -0.480806 0.132425 -0.414643
v -0.499430 0.133024 -0.367082
v -0.511258 0.133832 -0.312679
v -0.519432 0.139267 -0.253880
v -0.523488 0.135470 -0.192261
v -0.526553 0.136092 -0.129107
v -0.528220 0.136884 -0.064837
v -0.528599 0.136653 0.000000
v -0.528144 0.136504 0.064834
v -0.526810 0.137405 0.129127
v -0.523488 0.135470 0.192261
v -0.518613 0.134693 0.253735
v -0.511455 0.135017 0.312730
v -0.499430 0.133024 0.367082
v -0.481518 0.137904 0.415078
v -0.442601 0.141972 -0.382518
v -0.459021 0.140445 -0.338882
v -0.469947 0.143580 -0.289105
v -0.476305 0.142544 -0.234804
v -0.481028 0.144416 -0.178107
v -0.484163 0.145947 -0.119695
v -0.485941 0.147184 -0.060137
v -0.486193 0.146022 0.000000
v -0.485496 0.144759 0.060116
v -0.483862 0.144261 0.119666
v -0.480883 0.143574 0.178085
v -0.476593 0.144316 0.234865
v -0.470470 0.147035 0.289260
v -0.459240 0.142045 0.338976
v -0.442328 0.139691 0.382343
v -0.405493 0.146083 -0.352802
v -0.419645 0.149883 -0.313431
v -0.428128 0.148403 -0.267580
v -0.434400 0.153270 -0.217834
v -0.437991 0.150879 -0.165291
v -0.441281 0.154634 -0.111212
v -0.443517 0.158770 -0.055932
v -0.442973 0.152578 0.000000
v -0.442464 0.152455 0.055867
v -0.442134 0.159892 0.111318
v -0.437991 0.150879 0.165291
v -0.433880 0.149723 0.217698
v -0.428657 0.152283 0.267766
v -0.419301 0.147109 0.313265
v -0.405642 0.147438 0.352904
v -0.370936 0.153354 -0.328042
v -0.380394 0.152974 -0.291664
v -0.387141 0.157693 -0.249575
v -0.391527 0.157436 -0.203176
v -0.394902 0.157578 -0.154345
v -0.397481 0.158628 -0.103850
v -0.399060 0.159303 -0.052211
v -0.399595 0.159542 0.000000
v -0.399763 0.163996 0.052267
v -0.397546 0.159072 0.103860
v -0.395353 0.160813 0.154451
v -0.391372 0.156259 0.203126
v -0.386766 0.154621 0.249417
v -0.381013 0.158501 0.292005
v -0.370996 0.153947 0.328086
vt 0.349919 0.630358
vt 0.367445 0.648109
vt 0.349127 0.648737
vt 0.349540 0.610585
vt 0.369472 0.628503
vt 0.348740 0.589601
vt 0.370021 0.608274
vt 0.347894 0.567732
vt 0.369787 0.587391
vt 0.347177 0.545219
vt 0.369297 0.565897
vt 0.346715 0.522281
vt 0.368788 0.543931
vt 0.346634 0.499135
vt 0.368425 0.521652
vt 0.368737 0.476803
vt 0.368372 0.499223
vt 0.347018 0.476000
vt 0.369407 0.454552
vt 0.347777 0.453091
vt 0.370212 0.432626
vt 0.348782 0.430622
vt 0.370981 0.411183
vt 0.349899 0.408809
vt 0.371473 0.390357
vt 0.350948 0.387888
vt 0.371155 0.370185
vt 0.351548 0.368181
vt 0.369327 0.350630
vt 0.387147 0.648682
vt 0.389640 0.628156
vt 0.390710 0.607416
vt 0.390914 0.586366
vt 0.390738 0.564949
vt 0.390429 0.543236
vt 0.390154 0.499327
vt 0.390173 0.521328
vt 0.390496 0.477335
vt 0.391070 0.455451
vt 0.391685 0.433773
vt 0.392150 0.412401
vt 0.392215 0.391400
vt 0.391387 0.370709
vt 0.389103 0.350226
vt 0.408063 0.649700
vt 0.410462 0.628617
vt 0.411708 0.607449
vt 0.412184 0.586136
vt 0.412244 0.564638
vt 0.411954 0.521239
vt 0.412106 0.542988
vt 0.411974 0.499445
vt 0.412288 0.477659
vt 0.412769 0.455930
vt 0.413465 0.412848
vt 0.413225 0.434310
vt 0.413267 0.391575
vt 0.412273 0.370447
vt 0.410092 0.349399
vt 0.429872 0.650786
vt 0.431902 0.629354
vt 0.433078 0.607882
vt 0.433834 0.564726
vt 0.433645 0.586344
vt 0.433820 0.543042
vt 0.433762 0.521317
vt 0.433823 0.499574
vt 0.434107 0.477837
vt 0.434504 0.456128
vt 0.434846 0.434467
vt 0.434687 0.391370
vt 0.434967 0.412877
vt 0.433770 0.369928
vt 0.431965 0.348523
vt 0.452337 0.651757
vt 0.453825 0.630126
vt 0.455265 0.586767
vt 0.454754 0.608463
vt 0.455495 0.565034
vt 0.455565 0.543273
vt 0.455593 0.521496
vt 0.455694 0.499712
vt 0.455946 0.477932
vt 0.456267 0.456165
vt 0.456532 0.434420
vt 0.456620 0.412706
vt 0.455740 0.369388
vt 0.456404 0.391029
vt 0.454481 0.347775
vt 0.475244 0.652483
vt 0.476076 0.630762
vt 0.476993 0.587213
vt 0.476638 0.609004
vt 0.477205 0.565396
vt 0.477333 0.543558
vt 0.477438 0.521709
vt 0.477580 0.499854
vt 0.477798 0.478002
vt 0.478047 0.456158
vt 0.478260 0.434329
vt 0.478371 0.412521
vt 0.478022 0.368992
vt 0.478315 0.390740
vt 0.477422 0.347281
vt 0.498379 0.652833
vt 0.498495 0.631094
vt 0.498780 0.587493
vt 0.498630 0.609312
vt 0.498943 0.565645
vt 0.499115 0.543776
vt 0.499293 0.521892
vt 0.499474 0.500000
vt 0.499655 0.478109
vt 0.499833 0.456224
vt 0.500005 0.434355
vt 0.500167 0.412507
vt 0.500452 0.368906
vt 0.500318 0.390688
vt 0.500569 0.347167
vt 0.520926 0.631008
vt 0.521526 0.652719
vt 0.520633 0.609260
vt 0.520576 0.587479
vt 0.520688 0.565671
vt 0.520901 0.543842
vt 0.521367 0.500146
vt 0.521150 0.521998
vt 0.521509 0.478291
vt 0.521615 0.456442
vt 0.521743 0.434605
vt 0.522310 0.390996
vt 0.521955 0.412787
vt 0.522872 0.369238
vt 0.543207 0.630612
vt 0.544466 0.652225
vt 0.542544 0.608971
vt 0.542328 0.587294
vt 0.542416 0.565580
vt 0.542681 0.543835
vt 0.543001 0.522069
vt 0.543355 0.478504
vt 0.543254 0.500288
vt 0.543383 0.456727
vt 0.543453 0.434966
vt 0.543683 0.413234
vt 0.544194 0.391537
vt 0.523703 0.347517
vt 0.545122 0.369874
vt 0.565177 0.630072
vt 0.566983 0.651477
vt 0.564260 0.608630
vt 0.563981 0.587124
vt 0.564102 0.565533
vt 0.564444 0.543872
vt 0.564841 0.522163
vt 0.565185 0.478683
vt 0.565125 0.500426
vt 0.565128 0.456958
vt 0.565114 0.435274
vt 0.565303 0.413656
vt 0.565870 0.392118
vt 0.546611 0.348243
vt 0.567046 0.370646
vt 0.586675 0.629553
vt 0.588856 0.650601
vt 0.585680 0.608425
vt 0.585482 0.587152
vt 0.585723 0.565690
vt 0.586179 0.544070
vt 0.586660 0.522341
vt 0.586994 0.478761
vt 0.586974 0.500555
vt 0.586842 0.457013
vt 0.586704 0.435362
vt 0.586763 0.413864
vt 0.587240 0.392551
vt 0.569076 0.349214
vt 0.588485 0.371383
vt 0.607561 0.629292
vt 0.609844 0.649774
vt 0.606733 0.608600
vt 0.606797 0.587599
vt 0.607262 0.566227
vt 0.607878 0.544549
vt 0.608452 0.522665
vt 0.608794 0.500673
vt 0.608518 0.456764
vt 0.608775 0.478672
vt 0.608209 0.435051
vt 0.608034 0.413634
vt 0.608238 0.392584
vt 0.590885 0.350300
vt 0.609307 0.371844
vt 0.627793 0.629815
vt 0.629620 0.649370
vt 0.627475 0.609643
vt 0.627967 0.588817
vt 0.628736 0.567374
vt 0.629540 0.545448
vt 0.630210 0.523197
vt 0.630523 0.478348
vt 0.630576 0.500777
vt 0.630159 0.456069
vt 0.629650 0.434103
vt 0.629161 0.412609
vt 0.628927 0.391726
vt 0.611801 0.351318
vt 0.629476 0.371497
vt 0.647399 0.631819
vt 0.648002 0.650140
vt 0.648000 0.612112
vt 0.649049 0.591191
vt 0.650166 0.569378
vt 0.651170 0.546910
vt 0.651930 0.524000
vt 0.652314 0.500865
vt 0.652233 0.477719
vt 0.651771 0.454781
vt 0.651054 0.432268
vt 0.650207 0.410400
vt 0.649408 0.389415
vt 0.631503 0.351891
vt 0.649029 0.369643
vt 0.332318 0.651069
vt 0.346667 0.665595
vt 0.333914 0.663887
vt 0.330741 0.634802
vt 0.329140 0.614961
vt 0.327709 0.593385
vt 0.326502 0.570703
vt 0.325589 0.547248
vt 0.325046 0.523282
vt 0.324948 0.499066
vt 0.325343 0.474861
vt 0.326177 0.450926
vt 0.327370 0.427517
vt 0.328843 0.404894
vt 0.330520 0.383386
vt 0.332340 0.363618
vt 0.350946 0.349860
vt 0.334089 0.347418
vt 0.348636 0.333049
vt 0.364908 0.331452
vt 0.384754 0.329826
vt 0.406335 0.328367
vt 0.429021 0.327130
vt 0.452479 0.326187
vt 0.476447 0.325611
vt 0.500664 0.325479
vt 0.524868 0.325839
vt 0.548801 0.326640
vt 0.572206 0.327800
vt 0.594824 0.329241
vt 0.616326 0.330887
vt 0.636087 0.332679
vt 0.649820 0.351263
vt 0.652281 0.334405
vt 0.666630 0.348931
vt 0.668206 0.365198
vt 0.669808 0.385039
vt 0.671239 0.406615
vt 0.672446 0.429297
vt 0.673358 0.452752
vt 0.673901 0.476718
vt 0.674000 0.500934
vt 0.673605 0.525139
vt 0.672771 0.549074
vt 0.671578 0.572483
vt 0.670104 0.595106
vt 0.668428 0.616614
vt 0.666608 0.636382
vt 0.664859 0.652582
vt 0.650311 0.666951
vt 0.663133 0.665340
vt 0.634039 0.668548
vt 0.614194 0.670174
vt 0.592613 0.671633
vt 0.569927 0.672870
vt 0.546468 0.673814
vt 0.522500 0.674389
vt 0.498284 0.674521
vt 0.474080 0.674160
vt 0.450147 0.673360
vt 0.426742 0.672200
vt 0.404124 0.670759
vt 0.382622 0.669113
vt 0.362861 0.667321
vt 0.974285 0.145056
vt 0.939061 0.118157
vt 0.970046 0.089260
vt 0.977395 0.201979
vt 0.950562 0.164280
vt 0.978677 0.260728
vt 0.956133 0.216331
vt 0.979316 0.320120
vt 0.958544 0.271540
vt 0.979634 0.379832
vt 0.959776 0.327924
vt 0.979738 0.439756
vt 0.960391 0.384924
vt 0.979735 0.499788
vt 0.960592 0.442333
vt 0.960510 0.557563
vt 0.960587 0.499949
vt 0.979697 0.559819
vt 0.960228 0.614973
vt 0.979551 0.619744
vt 0.959533 0.671971
vt 0.979193 0.679455
vt 0.958223 0.728353
vt 0.978515 0.738846
vt 0.955738 0.783559
vt 0.977195 0.797594
vt 0.950097 0.835607
vt 0.974050 0.854515
vt 0.938535 0.881727
vt 0.915158 0.139949
vt 0.928305 0.182018
vt 0.935228 0.230302
vt 0.938489 0.282242
vt 0.940223 0.335702
vt 0.941090 0.390024
vt 0.941375 0.444921
vt 0.941254 0.555289
vt 0.941365 0.500105
vt 0.940849 0.610185
vt 0.939865 0.664505
vt 0.938015 0.717961
vt 0.934644 0.769895
vt 0.927618 0.818172
vt 0.914382 0.860231
vt 0.893893 0.159078
vt 0.907268 0.198503
vt 0.914734 0.243823
vt 0.918549 0.292782
vt 0.920650 0.343441
vt 0.921702 0.395137
vt 0.922049 0.447523
vt 0.921892 0.552986
vt 0.922036 0.500255
vt 0.921389 0.605371
vt 0.920183 0.657064
vt 0.917931 0.707717
vt 0.913973 0.756667
vt 0.906374 0.801974
vt 0.892881 0.841379
vt 0.873859 0.176945
vt 0.887021 0.214158
vt 0.894642 0.256891
vt 0.898734 0.303132
vt 0.901037 0.351140
vt 0.902195 0.400270
vt 0.902580 0.450147
vt 0.902389 0.550646
vt 0.902562 0.500397
vt 0.901815 0.600520
vt 0.900470 0.649645
vt 0.897985 0.697645
vt 0.893718 0.743872
vt 0.885935 0.786585
vt 0.872632 0.823769
vt 0.854481 0.194118
vt 0.867237 0.229300
vt 0.874779 0.269667
vt 0.878941 0.313380
vt 0.881317 0.358846
vt 0.882522 0.405445
vt 0.882928 0.452798
vt 0.882708 0.548257
vt 0.882907 0.500528
vt 0.882083 0.595606
vt 0.880663 0.642197
vt 0.878077 0.687651
vt 0.873712 0.731346
vt 0.865983 0.771685
vt 0.853062 0.806827
vt 0.835390 0.210958
vt 0.847618 0.244217
vt 0.854934 0.282347
vt 0.859040 0.323642
vt 0.861413 0.366618
vt 0.862633 0.410688
vt 0.863055 0.455486
vt 0.862810 0.545806
vt 0.863035 0.500647
vt 0.862145 0.590598
vt 0.860685 0.634656
vt 0.858078 0.677616
vt 0.853746 0.718886
vt 0.846221 0.756980
vt 0.833809 0.790189
vt 0.816218 0.227827
vt 0.827865 0.259199
vt 0.834896 0.295133
vt 0.838897 0.334034
vt 0.841245 0.374515
vt 0.842478 0.416024
vt 0.842923 0.458218
vt 0.842659 0.543283
vt 0.842910 0.500752
vt 0.841951 0.585467
vt 0.840460 0.626961
vt 0.837860 0.667419
vt 0.833615 0.706288
vt 0.826357 0.742178
vt 0.814509 0.773488
vt 0.796693 0.244983
vt 0.807758 0.274442
vt 0.814510 0.308149
vt 0.818419 0.344617
vt 0.820758 0.382558
vt 0.822021 0.421455
vt 0.822505 0.460989
vt 0.822227 0.540686
vt 0.822507 0.500840
vt 0.821468 0.580208
vt 0.819933 0.619085
vt 0.817329 0.656995
vt 0.813164 0.693424
vt 0.806172 0.727077
vt 0.794893 0.756463
vt 0.776927 0.262278
vt 0.787388 0.289787
vt 0.793846 0.321231
vt 0.797655 0.355238
vt 0.799988 0.390616
vt 0.801289 0.426887
vt 0.801820 0.463752
vt 0.801534 0.538064
vt 0.801844 0.500910
vt 0.800720 0.574912
vt 0.799139 0.611157
vt 0.796533 0.646498
vt 0.792460 0.680457
vt 0.785755 0.711838
vt 0.775072 0.739265
vt 0.757131 0.279458
vt 0.766924 0.304981
vt 0.773029 0.334142
vt 0.776694 0.365687
vt 0.778995 0.398523
vt 0.780324 0.432203
vt 0.780901 0.466445
vt 0.780611 0.535475
vt 0.780948 0.500963
vt 0.779746 0.569697
vt 0.778134 0.603345
vt 0.775556 0.636137
vt 0.771624 0.667626
vt 0.765269 0.696716
vt 0.755251 0.722147
vt 0.737512 0.296273
vt 0.746533 0.319772
vt 0.752185 0.346645
vt 0.755622 0.375756
vt 0.757838 0.406110
vt 0.759167 0.437286
vt 0.759780 0.469007
vt 0.759489 0.532979
vt 0.759849 0.500997
vt 0.758587 0.564678
vt 0.756974 0.595817
vt 0.754481 0.626120
vt 0.750778 0.655168
vt 0.744878 0.681964
vt 0.735633 0.705365
vt 0.718323 0.312380
vt 0.726381 0.333840
vt 0.731420 0.358460
vt 0.734516 0.385214
vt 0.736571 0.413200
vt 0.737858 0.442014
vt 0.738489 0.471378
vt 0.738197 0.530637
vt 0.738577 0.501012
vt 0.737278 0.559975
vt 0.735709 0.588748
vt 0.733380 0.616678
vt 0.730025 0.643364
vt 0.724743 0.667902
vt 0.716466 0.689262
vt 0.699985 0.327079
vt 0.706614 0.346593
vt 0.710771 0.369135
vt 0.713404 0.393739
vt 0.715230 0.419578
vt 0.716432 0.446258
vt 0.717058 0.473496
vt 0.716766 0.528508
vt 0.717158 0.501007
vt 0.715852 0.555717
vt 0.714371 0.582353
vt 0.712276 0.608133
vt 0.709389 0.632667
vt 0.704999 0.655126
vt 0.698161 0.674543
vt 0.682725 0.339447
vt 0.687300 0.357331
vt 0.690244 0.378168
vt 0.692306 0.400987
vt 0.693845 0.425019
vt 0.694921 0.449882
vt 0.695518 0.475296
vt 0.695226 0.526655
vt 0.695623 0.500981
vt 0.694340 0.552040
vt 0.692985 0.576857
vt 0.691180 0.600828
vt 0.688870 0.623577
vt 0.685702 0.644334
vt 0.680934 0.662130
vt 0.998848 0.062541
vt 0.955000 0.044276
vt 0.998848 0.000100
vt 0.998848 0.124981
vt 0.998848 0.187422
vt 0.998848 0.249863
vt 0.998848 0.312303
vt 0.998848 0.374744
vt 0.998848 0.437184
vt 0.998848 0.499625
vt 0.998848 0.562066
vt 0.998848 0.624506
vt 0.998848 0.686947
vt 0.998848 0.749388
vt 0.998848 0.811828
vt 0.998848 0.874269
vt 0.969780 0.910308
vt 0.998848 0.936710
vt 0.954709 0.955300
vt 0.916550 0.917419
vt 0.892163 0.893295
vt 0.871244 0.872623
vt 0.851800 0.853407
vt 0.833122 0.834932
vt 0.814817 0.816800
vt 0.796494 0.798618
vt 0.777867 0.780094
vt 0.759067 0.761362
vt 0.740330 0.742661
vt 0.721892 0.724231
vt 0.704075 0.706397
vt 0.687540 0.689829
vt 0.673930 0.676178
vt 0.665034 0.336113
vt 0.675881 0.325303
vt 0.689541 0.311678
vt 0.706121 0.295124
vt 0.723964 0.277287
vt 0.742402 0.258830
vt 0.761109 0.240074
vt 0.779845 0.221256
vt 0.798369 0.202613
vt 0.816549 0.184275
vt 0.834674 0.165956
vt 0.853142 0.147263
vt 0.872349 0.127806
vt 0.893010 0.106872
vt 0.917124 0.082467
vt 0.024663 0.854944
vt 0.059887 0.881843
vt 0.028902 0.910740
vt 0.021553 0.798021
vt 0.048385 0.835720
vt 0.020271 0.739272
vt 0.042814 0.783669
vt 0.019632 0.679880
vt 0.040403 0.728460
vt 0.019314 0.620169
vt 0.039171 0.672076
vt 0.019210 0.560244
vt 0.038557 0.615076
vt 0.019213 0.500212
vt 0.038355 0.557667
vt 0.038437 0.442437
vt 0.038361 0.500052
vt 0.019251 0.440181
vt 0.038720 0.385027
vt 0.019396 0.380256
vt 0.039414 0.328029
vt 0.019755 0.320545
vt 0.040724 0.271647
vt 0.020433 0.261154
vt 0.043210 0.216441
vt 0.021753 0.202406
vt 0.048850 0.164393
vt 0.024898 0.145485
vt 0.060412 0.118273
vt 0.083790 0.860051
vt 0.070643 0.817982
vt 0.063720 0.769698
vt 0.060459 0.717758
vt 0.058724 0.664298
vt 0.057858 0.609976
vt 0.057573 0.555079
vt 0.057694 0.444711
vt 0.057582 0.499895
vt 0.058099 0.389815
vt 0.059083 0.335495
vt 0.060933 0.282039
vt 0.064304 0.230105
vt 0.071330 0.181828
vt 0.084565 0.139769
vt 0.105055 0.840922
vt 0.091679 0.801497
vt 0.084213 0.756177
vt 0.080399 0.707218
vt 0.078298 0.656559
vt 0.077246 0.604863
vt 0.076898 0.552477
vt 0.077056 0.447014
vt 0.076912 0.499745
vt 0.077559 0.394629
vt 0.078765 0.342936
vt 0.081017 0.292283
vt 0.084975 0.243333
vt 0.092574 0.198026
vt 0.106066 0.158621
vt 0.125089 0.823055
vt 0.111927 0.785842
vt 0.104306 0.743109
vt 0.100214 0.696868
vt 0.097911 0.648860
vt 0.096753 0.599730
vt 0.096368 0.549853
vt 0.096559 0.449354
vt 0.096386 0.499603
vt 0.097133 0.399480
vt 0.098478 0.350355
vt 0.100963 0.302355
vt 0.105230 0.256128
vt 0.113012 0.213415
vt 0.126316 0.176231
vt 0.144467 0.805883
vt 0.131711 0.770700
vt 0.124169 0.730334
vt 0.120006 0.686620
vt 0.117630 0.641154
vt 0.116425 0.594555
vt 0.116020 0.547202
vt 0.116240 0.451743
vt 0.116041 0.499472
vt 0.116865 0.404394
vt 0.118285 0.357803
vt 0.120871 0.312349
vt 0.125236 0.268654
vt 0.132965 0.228315
vt 0.145886 0.193173
vt 0.163558 0.789042
vt 0.151330 0.755783
vt 0.144014 0.717653
vt 0.139908 0.676358
vt 0.137535 0.633382
vt 0.136315 0.589312
vt 0.135892 0.544514
vt 0.136137 0.454194
vt 0.135912 0.499353
vt 0.136803 0.409402
vt 0.138263 0.365344
vt 0.140870 0.322385
vt 0.145201 0.281114
vt 0.152727 0.243020
vt 0.165139 0.209811
vt 0.182730 0.772173
vt 0.171083 0.740802
vt 0.164052 0.704867
vt 0.160050 0.665966
vt 0.157703 0.625485
vt 0.156470 0.583976
vt 0.156025 0.541782
vt 0.156289 0.456717
vt 0.156037 0.499248
vt 0.156997 0.414533
vt 0.158488 0.373039
vt 0.161088 0.332581
vt 0.165333 0.293712
vt 0.172591 0.257822
vt 0.184439 0.226512
vt 0.202255 0.755017
vt 0.191189 0.725558
vt 0.184437 0.691851
vt 0.180529 0.655383
vt 0.178190 0.617442
vt 0.176927 0.578545
vt 0.176443 0.539011
vt 0.176721 0.459314
vt 0.176441 0.499160
vt 0.177480 0.419792
vt 0.179014 0.380916
vt 0.181619 0.343005
vt 0.185784 0.306576
vt 0.192776 0.272923
vt 0.204054 0.243537
vt 0.222020 0.737722
vt 0.211559 0.710213
vt 0.205102 0.678769
vt 0.201293 0.644762
vt 0.198960 0.609384
vt 0.197659 0.573113
vt 0.197128 0.536248
vt 0.197413 0.461936
vt 0.197104 0.499090
vt 0.198228 0.425088
vt 0.199808 0.388843
vt 0.202415 0.353502
vt 0.206488 0.319543
vt 0.213193 0.288162
vt 0.223875 0.260735
vt 0.241817 0.720542
vt 0.232024 0.695019
vt 0.225919 0.665858
vt 0.222254 0.634313
vt 0.219953 0.601477
vt 0.218624 0.567797
vt 0.218047 0.533555
vt 0.218336 0.464525
vt 0.218000 0.499037
vt 0.219201 0.430303
vt 0.220814 0.396655
vt 0.223391 0.363863
vt 0.227323 0.332374
vt 0.233679 0.303284
vt 0.243697 0.277853
vt 0.261436 0.703727
vt 0.252415 0.680229
vt 0.246763 0.653355
vt 0.243326 0.624244
vt 0.241110 0.593890
vt 0.239781 0.562715
vt 0.239168 0.530993
vt 0.239459 0.467021
vt 0.239098 0.499003
vt 0.240361 0.435322
vt 0.241974 0.404183
vt 0.244466 0.373880
vt 0.248169 0.344832
vt 0.254069 0.318037
vt 0.263315 0.294635
vt 0.280625 0.687620
vt 0.272567 0.666161
vt 0.267527 0.641540
vt 0.264432 0.614786
vt 0.262377 0.586800
vt 0.261090 0.557986
vt 0.260459 0.528622
vt 0.260751 0.469363
vt 0.260371 0.498988
vt 0.261670 0.440026
vt 0.263239 0.411253
vt 0.265568 0.383322
vt 0.268923 0.356636
vt 0.274205 0.332098
vt 0.282482 0.310738
vt 0.298963 0.672921
vt 0.292334 0.653407
vt 0.288177 0.630865
vt 0.285544 0.606261
vt 0.283718 0.580422
vt 0.282516 0.553742
vt 0.281890 0.526505
vt 0.282181 0.471492
vt 0.281790 0.498993
vt 0.283096 0.444283
vt 0.284577 0.417647
vt 0.286672 0.391867
vt 0.289559 0.367333
vt 0.293949 0.344874
vt 0.300786 0.325457
vt 0.316222 0.660553
vt 0.311648 0.642669
vt 0.308704 0.621832
vt 0.306642 0.599013
vt 0.305103 0.574982
vt 0.304027 0.550118
vt 0.303429 0.524704
vt 0.303722 0.473345
vt 0.303325 0.499019
vt 0.304608 0.447961
vt 0.305963 0.423144
vt 0.307768 0.399172
vt 0.310078 0.376423
vt 0.313245 0.355666
vt 0.318013 0.337870
vt 0.000100 0.937459
vt 0.043948 0.955724
vt 0.000100 0.999900
vt 0.000100 0.875019
vt 0.000100 0.812578
vt 0.000100 0.750138
vt 0.000100 0.687697
vt 0.000100 0.625256
vt 0.000100 0.562815
vt 0.000100 0.500375
vt 0.000100 0.437934
vt 0.000100 0.375494
vt 0.000100 0.313053
vt 0.000100 0.250612
vt 0.000100 0.188172
vt 0.000100 0.125731
vt 0.029168 0.089692
vt 0.000100 0.063290
vt 0.044238 0.044700
vt 0.082397 0.082581
vt 0.106785 0.106705
vt 0.127704 0.127377
vt 0.147147 0.146593
vt 0.165826 0.165068
vt 0.184131 0.183200
vt 0.202454 0.201382
vt 0.221081 0.219906
vt 0.239881 0.238638
vt 0.258618 0.257339
vt 0.277055 0.275769
vt 0.294873 0.293603
vt 0.311407 0.310171
vt 0.325017 0.323822
vt 0.335815 0.334660
vt 0.323067 0.674697
vt 0.309407 0.688322
vt 0.292827 0.704876
vt 0.274983 0.722713
vt 0.256545 0.741170
vt 0.237839 0.759926
vt 0.219103 0.778744
vt 0.200579 0.797387
vt 0.182399 0.815725
vt 0.164273 0.834044
vt 0.145805 0.852737
vt 0.126599 0.872194
vt 0.105938 0.893128
vt 0.081824 0.917533
vt 0.145005 0.025332
vt 0.118095 0.060609
vt 0.089221 0.029615
vt 0.201914 0.022176
vt 0.164216 0.049067
vt 0.260648 0.020848
vt 0.216258 0.043451
vt 0.320023 0.020162
vt 0.271454 0.040995
vt 0.379718 0.019797
vt 0.327824 0.039716
vt 0.439625 0.019646
vt 0.384809 0.039054
vt 0.499640 0.019601
vt 0.442204 0.038805
vt 0.557402 0.038792
vt 0.499803 0.038764
vt 0.559654 0.019593
vt 0.614796 0.039028
vt 0.619561 0.019691
vt 0.671779 0.039675
vt 0.679255 0.020002
vt 0.728145 0.040939
vt 0.738628 0.020634
vt 0.783333 0.043380
vt 0.797358 0.021908
vt 0.835361 0.048979
vt 0.854260 0.025009
vt 0.881460 0.060506
vt 0.139872 0.084523
vt 0.181942 0.071337
vt 0.230221 0.064370
vt 0.282151 0.061064
vt 0.335599 0.059283
vt 0.389908 0.058369
vt 0.444791 0.058037
vt 0.555132 0.058062
vt 0.499962 0.057998
vt 0.610014 0.058419
vt 0.664319 0.059357
vt 0.717760 0.061161
vt 0.769679 0.064488
vt 0.817937 0.071474
vt 0.859974 0.084676
vt 0.158988 0.105800
vt 0.198416 0.092385
vt 0.243733 0.084876
vt 0.292684 0.081017
vt 0.343334 0.078869
vt 0.395019 0.077770
vt 0.447394 0.077375
vt 0.552833 0.077437
vt 0.500113 0.077341
vt 0.605205 0.077893
vt 0.656884 0.079052
vt 0.707524 0.081258
vt 0.756459 0.085173
vt 0.801748 0.092733
vt 0.841131 0.106192
vt 0.176843 0.125844
vt 0.214061 0.112643
vt 0.256793 0.104981
vt 0.303027 0.100844
vt 0.351028 0.098495
vt 0.400149 0.097290
vt 0.450016 0.096857
vt 0.550494 0.096953
vt 0.500256 0.096828
vt 0.600357 0.097480
vt 0.649470 0.098778
vt 0.697457 0.101218
vt 0.743671 0.105442
vt 0.786367 0.113185
vt 0.823530 0.126456
vt 0.194003 0.145230
vt 0.229192 0.132437
vt 0.269558 0.124854
vt 0.313268 0.120647
vt 0.358729 0.118225
vt 0.405320 0.116974
vt 0.452665 0.116521
vt 0.548105 0.116647
vt 0.500386 0.116495
vt 0.595445 0.117224
vt 0.642025 0.118598
vt 0.687467 0.121139
vt 0.731150 0.125462
vt 0.771473 0.133152
vt 0.806596 0.146040
vt 0.210830 0.164328
vt 0.244097 0.152063
vt 0.282229 0.144707
vt 0.323521 0.140557
vt 0.366494 0.138139
vt 0.410558 0.136874
vt 0.455349 0.136405
vt 0.545654 0.136556
vt 0.500502 0.136378
vt 0.590437 0.137176
vt 0.634486 0.138590
vt 0.677434 0.141152
vt 0.718693 0.145441
vt 0.756772 0.152928
vt 0.789962 0.165308
vt 0.227684 0.183503
vt 0.259065 0.171821
vt 0.295002 0.164750
vt 0.333903 0.160707
vt 0.374382 0.158315
vt 0.415886 0.157038
vt 0.458074 0.156547
vt 0.543127 0.156720
vt 0.500602 0.156514
vt 0.585304 0.157382
vt 0.626788 0.158828
vt 0.667237 0.161385
vt 0.706096 0.165588
vt 0.741972 0.172808
vt 0.773263 0.184623
vt 0.244825 0.203029
vt 0.274294 0.191929
vt 0.308005 0.185139
vt 0.344474 0.181190
vt 0.382413 0.178808
vt 0.421308 0.177502
vt 0.460838 0.176974
vt 0.540524 0.177163
vt 0.500683 0.176927
vt 0.580039 0.177878
vt 0.618908 0.179369
vt 0.656810 0.181931
vt 0.693229 0.186055
vt 0.726868 0.193009
vt 0.756237 0.204255
vt 0.262102 0.222792
vt 0.289622 0.212299
vt 0.321071 0.205804
vt 0.355081 0.201956
vt 0.390459 0.199582
vt 0.426729 0.198240
vt 0.463590 0.197667
vt 0.537894 0.197866
vt 0.500745 0.197600
vt 0.574737 0.198638
vt 0.610974 0.200176
vt 0.646307 0.202741
vt 0.680256 0.206775
vt 0.711624 0.213444
vt 0.739034 0.224094
vt 0.279264 0.242584
vt 0.304797 0.232760
vt 0.333965 0.226620
vt 0.365514 0.222918
vt 0.398351 0.220579
vt 0.432031 0.219210
vt 0.466271 0.218592
vt 0.535294 0.218800
vt 0.500787 0.218504
vt 0.569511 0.219623
vt 0.603153 0.221195
vt 0.635937 0.223733
vt 0.667416 0.227627
vt 0.696494 0.233947
vt 0.721909 0.243934
vt 0.296058 0.262197
vt 0.319569 0.253146
vt 0.346450 0.247462
vt 0.375565 0.243990
vt 0.405921 0.241737
vt 0.437098 0.240371
vt 0.468819 0.239719
vt 0.532786 0.239931
vt 0.500807 0.239610
vt 0.564480 0.240794
vt 0.595612 0.242368
vt 0.625908 0.244822
vt 0.654947 0.248489
vt 0.681731 0.254355
vt 0.705118 0.263571
vt 0.312145 0.281378
vt 0.333616 0.273292
vt 0.358245 0.268223
vt 0.385003 0.265095
vt 0.412992 0.263005
vt 0.441809 0.261682
vt 0.471173 0.261015
vt 0.530428 0.261231
vt 0.500805 0.260889
vt 0.559761 0.262113
vt 0.588529 0.263645
vt 0.616453 0.265937
vt 0.643130 0.269258
vt 0.667658 0.274507
vt 0.689003 0.282756
vt 0.326824 0.299707
vt 0.346348 0.293053
vt 0.368898 0.288868
vt 0.393507 0.286204
vt 0.419350 0.284346
vt 0.446032 0.283111
vt 0.473271 0.282449
vt 0.528281 0.282669
vt 0.500782 0.282313
vt 0.555487 0.283547
vt 0.582117 0.284993
vt 0.607891 0.287053
vt 0.632417 0.289907
vt 0.654866 0.294267
vt 0.674271 0.301078
vt 0.339173 0.316959
vt 0.357065 0.312362
vt 0.377908 0.309392
vt 0.400732 0.307301
vt 0.424767 0.305731
vt 0.449634 0.304623
vt 0.475050 0.303992
vt 0.526407 0.304215
vt 0.500735 0.303852
vt 0.551789 0.305066
vt 0.576601 0.306387
vt 0.600567 0.308158
vt 0.623309 0.310437
vt 0.644058 0.313576
vt 0.661844 0.318319
vt 0.062522 0.000803
vt 0.000100 0.000850
vt 0.124943 0.000756
vt 0.187365 0.000709
vt 0.249787 0.000662
vt 0.312209 0.000615
vt 0.374630 0.000569
vt 0.437052 0.000522
vt 0.499474 0.000475
vt 0.561896 0.000428
vt 0.624317 0.000381
vt 0.686739 0.000334
vt 0.749161 0.000287
vt 0.811583 0.000241
vt 0.874004 0.000194
vt 0.910033 0.029237
vt 0.936426 0.000147
vt 0.853943 0.974669
vt 0.880852 0.939391
vt 0.909726 0.970385
vt 0.797034 0.977824
vt 0.834732 0.950933
vt 0.738300 0.979152
vt 0.782690 0.956549
vt 0.678925 0.979838
vt 0.727494 0.959005
vt 0.619230 0.980203
vt 0.671124 0.960284
vt 0.559322 0.980354
vt 0.614139 0.960946
vt 0.499308 0.980399
vt 0.556744 0.961195
vt 0.441545 0.961208
vt 0.499145 0.961236
vt 0.439294 0.980407
vt 0.384151 0.960972
vt 0.379387 0.980309
vt 0.327169 0.960325
vt 0.319693 0.979998
vt 0.270803 0.959061
vt 0.260320 0.979366
vt 0.215615 0.956620
vt 0.201590 0.978092
vt 0.163586 0.951021
vt 0.144687 0.974991
vt 0.117488 0.939494
vt 0.859076 0.915477
vt 0.817006 0.928663
vt 0.768727 0.935630
vt 0.716797 0.938936
vt 0.663349 0.940718
vt 0.609040 0.941631
vt 0.554156 0.941963
vt 0.443816 0.941938
vt 0.498986 0.942002
vt 0.388934 0.941581
vt 0.334629 0.940643
vt 0.281188 0.938839
vt 0.229269 0.935512
vt 0.181011 0.928526
vt 0.138974 0.915324
vt 0.839959 0.894201
vt 0.800532 0.907615
vt 0.755215 0.915124
vt 0.706264 0.918983
vt 0.655614 0.921131
vt 0.603929 0.922230
vt 0.551554 0.922625
vt 0.446115 0.922563
vt 0.498834 0.922659
vt 0.393743 0.922107
vt 0.342064 0.920948
vt 0.291424 0.918742
vt 0.242489 0.914827
vt 0.197199 0.907267
vt 0.157816 0.893808
vt 0.822105 0.874156
vt 0.784887 0.887357
vt 0.742155 0.895019
vt 0.695920 0.899156
vt 0.647919 0.901505
vt 0.598799 0.902710
vt 0.548932 0.903143
vt 0.448453 0.903047
vt 0.498692 0.903172
vt 0.398590 0.902520
vt 0.349478 0.901222
vt 0.301491 0.898783
vt 0.255277 0.894558
vt 0.212581 0.886815
vt 0.175418 0.873544
vt 0.804945 0.854770
vt 0.769756 0.867563
vt 0.729389 0.875146
vt 0.685680 0.879353
vt 0.640219 0.881775
vt 0.593627 0.883026
vt 0.546282 0.883479
vt 0.450842 0.883353
vt 0.498562 0.883505
vt 0.403503 0.882776
vt 0.356923 0.881402
vt 0.311480 0.878861
vt 0.267798 0.874538
vt 0.227475 0.866848
vt 0.192352 0.853960
vt 0.788118 0.835672
vt 0.754851 0.847937
vt 0.716719 0.855293
vt 0.675426 0.859443
vt 0.632454 0.861861
vt 0.588390 0.863126
vt 0.543599 0.863595
vt 0.453294 0.863444
vt 0.498445 0.863622
vt 0.408511 0.862824
vt 0.364462 0.861410
vt 0.321513 0.858848
vt 0.280255 0.854559
vt 0.242175 0.847072
vt 0.208986 0.834692
vt 0.771263 0.816497
vt 0.739883 0.828179
vt 0.703945 0.835250
vt 0.665045 0.839293
vt 0.624566 0.841685
vt 0.583061 0.842962
vt 0.540873 0.843453
vt 0.455821 0.843280
vt 0.498345 0.843486
vt 0.413644 0.842618
vt 0.372159 0.841172
vt 0.331711 0.838615
vt 0.292852 0.834412
vt 0.256976 0.827192
vt 0.225684 0.815377
vt 0.754123 0.796971
vt 0.724654 0.808071
vt 0.690943 0.814861
vt 0.654473 0.818810
vt 0.616534 0.821192
vt 0.577640 0.822498
vt 0.538110 0.823026
vt 0.458423 0.822837
vt 0.498264 0.823073
vt 0.418908 0.822122
vt 0.380039 0.820631
vt 0.342138 0.818069
vt 0.305719 0.813945
vt 0.272080 0.806991
vt 0.242711 0.795745
vt 0.736846 0.777208
vt 0.709326 0.787701
vt 0.677876 0.794196
vt 0.643867 0.798044
vt 0.608489 0.800418
vt 0.572219 0.801760
vt 0.535357 0.802333
vt 0.461054 0.802134
vt 0.498203 0.802400
vt 0.424211 0.801362
vt 0.387974 0.799824
vt 0.352641 0.797259
vt 0.318692 0.793225
vt 0.287324 0.786557
vt 0.259914 0.775906
vt 0.719684 0.757416
vt 0.694150 0.767240
vt 0.664982 0.773380
vt 0.633434 0.777082
vt 0.600597 0.779422
vt 0.566917 0.780790
vt 0.532677 0.781408
vt 0.463653 0.781201
vt 0.498161 0.781496
vt 0.429437 0.780377
vt 0.395795 0.778805
vt 0.363011 0.776267
vt 0.331531 0.772373
vt 0.302454 0.766053
vt 0.277038 0.756066
vt 0.702889 0.737803
vt 0.679379 0.746854
vt 0.652498 0.752538
vt 0.623383 0.756010
vt 0.593027 0.758263
vt 0.561850 0.759629
vt 0.530129 0.760281
vt 0.466162 0.760069
vt 0.498141 0.760390
vt 0.434468 0.759206
vt 0.403335 0.757632
vt 0.373039 0.755178
vt 0.344000 0.751511
vt 0.317217 0.745645
vt 0.293830 0.736429
vt 0.686803 0.718622
vt 0.665331 0.726708
vt 0.640703 0.731777
vt 0.613944 0.734905
vt 0.585955 0.736995
vt 0.557139 0.738318
vt 0.527775 0.738985
vt 0.468520 0.738769
vt 0.498142 0.739111
vt 0.439187 0.737887
vt 0.410419 0.736356
vt 0.382495 0.734063
vt 0.355818 0.730742
vt 0.331290 0.725493
vt 0.309944 0.717244
vt 0.672124 0.700293
vt 0.652599 0.706947
vt 0.630050 0.711132
vt 0.605441 0.713796
vt 0.579598 0.715654
vt 0.552916 0.716890
vt 0.525677 0.717551
vt 0.470667 0.717331
vt 0.498166 0.717687
vt 0.443461 0.716453
vt 0.416831 0.715007
vt 0.391057 0.712947
vt 0.366531 0.710093
vt 0.344081 0.705733
vt 0.324677 0.698922
vt 0.659775 0.683041
vt 0.641883 0.687638
vt 0.621040 0.690608
vt 0.598215 0.692699
vt 0.574180 0.694269
vt 0.549314 0.695377
vt 0.523898 0.696008
vt 0.472541 0.695785
vt 0.498213 0.696148
vt 0.447159 0.694934
vt 0.422346 0.693613
vt 0.398381 0.691842
vt 0.375639 0.689563
vt 0.354890 0.686424
vt 0.337103 0.681681
vt 0.936426 0.999197
vt 0.998848 0.999150
vt 0.874004 0.999244
vt 0.811583 0.999291
vt 0.749161 0.999338
vt 0.686739 0.999385
vt 0.624317 0.999432
vt 0.561896 0.999478
vt 0.499474 0.999525
vt 0.437052 0.999572
vt 0.374630 0.999619
vt 0.312209 0.999666
vt 0.249787 0.999713
vt 0.187365 0.999760
vt 0.124943 0.999806
vt 0.088914 0.970764
vt 0.062522 0.999853
vn -0.0722 0.9888 0.1307
vn -0.1129 0.9908 0.0746
vn -0.0983 0.9842 0.1469
vn -0.0315 0.9954 0.0903
vn -0.0251 0.9982 0.0546
vn -0.0499 0.9914 0.1208
vn -0.0476 0.9960 0.0756
vn -0.0393 0.9913 0.1255
vn -0.0662 0.9926 0.1011
vn -0.0774 0.9841 0.1599
vn -0.0768 0.9869 0.1419
vn -0.0190 0.9937 0.1098
vn -0.0233 0.9939 0.1078
vn 0.0332 0.9961 0.0815
vn 0.0370 0.9968 0.0711
vn 0.0211 0.9954 0.0929
vn 0.0000 0.9971 0.0754
vn 0.0366 0.9940 0.1029
vn -0.0161 0.9962 0.0854
vn 0.0156 0.9919 0.1255
vn 0.0263 0.9944 0.1016
vn 0.0349 0.9933 0.1097
vn 0.1089 0.9861 0.1251
vn 0.0095 0.9968 0.0794
vn 0.0101 0.9996 0.0244
vn -0.0138 0.9974 0.0707
vn 0.0905 0.9957 0.0211
vn 0.1638 0.9789 0.1216
vn 0.1491 0.9868 0.0631
vn -0.1186 0.9916 0.0502
vn -0.0601 0.9953 0.0757
vn -0.0711 0.9950 0.0705
vn -0.0953 0.9933 0.0645
vn -0.0683 0.9946 0.0779
vn 0.0055 0.9992 0.0396
vn 0.0304 0.9951 0.0934
vn -0.0056 0.9956 0.0933
vn 0.0067 0.9938 0.1109
vn 0.0361 0.9952 0.0908
vn 0.0057 0.9996 0.0281
vn 0.0732 0.9961 0.0497
vn 0.0794 0.9945 0.0682
vn 0.0661 0.9972 0.0345
vn 0.1344 0.9883 0.0719
vn -0.1113 0.9885 0.1021
vn -0.0235 0.9991 0.0359
vn -0.0555 0.9974 0.0461
vn -0.0897 0.9952 0.0396
vn -0.0582 0.9977 0.0343
vn -0.0208 0.9993 0.0298
vn 0.0062 0.9978 0.0660
vn -0.0179 0.9977 0.0656
vn 0.0143 0.9973 0.0712
vn 0.0463 0.9939 0.1002
vn 0.0555 0.9963 0.0659
vn 0.0608 0.9951 0.0784
vn 0.0776 0.9954 0.0554
vn 0.0655 0.9965 0.0523
vn 0.1041 0.9919 0.0718
vn -0.0568 0.9976 -0.0386
vn -0.0597 0.9982 0.0082
vn -0.0818 0.9955 0.0481
vn -0.0750 0.9969 0.0235
vn -0.0707 0.9959 0.0553
vn -0.0241 0.9984 0.0518
vn 0.0121 0.9968 0.0791
vn -0.0145 0.9990 0.0419
vn -0.0206 0.9989 0.0418
vn 0.0273 0.9967 0.0761
vn 0.0564 0.9963 0.0647
vn 0.0906 0.9951 0.0395
vn 0.0844 0.9944 0.0627
vn 0.0739 0.9966 0.0351
vn 0.0967 0.9951 0.0217
vn -0.1018 0.9948 0.0040
vn -0.0969 0.9948 0.0292
vn -0.0638 0.9967 0.0503
vn -0.0973 0.9946 0.0347
vn -0.0454 0.9985 0.0300
vn -0.0511 0.9986 0.0115
vn -0.0093 0.9996 0.0261
vn 0.0153 0.9990 0.0410
vn -0.0315 0.9983 0.0490
vn 0.0432 0.9987 0.0251
vn 0.0712 0.9973 0.0153
vn 0.0788 0.9968 0.0150
vn 0.0921 0.9953 0.0277
vn 0.0860 0.9941 0.0655
vn 0.1158 0.9932 0.0125
vn -0.1135 0.9928 0.0381
vn -0.0932 0.9949 0.0383
vn -0.0693 0.9976 0.0069
vn -0.0984 0.9948 0.0255
vn -0.0391 0.9991 0.0145
vn -0.0403 0.9985 0.0354
vn -0.0041 0.9995 0.0324
vn -0.0218 0.9996 0.0163
vn -0.0266 0.9989 0.0389
vn 0.0751 0.9971 -0.0117
vn 0.0523 0.9986 0.0074
vn 0.0301 0.9989 0.0366
vn 0.1214 0.9923 0.0245
vn 0.1011 0.9934 0.0538
vn 0.1088 0.9934 0.0364
vn -0.1366 0.9899 0.0374
vn -0.0789 0.9968 0.0108
vn -0.0598 0.9980 -0.0190
vn -0.0650 0.9979 0.0052
vn -0.0546 0.9985 -0.0069
vn -0.0804 0.9967 0.0002
vn 0.0031 0.9983 0.0581
vn 0.0074 0.9998 0.0166
vn 0.0023 0.9997 -0.0245
vn 0.0789 0.9965 -0.0276
vn 0.0303 0.9995 -0.0059
vn 0.0234 0.9996 0.0119
vn 0.1452 0.9886 0.0381
vn 0.0827 0.9964 0.0181
vn 0.0512 0.9985 0.0175
vn -0.0607 0.9978 -0.0271
vn -0.1335 0.9900 -0.0460
vn -0.0682 0.9972 -0.0314
vn -0.0620 0.9979 -0.0174
vn -0.0609 0.9980 -0.0166
vn -0.1065 0.9942 -0.0147
vn 0.0621 0.9980 -0.0059
vn -0.0157 0.9998 0.0035
vn 0.0173 0.9990 -0.0409
vn 0.0545 0.9983 -0.0218
vn 0.0099 0.9998 -0.0180
vn 0.0880 0.9956 -0.0323
vn 0.0093 0.9998 -0.0139
vn 0.1295 0.9914 -0.0197
vn -0.0936 0.9946 -0.0444
vn -0.0991 0.9950 0.0119
vn -0.0786 0.9968 -0.0110
vn -0.0676 0.9977 0.0005
vn -0.0446 0.9987 -0.0260
vn -0.1109 0.9937 -0.0148
vn -0.0058 0.9982 -0.0602
vn 0.0417 0.9991 0.0010
vn 0.0425 0.9987 -0.0260
vn 0.0360 0.9987 -0.0360
vn 0.0425 0.9987 -0.0279
vn 0.0345 0.9962 -0.0798
vn 0.0787 0.9928 -0.0899
vn 0.1046 0.9945 -0.0027
vn 0.0834 0.9943 -0.0659
vn -0.0394 0.9990 -0.0213
vn -0.1029 0.9940 -0.0368
vn -0.1021 0.9934 -0.0518
vn -0.0467 0.9973 -0.0553
vn -0.0548 0.9974 -0.0462
vn -0.0757 0.9955 -0.0577
vn 0.0208 0.9937 -0.1099
vn 0.0273 0.9983 -0.0511
vn -0.0194 0.9969 -0.0754
vn 0.0757 0.9965 -0.0343
vn 0.0390 0.9979 -0.0510
vn 0.0681 0.9962 -0.0535
vn 0.0822 0.9948 -0.0605
vn 0.1054 0.9930 -0.0532
vn 0.0779 0.9962 -0.0395
vn -0.0519 0.9970 -0.0562
vn -0.1234 0.9864 -0.1081
vn -0.0786 0.9945 -0.0694
vn -0.0546 0.9948 -0.0854
vn -0.0585 0.9955 -0.0743
vn -0.0304 0.9939 -0.1061
vn -0.0213 0.9956 -0.0914
vn 0.0051 0.9980 -0.0628
vn 0.0041 0.9973 -0.0726
vn 0.0531 0.9966 -0.0626
vn 0.0459 0.9967 -0.0667
vn 0.0623 0.9957 -0.0685
vn 0.0508 0.9975 -0.0495
vn 0.0811 0.9954 -0.0516
vn 0.0809 0.9963 -0.0273
vn -0.0790 0.9967 0.0174
vn -0.0946 0.9951 -0.0275
vn -0.0358 0.9992 -0.0150
vn -0.0497 0.9961 -0.0726
vn -0.0602 0.9962 -0.0630
vn -0.0144 0.9992 -0.0373
vn -0.0198 0.9960 -0.0866
vn -0.0410 0.9967 -0.0692
vn 0.0883 0.9929 -0.0800
vn -0.0069 0.9965 -0.0836
vn 0.0326 0.9994 -0.0113
vn 0.0813 0.9954 -0.0504
vn 0.0349 0.9969 -0.0709
vn 0.1202 0.9906 -0.0649
vn 0.0757 0.9962 -0.0430
vn -0.1359 0.9856 -0.1006
vn -0.1344 0.9827 -0.1270
vn 0.0050 0.9991 -0.0417
vn -0.0051 0.9992 -0.0388
vn -0.0885 0.9948 -0.0509
vn -0.0129 0.9987 -0.0496
vn 0.0046 0.9963 -0.0854
vn 0.0346 0.9880 -0.1503
vn 0.0000 0.9949 -0.1005
vn -0.0522 0.9979 -0.0374
vn 0.0419 0.9990 -0.0136
vn 0.1326 0.9896 -0.0562
vn 0.0171 0.9977 -0.0650
vn 0.1342 0.9909 -0.0105
vn 0.0429 0.9951 -0.0890
vn -0.1186 0.9816 -0.1498
vn -0.0828 0.9948 -0.0592
vn -0.0839 0.9807 -0.1766
vn -0.0534 0.9919 -0.1146
vn -0.0516 0.9945 -0.0904
vn -0.0130 0.9900 -0.1406
vn 0.0504 0.9935 -0.1021
vn 0.0000 0.9898 -0.1421
vn -0.0418 0.9942 -0.0988
vn -0.0599 0.9938 -0.0931
vn 0.0892 0.9874 -0.1305
vn 0.0981 0.9941 -0.0453
vn 0.0686 0.9968 -0.0407
vn 0.0726 0.9969 -0.0305
vn 0.0580 0.9924 -0.1087
vn -0.0736 0.9937 0.0848
vn -0.0371 0.9950 0.0923
vn -0.0432 0.9966 0.0693
vn -0.1009 0.9901 0.0979
vn -0.0386 0.9943 0.0992
vn -0.0237 0.9929 0.1165
vn -0.0368 0.9917 0.1233
vn -0.0400 0.9901 0.1347
vn -0.0553 0.9845 0.1663
vn 0.0173 0.9909 0.1335
vn 0.0443 0.9903 0.1313
vn -0.0102 0.9926 0.1204
vn 0.0339 0.9930 0.1131
vn 0.0455 0.9886 0.1432
vn 0.0665 0.9803 0.1859
vn 0.1210 0.9811 0.1510
vn 0.1406 0.9854 0.0960
vn 0.0735 0.9932 0.0905
vn 0.0839 0.9935 0.0767
vn 0.0713 0.9948 0.0722
vn 0.0776 0.9962 0.0399
vn 0.1156 0.9892 0.0900
vn 0.0804 0.9957 0.0449
vn 0.0616 0.9978 -0.0234
vn 0.1432 0.9879 0.0585
vn 0.1690 0.9853 0.0240
vn 0.1539 0.9874 -0.0376
vn 0.0680 0.9977 0.0030
vn 0.0904 0.9928 -0.0781
vn 0.1233 0.9887 -0.0848
vn 0.1108 0.9935 0.0242
vn 0.1049 0.9944 -0.0088
vn 0.0125 0.9928 -0.1189
vn 0.0812 0.9855 -0.1490
vn 0.0707 0.9893 -0.1278
vn 0.1051 0.9913 -0.0786
vn 0.0866 0.9928 -0.0821
vn 0.0385 0.9893 -0.1404
vn 0.0266 0.9824 -0.1849
vn -0.0078 0.9803 -0.1975
vn -0.0222 0.9908 -0.1337
vn 0.0137 0.9963 -0.0845
vn -0.0089 0.9905 -0.1374
vn -0.0219 0.9822 -0.1865
vn -0.0435 0.9847 -0.1688
vn -0.0703 0.9853 -0.1559
vn -0.0515 0.9900 -0.1314
vn -0.0489 0.9942 -0.0955
vn -0.0736 0.9957 -0.0555
vn -0.0861 0.9946 -0.0573
vn -0.1135 0.9922 -0.0507
vn -0.0927 0.9870 -0.1311
vn -0.0873 0.9946 -0.0552
vn -0.1099 0.9939 0.0072
vn -0.1959 0.9783 -0.0665
vn -0.1562 0.9877 -0.0006
vn -0.1664 0.9858 -0.0215
vn -0.1620 0.9868 0.0020
vn -0.0916 0.9958 -0.0003
vn -0.1126 0.9936 -0.0078
vn -0.1417 0.9897 0.0214
vn -0.1600 0.9793 0.1237
vn -0.1334 0.9907 0.0260
vn -0.1119 0.9920 0.0581
vn 0.0866 0.9601 -0.2660
vn 0.1221 0.9626 -0.2418
vn 0.1132 0.9616 -0.2501
vn 0.0221 0.9677 -0.2512
vn 0.0765 0.9567 -0.2807
vn 0.0237 0.9482 -0.3168
vn 0.0429 0.9521 -0.3027
vn 0.0199 0.9492 -0.3140
vn 0.0348 0.9373 -0.3468
vn 0.0058 0.9581 -0.2864
vn 0.0133 0.9337 -0.3576
vn 0.0102 0.9461 -0.3237
vn 0.0076 0.9459 -0.3243
vn 0.0154 0.9633 -0.2681
vn 0.0015 0.9480 -0.3182
vn 0.0151 0.9709 -0.2387
vn 0.0002 0.9478 -0.3189
vn 0.0101 0.9644 -0.2641
vn 0.0012 0.9634 -0.2678
vn -0.0227 0.9398 -0.3408
vn -0.0152 0.9475 -0.3193
vn -0.0238 0.9278 -0.3724
vn -0.0405 0.9521 -0.3032
vn -0.0290 0.9499 -0.3113
vn -0.0527 0.9557 -0.2897
vn -0.0389 0.9637 -0.2642
vn -0.0620 0.9567 -0.2844
vn -0.0685 0.9609 -0.2681
vn -0.1258 0.9594 -0.2523
vn 0.1257 0.9614 -0.2448
vn 0.0732 0.9575 -0.2789
vn 0.0604 0.9467 -0.3164
vn 0.0268 0.9480 -0.3170
vn 0.0198 0.9297 -0.3678
vn -0.0072 0.9461 -0.3237
vn 0.0146 0.9252 -0.3792
vn 0.0039 0.9587 -0.2844
vn -0.0204 0.9460 -0.3234
vn -0.0006 0.9537 -0.3008
vn 0.0172 0.9631 -0.2685
vn -0.0541 0.9407 -0.3349
vn -0.0454 0.9463 -0.3200
vn -0.0951 0.9470 -0.3068
vn -0.0815 0.9727 -0.2174
vn 0.1265 0.9634 -0.2361
vn 0.0738 0.9599 -0.2705
vn 0.0770 0.9398 -0.3330
vn 0.0117 0.9604 -0.2784
vn 0.0195 0.9466 -0.3217
vn 0.0020 0.9494 -0.3139
vn 0.0111 0.9373 -0.3481
vn 0.0015 0.9503 -0.3114
vn -0.0343 0.9403 -0.3386
vn -0.0033 0.9469 -0.3215
vn 0.0034 0.9574 -0.2887
vn -0.0171 0.9651 -0.2614
vn -0.0464 0.9596 -0.2775
vn -0.0810 0.9591 -0.2713
vn -0.1230 0.9643 -0.2346
vn 0.1230 0.9654 -0.2299
vn 0.0919 0.9608 -0.2613
vn 0.0338 0.9640 -0.2637
vn 0.0293 0.9618 -0.2723
vn 0.0070 0.9628 -0.2700
vn 0.0161 0.9565 -0.2912
vn 0.0021 0.9688 -0.2475
vn -0.0071 0.9535 -0.3012
vn -0.0240 0.9522 -0.3044
vn -0.0064 0.9546 -0.2978
vn -0.0110 0.9621 -0.2723
vn -0.0044 0.9677 -0.2519
vn -0.0583 0.9567 -0.2852
vn -0.0543 0.9741 -0.2195
vn -0.1040 0.9710 -0.2150
vn 0.1044 0.9715 -0.2129
vn 0.0698 0.9736 -0.2174
vn 0.0108 0.9790 -0.2033
vn 0.0576 0.9548 -0.2915
vn -0.0088 0.9690 -0.2470
vn 0.0146 0.9619 -0.2728
vn 0.0130 0.9568 -0.2905
vn -0.0255 0.9362 -0.3505
vn -0.0079 0.9638 -0.2663
vn 0.0006 0.9622 -0.2720
vn -0.0067 0.9521 -0.3057
vn -0.0267 0.9458 -0.3235
vn -0.0395 0.9616 -0.2715
vn -0.0772 0.9628 -0.2590
vn -0.1185 0.9624 -0.2442
vn 0.0903 0.9766 -0.1952
vn 0.0754 0.9626 -0.2602
vn 0.0428 0.9636 -0.2640
vn 0.0333 0.9679 -0.2489
vn -0.0052 0.9702 -0.2423
vn 0.0465 0.9429 -0.3297
vn -0.0144 0.9639 -0.2658
vn -0.0020 0.9468 -0.3218
vn 0.0074 0.9641 -0.2653
vn -0.0256 0.9427 -0.3325
vn 0.0020 0.9478 -0.3187
vn -0.0374 0.9530 -0.3006
vn -0.0375 0.9685 -0.2459
vn -0.0724 0.9696 -0.2335
vn -0.0881 0.9722 -0.2170
vn 0.1449 0.9662 -0.2133
vn 0.0489 0.9678 -0.2467
vn 0.0257 0.9742 -0.2241
vn 0.0256 0.9724 -0.2318
vn 0.0273 0.9650 -0.2609
vn 0.0216 0.9707 -0.2391
vn -0.0323 0.9830 -0.1807
vn 0.0222 0.9787 -0.2040
vn 0.0193 0.9614 -0.2744
vn -0.0165 0.9695 -0.2444
vn -0.0078 0.9639 -0.2659
vn -0.0226 0.9717 -0.2350
vn -0.0511 0.9674 -0.2480
vn -0.0910 0.9683 -0.2326
vn -0.0667 0.9843 -0.1630
vn 0.0713 0.9877 -0.1389
vn 0.0131 0.9847 -0.1735
vn 0.0406 0.9760 -0.2138
vn 0.0288 0.9745 -0.2223
vn 0.0160 0.9788 -0.2040
vn -0.0028 0.9804 -0.1969
vn 0.0094 0.9687 -0.2480
vn 0.0004 0.9741 -0.2260
vn 0.0113 0.9700 -0.2426
vn -0.0157 0.9768 -0.2136
vn 0.0020 0.9846 -0.1747
vn -0.0125 0.9845 -0.1750
vn -0.0380 0.9799 -0.1957
vn -0.0618 0.9822 -0.1773
vn -0.1314 0.9779 -0.1622
vn 0.0556 0.9914 -0.1182
vn 0.0624 0.9814 -0.1813
vn 0.0393 0.9795 -0.1975
vn 0.0171 0.9820 -0.1882
vn 0.0228 0.9755 -0.2187
vn 0.0139 0.9726 -0.2319
vn 0.0155 0.9623 -0.2714
vn 0.0071 0.9786 -0.2057
vn -0.0054 0.9756 -0.2196
vn -0.0218 0.9750 -0.2209
vn -0.0218 0.9773 -0.2105
vn -0.0216 0.9830 -0.1824
vn -0.0239 0.9880 -0.1523
vn -0.0299 0.9898 -0.1390
vn -0.0819 0.9811 -0.1750
vn 0.0989 0.9858 -0.1356
vn 0.0729 0.9815 -0.1770
vn 0.0360 0.9748 -0.2203
vn 0.0274 0.9727 -0.2302
vn 0.0198 0.9778 -0.2084
vn 0.0504 0.9666 -0.2512
vn 0.0082 0.9572 -0.2892
vn 0.0032 0.9781 -0.2082
vn -0.0407 0.9752 -0.2174
vn -0.0177 0.9793 -0.2015
vn -0.0053 0.9767 -0.2144
vn -0.0523 0.9703 -0.2362
vn -0.0410 0.9809 -0.1900
vn -0.0548 0.9813 -0.1845
vn -0.0158 0.9814 -0.1914
vn 0.1272 0.9832 -0.1310
vn 0.0742 0.9838 -0.1631
vn 0.0597 0.9771 -0.2041
vn -0.0017 0.9786 -0.2058
vn 0.0348 0.9810 -0.1910
vn 0.0641 0.9816 -0.1797
vn -0.0349 0.9893 -0.1417
vn 0.0188 0.9797 -0.1993
vn -0.0394 0.9822 -0.1833
vn -0.0063 0.9677 -0.2520
vn -0.0214 0.9656 -0.2589
vn -0.0352 0.9794 -0.1987
vn -0.0732 0.9809 -0.1801
vn -0.0346 0.9864 -0.1604
vn -0.0342 0.9833 -0.1787
vn 0.1005 0.9901 -0.0974
vn 0.0478 0.9937 -0.1013
vn 0.0424 0.9917 -0.1216
vn -0.0113 0.9877 -0.1561
vn 0.0490 0.9799 -0.1930
vn 0.0039 0.9923 -0.1239
vn -0.0108 0.9931 -0.1166
vn 0.0187 0.9725 -0.2322
vn 0.0125 0.9803 -0.1972
vn 0.0282 0.9792 -0.2008
vn -0.0486 0.9828 -0.1780
vn -0.0473 0.9920 -0.1170
vn -0.0732 0.9898 -0.1217
vn -0.0642 0.9897 -0.1280
vn -0.0031 0.9934 -0.1142
vn 0.0458 0.9951 -0.0878
vn 0.0937 0.9897 -0.1075
vn 0.0477 0.9898 -0.1340
vn 0.0396 0.9871 -0.1552
vn 0.0243 0.9881 -0.1518
vn -0.0164 0.9881 -0.1526
vn 0.0134 0.9861 -0.1658
vn 0.0267 0.9877 -0.1541
vn 0.0319 0.9829 -0.1814
vn -0.0245 0.9911 -0.1304
vn -0.0514 0.9957 -0.0770
vn -0.0651 0.9939 -0.0887
vn -0.0415 0.9936 -0.1046
vn -0.0414 0.9907 -0.1294
vn -0.1072 0.9865 -0.1236
vn 0.0874 0.9886 -0.1220
vn 0.1001 0.9886 -0.1120
vn 0.0452 0.9873 -0.1523
vn 0.0253 0.9845 -0.1736
vn 0.0118 0.9879 -0.1545
vn 0.0207 0.9820 -0.1878
vn 0.0299 0.9857 -0.1659
vn -0.0307 0.9912 -0.1286
vn 0.0049 0.9856 -0.1691
vn -0.0081 0.9962 -0.0859
vn -0.0521 0.9915 -0.1195
vn -0.0483 0.9915 -0.1211
vn -0.0458 0.9905 -0.1294
vn -0.0185 0.9908 -0.1343
vn -0.0861 0.9924 -0.0877
vn 0.1325 0.9531 -0.2719
vn 0.1766 0.9631 -0.2029
vn 0.2373 0.9384 -0.2513
vn 0.1007 0.9571 -0.2715
vn 0.0183 0.9811 -0.1926
vn 0.0170 0.9529 -0.3027
vn 0.0256 0.9477 -0.3181
vn -0.0015 0.9688 -0.2476
vn 0.0209 0.9362 -0.3508
vn 0.0225 0.9680 -0.2500
vn -0.0088 0.9449 -0.3271
vn -0.0416 0.9187 -0.3927
vn 0.0040 0.9428 -0.3331
vn -0.0499 0.9240 -0.3790
vn -0.0211 0.9785 -0.2050
vn -0.0839 0.9646 -0.2498
vn -0.1539 0.9518 -0.2654
vn -0.1527 0.9553 -0.2531
vn -0.1774 0.9655 -0.1907
vn -0.2128 0.9487 -0.2336
vn -0.1648 0.9698 -0.1796
vn -0.1790 0.9678 -0.1771
vn -0.1735 0.9693 -0.1743
vn -0.1638 0.9728 -0.1638
vn -0.1802 0.9709 -0.1578
vn -0.1012 0.9862 -0.1309
vn -0.1019 0.9865 -0.1278
vn -0.1868 0.9693 -0.1600
vn -0.1061 0.9811 -0.1615
vn -0.0924 0.9924 -0.0805
vn -0.0365 0.9984 -0.0423
vn -0.0633 0.9962 -0.0601
vn -0.1296 0.9883 -0.0805
vn 0.0728 0.9843 -0.1605
vn 0.0667 0.9899 -0.1248
vn 0.0930 0.9882 -0.1215
vn 0.1399 0.9871 -0.0776
vn 0.1035 0.9892 -0.1035
vn 0.1109 0.9876 -0.1109
vn 0.0982 0.9913 -0.0870
vn 0.1400 0.9836 -0.1132
vn 0.1641 0.9743 -0.1544
vn 0.1420 0.9808 -0.1336
vn 0.1860 0.9680 -0.1685
vn 0.1789 0.9694 -0.1678
vn 0.1771 0.9694 -0.1700
vn 0.1813 0.9666 -0.1813
vn 0.1570 0.9724 -0.1726
vn -0.0843 0.9663 0.2432
vn -0.1452 0.9569 0.2513
vn -0.1368 0.9627 0.2333
vn -0.0068 0.9696 0.2446
vn -0.0904 0.9456 0.3124
vn -0.0464 0.9401 0.3377
vn -0.0356 0.9465 0.3207
vn 0.0049 0.9581 0.2864
vn -0.0328 0.9416 0.3350
vn -0.0089 0.9442 0.3293
vn 0.0009 0.9472 0.3206
vn -0.0043 0.9465 0.3226
vn -0.0068 0.9496 0.3133
vn -0.0103 0.9551 0.2960
vn 0.0037 0.9572 0.2894
vn -0.0294 0.9699 0.2417
vn 0.0000 0.9457 0.3249
vn -0.0268 0.9455 0.3244
vn 0.0055 0.9716 0.2362
vn 0.0102 0.9445 0.3284
vn 0.0282 0.9688 0.2461
vn 0.0366 0.9482 0.3155
vn 0.0128 0.9587 0.2840
vn 0.0310 0.9424 0.3329
vn 0.0468 0.9448 0.3242
vn 0.0330 0.9366 0.3488
vn 0.0506 0.9713 0.2322
vn 0.0925 0.9390 0.3312
vn 0.1304 0.9662 0.2221
vn -0.1636 0.9520 0.2586
vn -0.0704 0.9528 0.2952
vn -0.0313 0.9547 0.2957
vn -0.0152 0.9636 0.2670
vn -0.0023 0.9564 0.2920
vn -0.0059 0.9492 0.3147
vn -0.0028 0.9487 0.3162
vn -0.0003 0.9491 0.3150
vn 0.0000 0.9484 0.3171
vn -0.0100 0.9676 0.2524
vn 0.0219 0.9470 0.3205
vn 0.0267 0.9395 0.3413
vn 0.0314 0.9633 0.2666
vn 0.0650 0.9728 0.2223
vn 0.0956 0.9720 0.2144
vn -0.1455 0.9609 0.2355
vn -0.0519 0.9571 0.2850
vn -0.0208 0.9561 0.2922
vn -0.0328 0.9455 0.3240
vn -0.0099 0.9379 0.3468
vn -0.0003 0.9476 0.3193
vn -0.0015 0.9511 0.3088
vn -0.0033 0.9497 0.3130
vn 0.0000 0.9526 0.3041
vn -0.0024 0.9432 0.3320
vn 0.0101 0.9384 0.3453
vn 0.0336 0.9469 0.3198
vn 0.0282 0.9591 0.2816
vn 0.0936 0.9404 0.3269
vn 0.1642 0.9476 0.2738
vn -0.1531 0.9652 0.2118
vn -0.0197 0.9681 0.2495
vn -0.0394 0.9597 0.2781
vn -0.0419 0.9480 0.3154
vn 0.0072 0.9541 0.2992
vn 0.0034 0.9556 0.2946
vn -0.0047 0.9480 0.3183
vn -0.0076 0.9523 0.3051
vn 0.0024 0.9528 0.3037
vn -0.0067 0.9515 0.3076
vn 0.0157 0.9548 0.2967
vn 0.0134 0.9650 0.2619
vn 0.0372 0.9460 0.3218
vn 0.0706 0.9480 0.3102
vn 0.1497 0.9616 0.2301
vn -0.1053 0.9754 0.1935
vn -0.0136 0.9738 0.2271
vn -0.0702 0.9612 0.2665
vn -0.0095 0.9724 0.2330
vn 0.0046 0.9685 0.2490
vn -0.0111 0.9593 0.2821
vn -0.0069 0.9518 0.3067
vn 0.0066 0.9472 0.3206
vn 0.0010 0.9348 0.3552
vn -0.0082 0.9649 0.2626
vn 0.0104 0.9638 0.2662
vn 0.0255 0.9627 0.2693
vn 0.0198 0.9657 0.2589
vn 0.0592 0.9776 0.2018
vn 0.0795 0.9887 0.1267
vn -0.0492 0.9840 0.1711
vn -0.0558 0.9715 0.2304
vn -0.0579 0.9644 0.2580
vn -0.0124 0.9606 0.2776
vn -0.0015 0.9600 0.2799
vn -0.0177 0.9628 0.2695
vn -0.0340 0.9503 0.3096
vn 0.0261 0.9604 0.2774
vn 0.0044 0.9390 0.3439
vn 0.0081 0.9655 0.2603
vn 0.0015 0.9679 0.2512
vn 0.0331 0.9644 0.2625
vn 0.0353 0.9754 0.2177
vn 0.0392 0.9868 0.1570
vn 0.1131 0.9796 0.1660
vn -0.0707 0.9851 0.1567
vn -0.0954 0.9707 0.2205
vn -0.0369 0.9732 0.2270
vn -0.0135 0.9705 0.2405
vn 0.0016 0.9687 0.2482
vn -0.0287 0.9659 0.2571
vn -0.0398 0.9671 0.2511
vn 0.0273 0.9746 0.2222
vn 0.0218 0.9819 0.1881
vn 0.0126 0.9621 0.2724
vn 0.0112 0.9647 0.2632
vn 0.0164 0.9722 0.2335
vn 0.0478 0.9658 0.2546
vn 0.0856 0.9682 0.2350
vn 0.0968 0.9788 0.1803
vn -0.1320 0.9750 0.1788
vn -0.0630 0.9772 0.2027
vn -0.0192 0.9839 0.1773
vn -0.0098 0.9816 0.1906
vn -0.0160 0.9720 0.2344
vn -0.0271 0.9727 0.2306
vn -0.0100 0.9792 0.2024
vn 0.0117 0.9606 0.2777
vn 0.0012 0.9820 0.1886
vn 0.0065 0.9631 0.2689
vn 0.0133 0.9719 0.2351
vn 0.0266 0.9734 0.2275
vn 0.0143 0.9734 0.2284
vn 0.0982 0.9715 0.2156
vn 0.1115 0.9774 0.1796
vn -0.1189 0.9809 0.1536
vn -0.0070 0.9841 0.1773
vn -0.0389 0.9798 0.1959
vn -0.0380 0.9721 0.2313
vn -0.0142 0.9706 0.2402
vn -0.0226 0.9708 0.2387
vn 0.0025 0.9763 0.2163
vn -0.0110 0.9743 0.2248
vn -0.0119 0.9756 0.2190
vn 0.0256 0.9756 0.2177
vn 0.0266 0.9820 0.1870
vn 0.0100 0.9790 0.2037
vn 0.0287 0.9749 0.2205
vn 0.0538 0.9837 0.1712
vn 0.1010 0.9811 0.1648
vn -0.0754 0.9852 0.1539
vn -0.0242 0.9827 0.1836
vn -0.0659 0.9786 0.1948
vn -0.0508 0.9691 0.2415
vn -0.0050 0.9708 0.2398
vn -0.0037 0.9776 0.2102
vn 0.0053 0.9807 0.1953
vn 0.0036 0.9788 0.2048
vn -0.0088 0.9750 0.2221
vn 0.0133 0.9863 0.1644
vn 0.0313 0.9813 0.1897
vn -0.0207 0.9765 0.2146
vn 0.0500 0.9744 0.2192
vn 0.0497 0.9888 0.1404
vn 0.0919 0.9870 0.1314
vn -0.0120 0.9922 0.1238
vn -0.0538 0.9860 0.1578
vn -0.0815 0.9841 0.1575
vn -0.0278 0.9872 0.1567
vn 0.0085 0.9846 0.1743
vn 0.0034 0.9831 0.1831
vn -0.0061 0.9801 0.1984
vn 0.0086 0.9803 0.1972
vn -0.0198 0.9792 0.2018
vn 0.0191 0.9775 0.2098
vn 0.0406 0.9745 0.2208
vn -0.0216 0.9785 0.2050
vn 0.0410 0.9844 0.1708
vn 0.0992 0.9896 0.1040
vn 0.0374 0.9891 0.1421
vn -0.0928 0.9848 0.1468
vn -0.0835 0.9798 0.1817
vn -0.0475 0.9870 0.1535
vn -0.0143 0.9923 0.1226
vn -0.0390 0.9782 0.2037
vn 0.0069 0.9799 0.1992
vn -0.0148 0.9829 0.1833
vn 0.0080 0.9884 0.1515
vn 0.0001 0.9817 0.1904
vn -0.0183 0.9839 0.1780
vn 0.0478 0.9760 0.2121
vn 0.0168 0.9867 0.1618
vn 0.0110 0.9935 0.1135
vn 0.1226 0.9871 0.1026
vn 0.0059 0.9892 0.1464
vn -0.0947 0.9873 0.1271
vn -0.0279 0.9915 0.1266
vn -0.0168 0.9896 0.1426
vn -0.0556 0.9874 0.1482
vn -0.0310 0.9890 0.1448
vn 0.0302 0.9889 0.1453
vn -0.0150 0.9869 0.1607
vn 0.0150 0.9869 0.1607
vn 0.0002 0.9861 0.1661
vn -0.0214 0.9876 0.1556
vn 0.0181 0.9924 0.1219
vn 0.0896 0.9875 0.1295
vn 0.0091 0.9962 0.0860
vn 0.0671 0.9949 0.0747
vn 0.0847 0.9915 0.0981
vn -0.0062 0.9993 0.0363
vn -0.0494 0.9966 0.0658
vn -0.0468 0.9917 0.1193
vn -0.0375 0.9933 0.1088
vn -0.0071 0.9968 0.0800
vn -0.0231 0.9891 0.1451
vn -0.0366 0.9847 0.1700
vn 0.0346 0.9859 0.1635
vn 0.0021 0.9817 0.1903
vn -0.0006 0.9870 0.1608
vn 0.0322 0.9903 0.1353
vn 0.0564 0.9909 0.1219
vn 0.0649 0.9873 0.1450
vn 0.0563 0.9929 0.1049
vn 0.0742 0.9927 0.0945
vn -0.1495 0.9620 0.2286
vn -0.1954 0.9597 0.2017
vn -0.1898 0.9633 0.1898
vn -0.0878 0.9754 0.2022
vn 0.0052 0.9890 0.1480
vn -0.0335 0.9568 0.2887
vn 0.0057 0.9807 0.1955
vn -0.0002 0.9508 0.3098
vn -0.0179 0.9221 0.3866
vn -0.0135 0.9460 0.3239
vn -0.0012 0.8791 0.4766
vn 0.0012 0.9214 0.3887
vn 0.0525 0.8979 0.4371
vn 0.0389 0.9321 0.3601
vn 0.0215 0.9388 0.3437
vn 0.1240 0.9149 0.3840
vn 0.1344 0.9635 0.2314
vn 0.1212 0.9685 0.2175
vn 0.2084 0.9609 0.1823
vn 0.2264 0.9492 0.2185
vn 0.1651 0.9724 0.1644
vn 0.1485 0.9780 0.1465
vn 0.2221 0.9605 0.1675
vn 0.1621 0.9787 0.1262
vn 0.1308 0.9770 0.1686
vn 0.1195 0.9826 0.1420
vn 0.1595 0.9742 0.1595
vn 0.1230 0.9847 0.1230
vn 0.1259 0.9881 0.0881
vn 0.1301 0.9762 0.1737
vn 0.0304 0.9979 0.0576
vn 0.0551 0.9970 0.0539
vn 0.0877 0.9923 0.0871
vn 0.0829 0.9931 0.0829
vn -0.0505 0.9984 0.0268
vn -0.1493 0.9851 0.0852
vn -0.0856 0.9917 0.0957
vn -0.0779 0.9920 0.0992
vn -0.1381 0.9797 0.1453
vn -0.1050 0.9830 0.1507
vn -0.1027 0.9806 0.1671
vn -0.1165 0.9857 0.1218
vn -0.1675 0.9792 0.1147
vn -0.2149 0.9640 0.1567
vn -0.1636 0.9774 0.1335
vn -0.1831 0.9673 0.1756
vn -0.2099 0.9574 0.1980
vn -0.1812 0.9657 0.1859
vn 0.2871 0.9543 0.0835
vn 0.2622 0.9575 0.1199
vn 0.2608 0.9555 0.1375
vn 0.3327 0.9413 0.0566
vn 0.2930 0.9509 0.0990
vn 0.3222 0.9465 0.0161
vn 0.2985 0.9538 0.0329
vn 0.3087 0.9511 0.0103
vn 0.3301 0.9436 0.0240
vn 0.3147 0.9491 0.0071
vn 0.2934 0.9560 -0.0005
vn 0.2890 0.9573 -0.0041
vn 0.3950 0.9183 0.0258
vn 0.3248 0.9458 0.0013
vn 0.3208 0.9470 -0.0155
vn 0.3168 0.9485 -0.0012
vn 0.3238 0.9461 0.0050
vn 0.3323 0.9431 -0.0034
vn 0.3265 0.9452 0.0025
vn 0.2755 0.9613 0.0057
vn 0.3613 0.9323 -0.0174
vn 0.2426 0.9701 -0.0063
vn 0.3385 0.9402 -0.0370
vn 0.2134 0.9768 -0.0156
vn 0.2982 0.9542 -0.0253
vn 0.2934 0.9550 -0.0421
vn 0.2600 0.9631 -0.0691
vn 0.3155 0.9452 -0.0836
vn 0.1975 0.9739 -0.1120
vn 0.2285 0.9688 0.0957
vn 0.2624 0.9609 0.0884
vn 0.2563 0.9663 0.0237
vn 0.3428 0.9388 0.0335
vn 0.3415 0.9396 0.0207
vn 0.4121 0.9108 0.0253
vn 0.3237 0.9454 -0.0372
vn 0.3025 0.9531 0.0074
vn 0.3175 0.9483 0.0000
vn 0.3428 0.9394 -0.0075
vn 0.3012 0.9535 0.0113
vn 0.3522 0.9344 -0.0533
vn 0.3015 0.9523 -0.0461
vn 0.2455 0.9677 -0.0580
vn 0.2243 0.9658 -0.1299
vn 0.2192 0.9678 0.1233
vn 0.2882 0.9530 0.0934
vn 0.2974 0.9539 0.0396
vn 0.3005 0.9533 0.0288
vn 0.2978 0.9539 0.0374
vn 0.2672 0.9636 -0.0057
vn 0.3038 0.9522 -0.0329
vn 0.3057 0.9521 0.0097
vn 0.3026 0.9531 0.0000
vn 0.3235 0.9462 -0.0057
vn 0.2813 0.9596 -0.0016
vn 0.2655 0.9638 -0.0228
vn 0.3089 0.9500 -0.0454
vn 0.3057 0.9466 -0.1023
vn 0.2235 0.9671 -0.1216
vn 0.2226 0.9646 0.1416
vn 0.2808 0.9556 0.0896
vn 0.2884 0.9569 0.0325
vn 0.2537 0.9672 0.0106
vn 0.2595 0.9651 0.0335
vn 0.2948 0.9555 0.0070
vn 0.3119 0.9496 -0.0304
vn 0.3297 0.9441 -0.0030
vn 0.3042 0.9526 0.0060
vn 0.2693 0.9630 0.0048
vn 0.3031 0.9529 -0.0104
vn 0.2914 0.9561 -0.0304
vn 0.2648 0.9642 -0.0153
vn 0.2836 0.9546 -0.0907
vn 0.2221 0.9634 -0.1498
vn 0.2072 0.9669 0.1489
vn 0.2104 0.9771 0.0329
vn 0.2855 0.9570 0.0515
vn 0.2785 0.9604 0.0051
vn 0.2923 0.9550 0.0489
vn 0.2533 0.9674 -0.0042
vn 0.2765 0.9605 -0.0291
vn 0.2976 0.9546 0.0120
vn 0.2997 0.9539 0.0102
vn 0.3266 0.9448 -0.0265
vn 0.2586 0.9659 0.0056
vn 0.2883 0.9574 -0.0171
vn 0.3101 0.9489 -0.0579
vn 0.2028 0.9784 -0.0401
vn 0.1840 0.9743 -0.1299
vn 0.1874 0.9754 0.1160
vn 0.2019 0.9784 0.0441
vn 0.2366 0.9708 0.0397
vn 0.2583 0.9660 0.0124
vn 0.2367 0.9711 0.0296
vn 0.1847 0.9826 -0.0177
vn 0.2874 0.9577 0.0087
vn 0.2547 0.9669 0.0139
vn 0.2857 0.9583 0.0011
vn 0.2662 0.9639 -0.0098
vn 0.2896 0.9565 -0.0333
vn 0.2204 0.9754 0.0076
vn 0.2359 0.9709 -0.0400
vn 0.2243 0.9717 -0.0739
vn 0.1885 0.9754 -0.1139
vn 0.1496 0.9868 0.0624
vn 0.2122 0.9734 0.0860
vn 0.2132 0.9767 0.0230
vn 0.2389 0.9708 0.0213
vn 0.2468 0.9690 0.0115
vn 0.2557 0.9667 0.0109
vn 0.2720 0.9622 0.0092
vn 0.2875 0.9577 -0.0142
vn 0.2728 0.9620 0.0054
vn 0.2055 0.9786 0.0070
vn 0.2357 0.9715 -0.0225
vn 0.2451 0.9690 -0.0302
vn 0.1943 0.9807 -0.0192
vn 0.1839 0.9819 -0.0445
vn 0.1910 0.9739 -0.1226
vn 0.1807 0.9778 0.1062
vn 0.2132 0.9734 0.0835
vn 0.2289 0.9732 0.0201
vn 0.2300 0.9729 0.0221
vn 0.2333 0.9723 0.0110
vn 0.2336 0.9722 0.0163
vn 0.2666 0.9635 0.0231
vn 0.2357 0.9717 -0.0149
vn 0.2834 0.9590 0.0002
vn 0.2365 0.9713 -0.0243
vn 0.2179 0.9759 -0.0118
vn 0.2204 0.9753 -0.0123
vn 0.2445 0.9682 -0.0522
vn 0.2021 0.9780 -0.0514
vn 0.1566 0.9856 -0.0632
vn 0.1551 0.9851 0.0741
vn 0.1519 0.9872 0.0470
vn 0.1832 0.9828 0.0217
vn 0.2025 0.9790 0.0240
vn 0.2347 0.9718 0.0204
vn 0.2409 0.9702 0.0261
vn 0.2478 0.9683 0.0316
vn 0.2371 0.9709 -0.0331
vn 0.2149 0.9766 -0.0108
vn 0.2155 0.9763 -0.0193
vn 0.2177 0.9758 -0.0179
vn 0.2076 0.9781 -0.0065
vn 0.1988 0.9797 -0.0256
vn 0.1774 0.9807 -0.0819
vn 0.1351 0.9870 -0.0872
vn 0.1637 0.9820 0.0943
vn 0.1679 0.9853 0.0325
vn 0.1774 0.9831 0.0443
vn 0.1889 0.9813 0.0360
vn 0.2315 0.9721 0.0374
vn 0.2261 0.9738 0.0221
vn 0.1795 0.9837 -0.0016
vn 0.2084 0.9779 -0.0128
vn 0.1720 0.9851 0.0047
vn 0.2255 0.9734 -0.0386
vn 0.2147 0.9766 -0.0103
vn 0.2290 0.9728 -0.0347
vn 0.1921 0.9811 -0.0224
vn 0.1512 0.9857 -0.0745
vn 0.1253 0.9884 -0.0856
vn 0.1755 0.9824 0.0634
vn 0.1721 0.9846 0.0295
vn 0.1753 0.9838 0.0371
vn 0.1984 0.9774 0.0720
vn 0.2364 0.9708 0.0398
vn 0.1871 0.9821 -0.0188
vn 0.1642 0.9864 0.0023
vn 0.1590 0.9873 0.0035
vn 0.2395 0.9709 0.0000
vn 0.1896 0.9814 -0.0310
vn 0.1861 0.9825 -0.0103
vn 0.1893 0.9819 -0.0084
vn 0.1886 0.9811 -0.0420
vn 0.1489 0.9854 -0.0822
vn 0.1192 0.9862 -0.1148
vn 0.1183 0.9927 -0.0222
vn 0.1343 0.9890 0.0613
vn 0.1562 0.9861 0.0566
vn 0.1928 0.9751 0.1091
vn 0.1571 0.9873 -0.0241
vn 0.1580 0.9869 -0.0308
vn 0.1834 0.9822 0.0403
vn 0.2495 0.9678 -0.0313
vn 0.1900 0.9817 0.0152
vn 0.2354 0.9717 -0.0201
vn 0.2029 0.9777 -0.0540
vn 0.1323 0.9912 -0.0009
vn 0.1130 0.9927 -0.0411
vn 0.1079 0.9928 -0.0523
vn 0.1077 0.9882 -0.1088
vn 0.0934 0.9925 0.0785
vn 0.1108 0.9923 0.0549
vn 0.1448 0.9826 0.1165
vn 0.0967 0.9948 0.0299
vn 0.1296 0.9914 -0.0183
vn 0.2365 0.9712 0.0271
vn 0.1881 0.9821 0.0055
vn 0.1879 0.9813 0.0412
vn 0.1110 0.9930 0.0405
vn 0.2301 0.9716 -0.0537
vn 0.1545 0.9849 -0.0775
vn 0.1541 0.9857 -0.0675
vn 0.1443 0.9891 -0.0275
vn 0.1520 0.9874 -0.0439
vn 0.1255 0.9874 -0.0959
vn 0.0988 0.9916 0.0833
vn 0.1053 0.9894 0.0997
vn 0.0850 0.9946 0.0589
vn 0.0854 0.9960 0.0263
vn 0.1650 0.9815 0.0970
vn 0.1480 0.9890 -0.0075
vn 0.1329 0.9902 -0.0432
vn 0.1054 0.9919 0.0708
vn 0.1857 0.9825 0.0130
vn 0.1014 0.9944 -0.0284
vn 0.1247 0.9849 -0.1196
vn 0.1091 0.9930 -0.0446
vn 0.1501 0.9886 0.0064
vn 0.1821 0.9809 -0.0688
vn 0.1132 0.9882 -0.1035
vn 0.2429 0.9609 0.1324
vn 0.2059 0.9631 0.1732
vn 0.2791 0.9563 0.0869
vn 0.3251 0.9437 0.0607
vn 0.3177 0.9481 0.0157
vn 0.3548 0.9346 0.0249
vn 0.3265 0.9452 0.0043
vn 0.2798 0.9600 -0.0036
vn 0.3192 0.9477 -0.0044
vn 0.2999 0.9539 0.0040
vn 0.1986 0.9800 0.0134
vn 0.1077 0.9941 0.0088
vn 0.1404 0.9899 -0.0192
vn 0.3281 0.9424 -0.0646
vn 0.3661 0.9251 -0.1007
vn 0.2416 0.9629 -0.1201
vn 0.3007 0.9395 -0.1642
vn -0.3345 0.9392 -0.0776
vn -0.2512 0.9565 -0.1482
vn -0.2590 0.9540 -0.1505
vn -0.3391 0.9398 -0.0419
vn -0.3044 0.9501 -0.0677
vn -0.3258 0.9451 -0.0249
vn -0.3447 0.9380 -0.0359
vn -0.3494 0.9367 -0.0192
vn -0.3198 0.9472 -0.0228
vn -0.3806 0.9246 -0.0090
vn -0.3135 0.9493 -0.0215
vn -0.3359 0.9417 -0.0185
vn -0.3287 0.9444 -0.0030
vn -0.2838 0.9589 0.0004
vn -0.3059 0.9521 -0.0022
vn -0.3117 0.9501 0.0028
vn -0.2685 0.9633 -0.0027
vn -0.3195 0.9475 0.0053
vn -0.2867 0.9580 -0.0012
vn -0.3867 0.9220 0.0204
vn -0.3128 0.9495 0.0230
vn -0.3192 0.9477 0.0080
vn -0.3164 0.9481 0.0313
vn -0.3434 0.9384 0.0386
vn -0.2789 0.9600 0.0244
vn -0.2937 0.9558 0.0080
vn -0.2468 0.9667 0.0668
vn -0.3090 0.9447 0.1092
vn -0.2193 0.9654 0.1407
vn -0.1717 0.9824 -0.0729
vn -0.2689 0.9587 -0.0926
vn -0.2904 0.9568 -0.0152
vn -0.2929 0.9559 -0.0205
vn -0.2877 0.9574 -0.0232
vn -0.2667 0.9637 0.0086
vn -0.2881 0.9576 -0.0013
vn -0.3377 0.9411 0.0137
vn -0.2815 0.9595 -0.0105
vn -0.2468 0.9690 -0.0013
vn -0.2679 0.9633 0.0180
vn -0.2557 0.9666 0.0160
vn -0.2829 0.9577 0.0519
vn -0.2316 0.9721 0.0354
vn -0.2462 0.9574 0.1510
vn -0.2192 0.9671 -0.1288
vn -0.2116 0.9757 -0.0558
vn -0.2644 0.9641 -0.0224
vn -0.3000 0.9535 -0.0271
vn -0.3026 0.9530 -0.0157
vn -0.2919 0.9564 0.0068
vn -0.3496 0.9368 -0.0105
vn -0.3127 0.9498 -0.0005
vn -0.3071 0.9516 -0.0095
vn -0.3244 0.9456 0.0241
vn -0.3124 0.9499 0.0062
vn -0.3262 0.9447 0.0329
vn -0.2879 0.9568 0.0414
vn -0.2706 0.9610 0.0564
vn -0.2420 0.9639 0.1111
vn -0.2218 0.9699 -0.0997
vn -0.2450 0.9668 -0.0727
vn -0.2904 0.9561 -0.0373
vn -0.2859 0.9579 -0.0252
vn -0.2592 0.9658 -0.0031
vn -0.3012 0.9534 -0.0176
vn -0.3364 0.9416 -0.0106
vn -0.2411 0.9703 -0.0167
vn -0.2991 0.9540 0.0195
vn -0.2990 0.9540 0.0223
vn -0.2922 0.9563 0.0072
vn -0.3011 0.9535 0.0149
vn -0.3179 0.9464 0.0562
vn -0.2780 0.9570 0.0827
vn -0.1950 0.9766 0.0902
vn -0.2278 0.9676 -0.1087
vn -0.2483 0.9655 -0.0779
vn -0.2811 0.9589 -0.0385
vn -0.2814 0.9595 -0.0091
vn -0.2818 0.9593 -0.0131
vn -0.3212 0.9462 -0.0377
vn -0.2768 0.9608 0.0104
vn -0.2842 0.9587 -0.0031
vn -0.2864 0.9579 0.0168
vn -0.2734 0.9619 0.0042
vn -0.2799 0.9598 0.0206
vn -0.2549 0.9669 -0.0070
vn -0.2833 0.9581 0.0429
vn -0.2566 0.9621 0.0919
vn -0.2153 0.9696 0.1158
vn -0.2341 0.9655 -0.1139
vn -0.2202 0.9741 -0.0522
vn -0.2315 0.9723 -0.0313
vn -0.2637 0.9644 -0.0156
vn -0.2721 0.9619 -0.0263
vn -0.2671 0.9634 -0.0233
vn -0.2320 0.9725 0.0202
vn -0.2877 0.9577 -0.0049
vn -0.2895 0.9572 0.0068
vn -0.2925 0.9561 0.0136
vn -0.2632 0.9646 0.0174
vn -0.2589 0.9658 0.0121
vn -0.2248 0.9743 0.0157
vn -0.2078 0.9757 0.0693
vn -0.2009 0.9736 0.1079
vn -0.1905 0.9789 -0.0739
vn -0.2069 0.9776 -0.0384
vn -0.2138 0.9764 -0.0311
vn -0.2649 0.9637 -0.0323
vn -0.2477 0.9687 -0.0164
vn -0.2100 0.9777 -0.0019
vn -0.2468 0.9690 -0.0069
vn -0.2575 0.9662 -0.0042
vn -0.2682 0.9633 -0.0006
vn -0.2735 0.9618 -0.0036
vn -0.3015 0.9524 0.0456
vn -0.2497 0.9681 0.0193
vn -0.2268 0.9737 0.0233
vn -0.2259 0.9731 0.0448
vn -0.2013 0.9692 0.1414
vn -0.1444 0.9880 -0.0540
vn -0.2042 0.9764 -0.0693
vn -0.2193 0.9746 -0.0446
vn -0.2450 0.9689 -0.0349
vn -0.2424 0.9702 0.0035
vn -0.2412 0.9704 -0.0117
vn -0.2403 0.9706 -0.0088
vn -0.2366 0.9716 0.0060
vn -0.2324 0.9726 0.0026
vn -0.2102 0.9772 -0.0292
vn -0.2478 0.9681 0.0368
vn -0.2283 0.9728 0.0390
vn -0.2142 0.9763 0.0301
vn -0.2193 0.9754 0.0193
vn -0.1722 0.9771 0.1247
vn -0.2177 0.9697 -0.1105
vn -0.2136 0.9754 -0.0541
vn -0.2011 0.9781 -0.0537
vn -0.1953 0.9807 -0.0122
vn -0.2541 0.9669 -0.0205
vn -0.2763 0.9610 -0.0134
vn -0.2479 0.9688 -0.0014
vn -0.2479 0.9687 0.0139
vn -0.2544 0.9671 -0.0016
vn -0.2213 0.9752 -0.0021
vn -0.1697 0.9855 0.0030
vn -0.1891 0.9805 0.0535
vn -0.1835 0.9825 0.0318
vn -0.1838 0.9829 0.0085
vn -0.1304 0.9883 0.0792
vn -0.1859 0.9821 -0.0306
vn -0.1581 0.9873 -0.0114
vn -0.1675 0.9848 -0.0448
vn -0.2025 0.9781 -0.0464
vn -0.2224 0.9745 -0.0310
vn -0.2051 0.9787 0.0043
vn -0.2085 0.9780 0.0042
vn -0.2157 0.9763 0.0145
vn -0.1986 0.9800 -0.0026
vn -0.2165 0.9760 0.0244
vn -0.1748 0.9845 0.0121
vn -0.1856 0.9820 0.0334
vn -0.1867 0.9814 0.0449
vn -0.1927 0.9810 0.0226
vn -0.1519 0.9857 0.0724
vn -0.1537 0.9879 0.0190
vn -0.1448 0.9879 -0.0549
vn -0.1631 0.9843 -0.0664
vn -0.1653 0.9854 -0.0412
vn -0.1326 0.9911 0.0033
vn -0.1653 0.9862 -0.0093
vn -0.2066 0.9783 -0.0107
vn -0.1724 0.9850 -0.0008
vn -0.1919 0.9814 0.0082
vn -0.1868 0.9822 0.0206
vn -0.1936 0.9807 0.0251
vn -0.2109 0.9774 0.0168
vn -0.2040 0.9770 0.0617
vn -0.1644 0.9858 0.0333
vn -0.1245 0.9921 0.0168
vn -0.1420 0.9897 -0.0162
vn -0.1522 0.9861 -0.0669
vn -0.1410 0.9886 -0.0514
vn -0.1512 0.9883 -0.0223
vn -0.1843 0.9825 -0.0262
vn -0.2004 0.9790 -0.0363
vn -0.2388 0.9709 -0.0155
vn -0.2062 0.9785 -0.0061
vn -0.1977 0.9798 0.0309
vn -0.2289 0.9727 0.0384
vn -0.1633 0.9864 0.0186
vn -0.1751 0.9845 -0.0099
vn -0.1645 0.9846 0.0591
vn -0.1320 0.9864 0.0973
vn -0.1156 0.9916 0.0581
vn -0.1010 0.9905 -0.0927
vn -0.1191 0.9908 -0.0638
vn -0.1422 0.9883 -0.0541
vn -0.1617 0.9861 -0.0383
vn -0.1452 0.9891 -0.0215
vn -0.1489 0.9869 -0.0623
vn -0.1358 0.9907 0.0099
vn -0.1874 0.9819 -0.0270
vn -0.1505 0.9882 0.0290
vn -0.1738 0.9846 0.0157
vn -0.1869 0.9781 0.0909
vn -0.1305 0.9914 0.0043
vn -0.1135 0.9934 0.0177
vn -0.1287 0.9864 0.1023
vn -0.1458 0.9884 0.0431
vn -0.0787 0.9935 -0.0821
vn -0.0945 0.9939 -0.0564
vn -0.1449 0.9847 -0.0962
vn -0.1262 0.9919 0.0104
vn -0.1274 0.9914 -0.0310
vn -0.1053 0.9939 -0.0330
vn -0.0947 0.9955 0.0082
vn -0.1573 0.9874 0.0136
vn -0.1417 0.9892 -0.0368
vn -0.0996 0.9950 -0.0096
vn -0.1541 0.9849 0.0791
vn -0.1336 0.9888 0.0656
vn -0.0983 0.9951 -0.0136
vn -0.0990 0.9934 0.0578
vn -0.0947 0.9916 0.0879
vn -0.1675 0.9827 -0.0783
vn -0.1679 0.9628 -0.2116
vn -0.3118 0.9455 -0.0939
vn -0.3219 0.9460 -0.0363
vn -0.3144 0.9488 -0.0318
vn -0.2973 0.9547 -0.0114
vn -0.3218 0.9468 -0.0045
vn -0.3182 0.9475 -0.0300
vn -0.2590 0.9658 0.0008
vn -0.2582 0.9661 0.0074
vn -0.3795 0.9247 0.0284
vn -0.2308 0.9730 -0.0007
vn -0.3084 0.9510 0.0224
vn -0.3018 0.9528 0.0309
vn -0.3074 0.9448 0.1131
vn -0.2424 0.9595 0.1435
vn -0.2528 0.9550 0.1551
usemtl grassmtl
s 1
f 190/1/1 204/2/2 189/3/3
f 191/4/4 205/5/5 190/1/1
f 192/6/6 206/7/7 191/4/4
f 193/8/8 207/9/9 192/6/6
f 194/10/10 208/11/11 193/8/8
f 195/12/12 209/13/13 194/10/10
f 196/14/14 210/15/15 195/12/12
f 196/14/14 212/16/16 211/17/17
f 197/18/18 213/19/19 212/16/16
f 198/20/20 214/21/21 213/19/19
f 199/22/22 215/23/23 214/21/21
f 200/24/24 216/25/25 215/23/23
f 201/26/26 217/27/27 216/25/25
f 202/28/28 218/29/29 217/27/27
f 205/5/5 219/30/30 204/2/2
f 206/7/7 220/31/31 205/5/5
f 207/9/9 221/32/32 206/7/7
f 208/11/11 222/33/33 207/9/9
f 209/13/13 223/34/34 208/11/11
f 210/15/15 224/35/35 209/13/13
f 210/15/15 226/36/36 225/37/37
f 211/17/17 227/38/38 226/36/36
f 212/16/16 228/39/39 227/38/38
f 213/19/19 229/40/40 228/39/39
f 214/21/21 230/41/41 229/40/40
f 215/23/23 231/42/42 230/41/41
f 216/25/25 232/43/43 231/42/42
f 217/27/27 233/44/44 232/43/43
f 220/31/31 234/45/45 219/30/30
f 221/32/32 235/46/46 220/31/31
f 222/33/33 236/47/47 221/32/32
f 223/34/34 237/48/48 222/33/33
f 224/35/35 238/49/49 223/34/34
f 224/35/35 240/50/50 239/51/51
f 225/37/37 241/52/52 240/50/50
f 227/38/38 241/52/52 226/36/36
f 228/39/39 242/53/53 227/38/38
f 229/40/40 243/54/54 228/39/39
f 229/40/40 245/55/55 244/56/56
f 230/41/41 246/57/57 245/55/55
f 231/42/42 247/58/58 246/57/57
f 232/43/43 248/59/59 247/58/58
f 235/46/46 249/60/60 234/45/45
f 236/47/47 250/61/61 235/46/46
f 237/48/48 251/62/62 236/47/47
f 237/48/48 253/63/63 252/64/64
f 238/49/49 254/65/65 253/63/63
f 239/51/51 255/66/66 254/65/65
f 240/50/50 256/67/67 255/66/66
f 242/53/53 256/67/67 241/52/52
f 243/54/54 257/68/68 242/53/53
f 244/56/56 258/69/69 243/54/54
f 245/55/55 259/70/70 244/56/56
f 245/55/55 261/71/71 260/72/72
f 246/57/57 262/73/73 261/71/71
f 247/58/58 263/74/74 262/73/73
f 250/61/61 264/75/75 249/60/60
f 251/62/62 265/76/76 250/61/61
f 251/62/62 267/77/77 266/78/78
f 252/64/64 268/79/79 267/77/77
f 253/63/63 269/80/80 268/79/79
f 254/65/65 270/81/81 269/80/80
f 255/66/66 271/82/82 270/81/81
f 257/68/68 271/82/82 256/67/67
f 258/69/69 272/83/83 257/68/68
f 259/70/70 273/84/84 258/69/69
f 260/72/72 274/85/85 259/70/70
f 261/71/71 275/86/86 260/72/72
f 261/71/71 277/87/87 276/88/88
f 262/73/73 278/89/89 277/87/87
f 265/76/76 279/90/90 264/75/75
f 266/78/78 280/91/91 265/76/76
f 266/78/78 282/92/92 281/93/93
f 267/77/77 283/94/94 282/92/92
f 268/79/79 284/95/95 283/94/94
f 269/80/80 285/96/96 284/95/95
f 270/81/81 286/97/97 285/96/96
f 272/83/83 286/97/97 271/82/82
f 273/84/84 287/98/98 272/83/83
f 274/85/85 288/99/99 273/84/84
f 275/86/86 289/100/100 274/85/85
f 276/88/88 290/101/101 275/86/86
f 276/88/88 292/102/102 291/103/103
f 277/87/87 293/104/104 292/102/102
f 280/91/91 294/105/105 279/90/90
f 281/93/93 295/106/106 280/91/91
f 281/93/93 297/107/107 296/108/108
f 282/92/92 298/109/109 297/107/107
f 283/94/94 299/110/110 298/109/109
f 284/95/95 300/111/111 299/110/110
f 285/96/96 301/112/112 300/111/111
f 287/98/98 301/112/112 286/97/97
f 288/99/99 302/113/113 287/98/98
f 289/100/100 303/114/114 288/99/99
f 290/101/101 304/115/115 289/100/100
f 291/103/103 305/116/116 290/101/101
f 291/103/103 307/117/117 306/118/118
f 292/102/102 308/119/119 307/117/117
f 294/105/105 310/120/120 309/121/121
f 295/106/106 311/122/122 310/120/120
f 297/107/107 311/122/122 296/108/108
f 298/109/109 312/123/123 297/107/107
f 299/110/110 313/124/124 298/109/109
f 300/111/111 314/125/125 299/110/110
f 300/111/111 316/126/126 315/127/127
f 301/112/112 317/128/128 316/126/126
f 302/113/113 318/129/129 317/128/128
f 303/114/114 319/130/130 318/129/129
f 305/116/116 319/130/130 304/115/115
f 305/116/116 321/131/131 320/132/132
f 306/118/118 322/133/133 321/131/131
f 308/119/119 322/133/133 307/117/117
f 309/121/121 325/134/134 324/135/135
f 310/120/120 326/136/136 325/134/134
f 312/123/123 326/136/136 311/122/122
f 313/124/124 327/137/137 312/123/123
f 314/125/125 328/138/138 313/124/124
f 315/127/127 329/139/139 314/125/125
f 316/126/126 330/140/140 315/127/127
f 316/126/126 332/141/141 331/142/142
f 317/128/128 333/143/143 332/141/141
f 318/129/129 334/144/144 333/143/143
f 319/130/130 335/145/145 334/144/144
f 320/132/132 336/146/146 335/145/145
f 322/133/133 336/146/146 321/131/131
f 323/147/147 337/148/148 322/133/133
f 324/135/135 340/149/149 339/150/150
f 325/134/134 341/151/151 340/149/149
f 327/137/137 341/151/151 326/136/136
f 328/138/138 342/152/152 327/137/137
f 329/139/139 343/153/153 328/138/138
f 330/140/140 344/154/154 329/139/139
f 331/142/142 345/155/155 330/140/140
f 331/142/142 347/156/156 346/157/157
f 332/141/141 348/158/158 347/156/156
f 333/143/143 349/159/159 348/158/158
f 334/144/144 350/160/160 349/159/159
f 335/145/145 351/161/161 350/160/160
f 337/148/148 351/161/161 336/146/146
f 338/162/162 352/163/163 337/148/148
f 339/150/150 355/164/164 354/165/165
f 340/149/149 356/166/166 355/164/164
f 341/151/151 357/167/167 356/166/166
f 343/153/153 357/167/167 342/152/152
f 344/154/154 358/168/168 343/153/153
f 345/155/155 359/169/169 344/154/154
f 346/157/157 360/170/170 345/155/155
f 346/157/157 362/171/171 361/172/172
f 347/156/156 363/173/173 362/171/171
f 348/158/158 364/174/174 363/173/173
f 349/159/159 365/175/175 364/174/174
f 351/161/161 365/175/175 350/160/160
f 352/163/163 366/176/176 351/161/161
f 353/177/177 367/178/178 352/163/163
f 354/165/165 370/179/179 369/180/180
f 355/164/164 371/181/181 370/179/179
f 356/166/166 372/182/182 371/181/181
f 357/167/167 373/183/183 372/182/182
f 359/169/169 373/183/183 358/168/168
f 360/170/170 374/184/184 359/169/169
f 361/172/172 375/185/185 360/170/170
f 362/171/171 376/186/186 361/172/172
f 362/171/171 378/187/187 377/188/188
f 363/173/173 379/189/189 378/187/187
f 365/175/175 379/189/189 364/174/174
f 366/176/176 380/190/190 365/175/175
f 367/178/178 381/191/191 366/176/176
f 368/192/192 382/193/193 367/178/178
f 369/180/180 385/194/194 384/195/195
f 370/179/179 386/196/196 385/194/194
f 371/181/181 387/197/197 386/196/196
f 372/182/182 388/198/198 387/197/197
f 373/183/183 389/199/199 388/198/198
f 374/184/184 390/200/200 389/199/199
f 376/186/186 390/200/200 375/185/185
f 376/186/186 392/201/201 391/202/202
f 378/187/187 392/201/201 377/188/188
f 379/189/189 393/203/203 378/187/187
f 380/190/190 394/204/204 379/189/189
f 381/191/191 395/205/205 380/190/190
f 382/193/193 396/206/206 381/191/191
f 383/207/207 397/208/208 382/193/193
f 384/195/195 400/209/209 399/210/210
f 385/194/194 401/211/211 400/209/209
f 386/196/196 402/212/212 401/211/211
f 387/197/197 403/213/213 402/212/212
f 388/198/198 404/214/214 403/213/213
f 389/199/199 405/215/215 404/214/214
f 390/200/200 406/216/216 405/215/215
f 392/201/201 406/216/216 391/202/202
f 393/203/203 407/217/217 392/201/201
f 394/204/204 408/218/218 393/203/203
f 395/205/205 409/219/219 394/204/204
f 396/206/206 410/220/220 395/205/205
f 397/208/208 411/221/221 396/206/206
f 398/222/222 412/223/223 397/208/208
f 84/224/224 83/225/225 5/226/226
f 85/227/227 189/3/3 84/224/224
f 86/228/228 190/1/1 85/227/227
f 87/229/229 191/4/4 86/228/228
f 88/230/230 192/6/6 87/229/229
f 89/231/231 193/8/8 88/230/230
f 90/232/232 194/10/10 89/231/231
f 91/233/233 195/12/12 90/232/232
f 91/233/233 197/18/18 196/14/14
f 92/234/234 198/20/20 197/18/18
f 93/235/235 199/22/22 198/20/20
f 94/236/236 200/24/24 199/22/22
f 95/237/237 201/26/26 200/24/24
f 96/238/238 202/28/28 201/26/26
f 97/239/239 203/240/240 202/28/28
f 98/241/241 99/242/242 203/240/240
f 203/240/240 100/243/243 218/29/29
f 218/29/29 101/244/244 233/44/44
f 233/44/44 102/245/245 248/59/59
f 248/59/59 103/246/246 263/74/74
f 263/74/74 104/247/247 278/89/89
f 278/89/89 105/248/248 293/104/104
f 293/104/104 106/249/249 308/119/119
f 106/249/249 323/147/147 308/119/119
f 107/250/250 338/162/162 323/147/147
f 108/251/251 353/177/177 338/162/162
f 109/252/252 368/192/192 353/177/177
f 110/253/253 383/207/207 368/192/192
f 111/254/254 398/222/222 383/207/207
f 112/255/255 413/256/256 398/222/222
f 113/257/257 114/258/258 413/256/256
f 413/256/256 115/259/259 412/223/223
f 412/223/223 116/260/260 411/221/221
f 411/221/221 117/261/261 410/220/220
f 410/220/220 118/262/262 409/219/219
f 409/219/219 119/263/263 408/218/218
f 408/218/218 120/264/264 407/217/217
f 407/217/217 121/265/265 406/216/216
f 405/215/215 121/265/265 122/266/266
f 404/214/214 122/266/266 123/267/267
f 403/213/213 123/267/267 124/268/268
f 402/212/212 124/268/268 125/269/269
f 401/211/211 125/269/269 126/270/270
f 400/209/209 126/270/270 127/271/271
f 399/210/210 127/271/271 128/272/272
f 69/273/273 128/272/272 7/274/274
f 70/275/275 399/210/210 69/273/273
f 71/276/276 384/195/195 70/275/275
f 72/277/277 369/180/180 71/276/276
f 73/278/278 354/165/165 72/277/277
f 74/279/279 339/150/150 73/278/278
f 75/280/280 324/135/135 74/279/279
f 76/281/281 309/121/121 75/280/280
f 279/90/90 76/281/281 77/282/282
f 264/75/75 77/282/282 78/283/283
f 249/60/60 78/283/283 79/284/284
f 234/45/45 79/284/284 80/285/285
f 219/30/30 80/285/285 81/286/286
f 204/2/2 81/286/286 82/287/287
f 189/3/3 82/287/287 83/225/225
f 415/288/288 429/289/289 414/290/290
f 416/291/291 430/292/292 415/288/288
f 417/293/293 431/294/294 416/291/291
f 418/295/295 432/296/296 417/293/293
f 419/297/297 433/298/298 418/295/295
f 420/299/299 434/300/300 419/297/297
f 421/301/301 435/302/302 420/299/299
f 421/301/301 437/303/303 436/304/304
f 422/305/305 438/306/306 437/303/303
f 423/307/307 439/308/308 438/306/306
f 424/309/309 440/310/310 439/308/308
f 425/311/311 441/312/312 440/310/310
f 426/313/313 442/314/314 441/312/312
f 427/315/315 443/316/316 442/314/314
f 430/292/292 444/317/317 429/289/289
f 431/294/294 445/318/318 430/292/292
f 432/296/296 446/319/319 431/294/294
f 433/298/298 447/320/320 432/296/296
f 434/300/300 448/321/321 433/298/298
f 435/302/302 449/322/322 434/300/300
f 436/304/304 450/323/323 435/302/302
f 436/304/304 452/324/324 451/325/325
f 437/303/303 453/326/326 452/324/324
f 438/306/306 454/327/327 453/326/326
f 439/308/308 455/328/328 454/327/327
f 440/310/310 456/329/329 455/328/328
f 441/312/312 457/330/330 456/329/329
f 442/314/314 458/331/331 457/330/330
f 445/318/318 459/332/332 444/317/317
f 446/319/319 460/333/333 445/318/318
f 447/320/320 461/334/334 446/319/319
f 448/321/321 462/335/335 447/320/320
f 449/322/322 463/336/336 448/321/321
f 450/323/323 464/337/337 449/322/322
f 451/325/325 465/338/338 450/323/323
f 451/325/325 467/339/339 466/340/340
f 452/324/324 468/341/341 467/339/339
f 453/326/326 469/342/342 468/341/341
f 454/327/327 470/343/343 469/342/342
f 455/328/328 471/344/344 470/343/343
f 456/329/329 472/345/345 471/344/344
f 457/330/330 473/346/346 472/345/345
f 460/333/333 474/347/347 459/332/332
f 461/334/334 475/348/348 460/333/333
f 462/335/335 476/349/349 461/334/334
f 463/336/336 477/350/350 462/335/335
f 464/337/337 478/351/351 463/336/336
f 465/338/338 479/352/352 464/337/337
f 466/340/340 480/353/353 465/338/338
f 466/340/340 482/354/354 481/355/355
f 467/339/339 483/356/356 482/354/354
f 468/341/341 484/357/357 483/356/356
f 469/342/342 485/358/358 484/357/357
f 470/343/343 486/359/359 485/358/358
f 471/344/344 487/360/360 486/359/359
f 472/345/345 488/361/361 487/360/360
f 475/348/348 489/362/362 474/347/347
f 476/349/349 490/363/363 475/348/348
f 477/350/350 491/364/364 476/349/349
f 478/351/351 492/365/365 477/350/350
f 479/352/352 493/366/366 478/351/351
f 480/353/353 494/367/367 479/352/352
f 481/355/355 495/368/368 480/353/353
f 481/355/355 497/369/369 496/370/370
f 482/354/354 498/371/371 497/369/369
f 483/356/356 499/372/372 498/371/371
f 484/357/357 500/373/373 499/372/372
f 485/358/358 501/374/374 500/373/373
f 486/359/359 502/375/375 501/374/374
f 487/360/360 503/376/376 502/375/375
f 490/363/363 504/377/377 489/362/362
f 491/364/364 505/378/378 490/363/363
f 492/365/365 506/379/379 491/364/364
f 493/366/366 507/380/380 492/365/365
f 494/367/367 508/381/381 493/366/366
f 495/368/368 509/382/382 494/367/367
f 496/370/370 510/383/383 495/368/368
f 496/370/370 512/384/384 511/385/385
f 497/369/369 513/386/386 512/384/384
f 498/371/371 514/387/387 513/386/386
f 499/372/372 515/388/388 514/387/387
f 500/373/373 516/389/389 515/388/388
f 501/374/374 517/390/390 516/389/389
f 502/375/375 518/391/391 517/390/390
f 505/378/378 519/392/392 504/377/377
f 506/379/379 520/393/393 505/378/378
f 507/380/380 521/394/394 506/379/379
f 508/381/381 522/395/395 507/380/380
f 509/382/382 523/396/396 508/381/381
f 510/383/383 524/397/397 509/382/382
f 511/385/385 525/398/398 510/383/383
f 511/385/385 527/399/399 526/400/400
f 512/384/384 528/401/401 527/399/399
f 513/386/386 529/402/402 528/401/401
f 514/387/387 530/403/403 529/402/402
f 515/388/388 531/404/404 530/403/403
f 516/389/389 532/405/405 531/404/404
f 517/390/390 533/406/406 532/405/405
f 520/393/393 534/407/407 519/392/392
f 521/394/394 535/408/408 520/393/393
f 522/395/395 536/409/409 521/394/394
f 523/396/396 537/410/410 522/395/395
f 524/397/397 538/411/411 523/396/396
f 525/398/398 539/412/412 524/397/397
f 526/400/400 540/413/413 525/398/398
f 526/400/400 542/414/414 541/415/415
f 527/399/399 543/416/416 542/414/414
f 528/401/401 544/417/417 543/416/416
f 529/402/402 545/418/418 544/417/417
f 530/403/403 546/419/419 545/418/418
f 531/404/404 547/420/420 546/419/419
f 532/405/405 548/421/421 547/420/420
f 535/408/408 549/422/422 534/407/407
f 536/409/409 550/423/423 535/408/408
f 537/410/410 551/424/424 536/409/409
f 538/411/411 552/425/425 537/410/410
f 539/412/412 553/426/426 538/411/411
f 540/413/413 554/427/427 539/412/412
f 541/415/415 555/428/428 540/413/413
f 541/415/415 557/429/429 556/430/430
f 542/414/414 558/431/431 557/429/429
f 543/416/416 559/432/432 558/431/431
f 544/417/417 560/433/433 559/432/432
f 545/418/418 561/434/434 560/433/433
f 546/419/419 562/435/435 561/434/434
f 547/420/420 563/436/436 562/435/435
f 550/423/423 564/437/437 549/422/422
f 551/424/424 565/438/438 550/423/423
f 552/425/425 566/439/439 551/424/424
f 553/426/426 567/440/440 552/425/425
f 554/427/427 568/441/441 553/426/426
f 555/428/428 569/442/442 554/427/427
f 556/430/430 570/443/443 555/428/428
f 556/430/430 572/444/444 571/445/445
f 557/429/429 573/446/446 572/444/444
f 558/431/431 574/447/447 573/446/446
f 559/432/432 575/448/448 574/447/447
f 560/433/433 576/449/449 575/448/448
f 561/434/434 577/450/450 576/449/449
f 562/435/435 578/451/451 577/450/450
f 565/438/438 579/452/452 564/437/437
f 566/439/439 580/453/453 565/438/438
f 567/440/440 581/454/454 566/439/439
f 568/441/441 582/455/455 567/440/440
f 569/442/442 583/456/456 568/441/441
f 570/443/443 584/457/457 569/442/442
f 571/445/445 585/458/458 570/443/443
f 571/445/445 587/459/459 586/460/460
f 572/444/444 588/461/461 587/459/459
f 573/446/446 589/462/462 588/461/461
f 574/447/447 590/463/463 589/462/462
f 575/448/448 591/464/464 590/463/463
f 576/449/449 592/465/465 591/464/464
f 577/450/450 593/466/466 592/465/465
f 580/453/453 594/467/467 579/452/452
f 581/454/454 595/468/468 580/453/453
f 582/455/455 596/469/469 581/454/454
f 583/456/456 597/470/470 582/455/455
f 584/457/457 598/471/471 583/456/456
f 585/458/458 599/472/472 584/457/457
f 586/460/460 600/473/473 585/458/458
f 586/460/460 602/474/474 601/475/475
f 587/459/459 603/476/476 602/474/474
f 588/461/461 604/477/477 603/476/476
f 589/462/462 605/478/478 604/477/477
f 590/463/463 606/479/479 605/478/478
f 591/464/464 607/480/480 606/479/479
f 592/465/465 608/481/481 607/480/480
f 595/468/468 609/482/482 594/467/467
f 596/469/469 610/483/483 595/468/468
f 597/470/470 611/484/484 596/469/469
f 598/471/471 612/485/485 597/470/470
f 599/472/472 613/486/486 598/471/471
f 600/473/473 614/487/487 599/472/472
f 601/475/475 615/488/488 600/473/473
f 601/475/475 617/489/489 616/490/490
f 602/474/474 618/491/491 617/489/489
f 603/476/476 619/492/492 618/491/491
f 604/477/477 620/493/493 619/492/492
f 605/478/478 621/494/494 620/493/493
f 606/479/479 622/495/495 621/494/494
f 607/480/480 623/496/496 622/495/495
f 610/483/483 624/497/497 609/482/482
f 611/484/484 625/498/498 610/483/483
f 612/485/485 626/499/499 611/484/484
f 613/486/486 627/500/500 612/485/485
f 614/487/487 628/501/501 613/486/486
f 615/488/488 629/502/502 614/487/487
f 616/490/490 630/503/503 615/488/488
f 616/490/490 632/504/504 631/505/505
f 617/489/489 633/506/506 632/504/504
f 618/491/491 634/507/507 633/506/506
f 619/492/492 635/508/508 634/507/507
f 620/493/493 636/509/509 635/508/508
f 621/494/494 637/510/510 636/509/509
f 622/495/495 638/511/511 637/510/510
f 54/512/512 158/513/513 4/514/514
f 55/515/515 414/290/290 54/512/512
f 56/516/516 415/288/288 55/515/515
f 57/517/517 416/291/291 56/516/516
f 58/518/518 417/293/293 57/517/517
f 59/519/519 418/295/295 58/518/518
f 60/520/520 419/297/297 59/519/519
f 61/521/521 420/299/299 60/520/520
f 61/521/521 422/305/305 421/301/301
f 62/522/522 423/307/307 422/305/305
f 63/523/523 424/309/309 423/307/307
f 64/524/524 425/311/311 424/309/309
f 65/525/525 426/313/313 425/311/311
f 66/526/526 427/315/315 426/313/313
f 67/527/527 428/528/528 427/315/315
f 68/529/529 129/530/530 428/528/528
f 428/528/528 130/531/531 443/316/316
f 443/316/316 131/532/532 458/331/331
f 458/331/331 132/533/533 473/346/346
f 473/346/346 133/534/534 488/361/361
f 488/361/361 134/535/535 503/376/376
f 503/376/376 135/536/536 518/391/391
f 518/391/391 136/537/537 533/406/406
f 533/406/406 137/538/538 548/421/421
f 548/421/421 138/539/539 563/436/436
f 563/436/436 139/540/540 578/451/451
f 578/451/451 140/541/541 593/466/466
f 593/466/466 141/542/542 608/481/481
f 608/481/481 142/543/543 623/496/496
f 623/496/496 143/544/544 638/511/511
f 638/511/511 7/274/274 128/272/272
f 637/510/510 128/272/272 127/271/271
f 636/509/509 127/271/271 126/270/270
f 635/508/508 126/270/270 125/269/269
f 634/507/507 125/269/269 124/268/268
f 633/506/506 124/268/268 123/267/267
f 632/504/504 123/267/267 122/266/266
f 631/505/505 122/266/266 121/265/265
f 631/505/505 120/264/264 630/503/503
f 630/503/503 119/263/263 629/502/502
f 629/502/502 118/262/262 628/501/501
f 628/501/501 117/261/261 627/500/500
f 627/500/500 116/260/260 626/499/499
f 626/499/499 115/259/259 625/498/498
f 625/498/498 114/258/258 624/497/497
f 624/497/497 8/545/545 144/546/546
f 609/482/482 144/546/546 145/547/547
f 594/467/467 145/547/547 146/548/548
f 579/452/452 146/548/548 147/549/549
f 564/437/437 147/549/549 148/550/550
f 549/422/422 148/550/550 149/551/551
f 534/407/407 149/551/551 150/552/552
f 519/392/392 150/552/552 151/553/553
f 504/377/377 151/553/553 152/554/554
f 489/362/362 152/554/554 153/555/555
f 474/347/347 153/555/555 154/556/556
f 459/332/332 154/556/556 155/557/557
f 444/317/317 155/557/557 156/558/558
f 429/289/289 156/558/558 157/559/559
f 414/290/290 157/559/559 158/513/513
f 640/560/560 654/561/561 639/562/562
f 641/563/563 655/564/564 640/560/560
f 642/565/565 656/566/566 641/563/563
f 643/567/567 657/568/568 642/565/565
f 644/569/569 658/570/570 643/567/567
f 645/571/571 659/572/572 644/569/569
f 646/573/573 660/574/574 645/571/571
f 646/573/573 662/575/575 661/576/576
f 647/577/577 663/578/578 662/575/575
f 648/579/579 664/580/580 663/578/578
f 649/581/581 665/582/582 664/580/580
f 650/583/583 666/584/584 665/582/582
f 651/585/585 667/586/586 666/584/584
f 652/587/587 668/588/588 667/586/586
f 655/564/564 669/589/589 654/561/561
f 656/566/566 670/590/590 655/564/564
f 657/568/568 671/591/591 656/566/566
f 658/570/570 672/592/592 657/568/568
f 659/572/572 673/593/593 658/570/570
f 660/574/574 674/594/594 659/572/572
f 661/576/576 675/595/595 660/574/574
f 661/576/576 677/596/596 676/597/597
f 662/575/575 678/598/598 677/596/596
f 663/578/578 679/599/599 678/598/598
f 664/580/580 680/600/600 679/599/599
f 665/582/582 681/601/601 680/600/600
f 666/584/584 682/602/602 681/601/601
f 667/586/586 683/603/603 682/602/602
f 670/590/590 684/604/604 669/589/589
f 671/591/591 685/605/605 670/590/590
f 672/592/592 686/606/606 671/591/591
f 673/593/593 687/607/607 672/592/592
f 674/594/594 688/608/608 673/593/593
f 675/595/595 689/609/609 674/594/594
f 676/597/597 690/610/610 675/595/595
f 676/597/597 692/611/611 691/612/612
f 677/596/596 693/613/613 692/611/611
f 678/598/598 694/614/614 693/613/613
f 679/599/599 695/615/615 694/614/614
f 680/600/600 696/616/616 695/615/615
f 681/601/601 697/617/617 696/616/616
f 682/602/602 698/618/618 697/617/617
f 685/605/605 699/619/619 684/604/604
f 686/606/606 700/620/620 685/605/605
f 687/607/607 701/621/621 686/606/606
f 688/608/608 702/622/622 687/607/607
f 689/609/609 703/623/623 688/608/608
f 690/610/610 704/624/624 689/609/609
f 691/612/612 705/625/625 690/610/610
f 691/612/612 707/626/626 706/627/627
f 692/611/611 708/628/628 707/626/626
f 693/613/613 709/629/629 708/628/628
f 694/614/614 710/630/630 709/629/629
f 695/615/615 711/631/631 710/630/630
f 696/616/616 712/632/632 711/631/631
f 697/617/617 713/633/633 712/632/632
f 700/620/620 714/634/634 699/619/619
f 701/621/621 715/635/635 700/620/620
f 702/622/622 716/636/636 701/621/621
f 703/623/623 717/637/637 702/622/622
f 704/624/624 718/638/638 703/623/623
f 705/625/625 719/639/639 704/624/624
f 706/627/627 720/640/640 705/625/625
f 706/627/627 722/641/641 721/642/642
f 707/626/626 723/643/643 722/641/641
f 708/628/628 724/644/644 723/643/643
f 709/629/629 725/645/645 724/644/644
f 710/630/630 726/646/646 725/645/645
f 711/631/631 727/647/647 726/646/646
f 712/632/632 728/648/648 727/647/647
f 715/635/635 729/649/649 714/634/634
f 716/636/636 730/650/650 715/635/635
f 717/637/637 731/651/651 716/636/636
f 718/638/638 732/652/652 717/637/637
f 719/639/639 733/653/653 718/638/638
f 720/640/640 734/654/654 719/639/639
f 721/642/642 735/655/655 720/640/640
f 721/642/642 737/656/656 736/657/657
f 722/641/641 738/658/658 737/656/656
f 723/643/643 739/659/659 738/658/658
f 724/644/644 740/660/660 739/659/659
f 725/645/645 741/661/661 740/660/660
f 726/646/646 742/662/662 741/661/661
f 727/647/647 743/663/663 742/662/662
f 730/650/650 744/664/664 729/649/649
f 731/651/651 745/665/665 730/650/650
f 732/652/652 746/666/666 731/651/651
f 733/653/653 747/667/667 732/652/652
f 734/654/654 748/668/668 733/653/653
f 735/655/655 749/669/669 734/654/654
f 736/657/657 750/670/670 735/655/655
f 736/657/657 752/671/671 751/672/672
f 737/656/656 753/673/673 752/671/671
f 738/658/658 754/674/674 753/673/673
f 739/659/659 755/675/675 754/674/674
f 740/660/660 756/676/676 755/675/675
f 741/661/661 757/677/677 756/676/676
f 742/662/662 758/678/678 757/677/677
f 745/665/665 759/679/679 744/664/664
f 746/666/666 760/680/680 745/665/665
f 747/667/667 761/681/681 746/666/666
f 748/668/668 762/682/682 747/667/667
f 749/669/669 763/683/683 748/668/668
f 750/670/670 764/684/684 749/669/669
f 751/672/672 765/685/685 750/670/670
f 751/672/672 767/686/686 766/687/687
f 752/671/671 768/688/688 767/686/686
f 753/673/673 769/689/689 768/688/688
f 754/674/674 770/690/690 769/689/689
f 755/675/675 771/691/691 770/690/690
f 756/676/676 772/692/692 771/691/691
f 757/677/677 773/693/693 772/692/692
f 760/680/680 774/694/694 759/679/679
f 761/681/681 775/695/695 760/680/680
f 762/682/682 776/696/696 761/681/681
f 763/683/683 777/697/697 762/682/682
f 764/684/684 778/698/698 763/683/683
f 765/685/685 779/699/699 764/684/684
f 766/687/687 780/700/700 765/685/685
f 766/687/687 782/701/701 781/702/702
f 767/686/686 783/703/703 782/701/701
f 768/688/688 784/704/704 783/703/703
f 769/689/689 785/705/705 784/704/704
f 770/690/690 786/706/706 785/705/705
f 771/691/691 787/707/707 786/706/706
f 772/692/692 788/708/708 787/707/707
f 775/695/695 789/709/709 774/694/694
f 776/696/696 790/710/710 775/695/695
f 777/697/697 791/711/711 776/696/696
f 778/698/698 792/712/712 777/697/697
f 779/699/699 793/713/713 778/698/698
f 780/700/700 794/714/714 779/699/699
f 781/702/702 795/715/715 780/700/700
f 781/702/702 797/716/716 796/717/717
f 782/701/701 798/718/718 797/716/716
f 783/703/703 799/719/719 798/718/718
f 784/704/704 800/720/720 799/719/719
f 785/705/705 801/721/721 800/720/720
f 786/706/706 802/722/722 801/721/721
f 787/707/707 803/723/723 802/722/722
f 790/710/710 804/724/724 789/709/709
f 791/711/711 805/725/725 790/710/710
f 792/712/712 806/726/726 791/711/711
f 793/713/713 807/727/727 792/712/712
f 794/714/714 808/728/728 793/713/713
f 795/715/715 809/729/729 794/714/714
f 796/717/717 810/730/730 795/715/715
f 796/717/717 812/731/731 811/732/732
f 797/716/716 813/733/733 812/731/731
f 798/718/718 814/734/734 813/733/733
f 799/719/719 815/735/735 814/734/734
f 800/720/720 816/736/736 815/735/735
f 801/721/721 817/737/737 816/736/736
f 802/722/722 818/738/738 817/737/737
f 805/725/725 819/739/739 804/724/724
f 806/726/726 820/740/740 805/725/725
f 807/727/727 821/741/741 806/726/726
f 808/728/728 822/742/742 807/727/727
f 809/729/729 823/743/743 808/728/728
f 810/730/730 824/744/744 809/729/729
f 811/732/732 825/745/745 810/730/730
f 811/732/732 827/746/746 826/747/747
f 812/731/731 828/748/748 827/746/746
f 813/733/733 829/749/749 828/748/748
f 814/734/734 830/750/750 829/749/749
f 815/735/735 831/751/751 830/750/750
f 816/736/736 832/752/752 831/751/751
f 817/737/737 833/753/753 832/752/752
f 820/740/740 834/754/754 819/739/739
f 821/741/741 835/755/755 820/740/740
f 822/742/742 836/756/756 821/741/741
f 823/743/743 837/757/757 822/742/742
f 824/744/744 838/758/758 823/743/743
f 825/745/745 839/759/759 824/744/744
f 826/747/747 840/760/760 825/745/745
f 826/747/747 842/761/761 841/762/762
f 827/746/746 843/763/763 842/761/761
f 828/748/748 844/764/764 843/763/763
f 829/749/749 845/765/765 844/764/764
f 830/750/750 846/766/766 845/765/765
f 831/751/751 847/767/767 846/766/766
f 832/752/752 848/768/768 847/767/767
f 835/755/755 849/769/769 834/754/754
f 836/756/756 850/770/770 835/755/755
f 837/757/757 851/771/771 836/756/756
f 838/758/758 852/772/772 837/757/757
f 839/759/759 853/773/773 838/758/758
f 840/760/760 854/774/774 839/759/759
f 841/762/762 855/775/775 840/760/760
f 841/762/762 857/776/776 856/777/777
f 842/761/761 858/778/778 857/776/776
f 843/763/763 859/779/779 858/778/778
f 844/764/764 860/780/780 859/779/779
f 845/765/765 861/781/781 860/780/780
f 846/766/766 862/782/782 861/781/781
f 847/767/767 863/783/783 862/782/782
f 24/784/784 188/785/785 1/786/786
f 25/787/787 639/562/562 24/784/784
f 26/788/788 640/560/560 25/787/787
f 27/789/789 641/563/563 26/788/788
f 28/790/790 642/565/565 27/789/789
f 29/791/791 643/567/567 28/790/790
f 30/792/792 644/569/569 29/791/791
f 31/793/793 645/571/571 30/792/792
f 31/793/793 647/577/577 646/573/573
f 32/794/794 648/579/579 647/577/577
f 33/795/795 649/581/581 648/579/579
f 34/796/796 650/583/583 649/581/581
f 35/797/797 651/585/585 650/583/583
f 36/798/798 652/587/587 651/585/585
f 37/799/799 653/800/800 652/587/587
f 38/801/801 159/802/802 653/800/800
f 653/800/800 160/803/803 668/588/588
f 668/588/588 161/804/804 683/603/603
f 683/603/603 162/805/805 698/618/618
f 698/618/618 163/806/806 713/633/633
f 713/633/633 164/807/807 728/648/648
f 728/648/648 165/808/808 743/663/663
f 743/663/663 166/809/809 758/678/678
f 758/678/678 167/810/810 773/693/693
f 773/693/693 168/811/811 788/708/708
f 788/708/708 169/812/812 803/723/723
f 803/723/723 170/813/813 818/738/738
f 818/738/738 171/814/814 833/753/753
f 833/753/753 172/815/815 848/768/768
f 848/768/768 173/816/816 863/783/783
f 863/783/783 6/817/817 98/241/241
f 862/782/782 98/241/241 97/239/239
f 861/781/781 97/239/239 96/238/238
f 860/780/780 96/238/238 95/237/237
f 859/779/779 95/237/237 94/236/236
f 858/778/778 94/236/236 93/235/235
f 857/776/776 93/235/235 92/234/234
f 856/777/777 92/234/234 91/233/233
f 856/777/777 90/232/232 855/775/775
f 855/775/775 89/231/231 854/774/774
f 854/774/774 88/230/230 853/773/773
f 853/773/773 87/229/229 852/772/772
f 852/772/772 86/228/228 851/771/771
f 851/771/771 85/227/227 850/770/770
f 850/770/770 84/224/224 849/769/769
f 849/769/769 5/226/226 174/818/818
f 834/754/754 174/818/818 175/819/819
f 819/739/739 175/819/819 176/820/820
f 804/724/724 176/820/820 177/821/821
f 789/709/709 177/821/821 178/822/822
f 774/694/694 178/822/822 179/823/823
f 759/679/679 179/823/823 180/824/824
f 744/664/664 180/824/824 181/825/825
f 729/649/649 181/825/825 182/826/826
f 714/634/634 182/826/826 183/827/827
f 699/619/619 183/827/827 184/828/828
f 684/604/604 184/828/828 185/829/829
f 669/589/589 185/829/829 186/830/830
f 654/561/561 186/830/830 187/831/831
f 639/562/562 187/831/831 188/785/785
f 865/832/832 879/833/833 864/834/834
f 866/835/835 880/836/836 865/832/832
f 867/837/837 881/838/838 866/835/835
f 868/839/839 882/840/840 867/837/837
f 869/841/841 883/842/842 868/839/839
f 870/843/843 884/844/844 869/841/841
f 871/845/845 885/846/846 870/843/843
f 871/845/845 887/847/847 886/848/848
f 872/849/849 888/850/850 887/847/847
f 873/851/851 889/852/852 888/850/850
f 874/853/853 890/854/854 889/852/852
f 875/855/855 891/856/856 890/854/854
f 876/857/857 892/858/858 891/856/856
f 877/859/859 893/860/860 892/858/858
f 880/836/836 894/861/861 879/833/833
f 881/838/838 895/862/862 880/836/836
f 882/840/840 896/863/863 881/838/838
f 883/842/842 897/864/864 882/840/840
f 884/844/844 898/865/865 883/842/842
f 885/846/846 899/866/866 884/844/844
f 886/848/848 900/867/867 885/846/846
f 886/848/848 902/868/868 901/869/869
f 887/847/847 903/870/870 902/868/868
f 888/850/850 904/871/871 903/870/870
f 889/852/852 905/872/872 904/871/871
f 890/854/854 906/873/873 905/872/872
f 891/856/856 907/874/874 906/873/873
f 892/858/858 908/875/875 907/874/874
f 895/862/862 909/876/876 894/861/861
f 896/863/863 910/877/877 895/862/862
f 897/864/864 911/878/878 896/863/863
f 898/865/865 912/879/879 897/864/864
f 899/866/866 913/880/880 898/865/865
f 900/867/867 914/881/881 899/866/866
f 901/869/869 915/882/882 900/867/867
f 901/869/869 917/883/883 916/884/884
f 902/868/868 918/885/885 917/883/883
f 903/870/870 919/886/886 918/885/885
f 904/871/871 920/887/887 919/886/886
f 905/872/872 921/888/888 920/887/887
f 906/873/873 922/889/889 921/888/888
f 907/874/874 923/890/890 922/889/889
f 910/877/877 924/891/891 909/876/876
f 911/878/878 925/892/892 910/877/877
f 912/879/879 926/893/893 911/878/878
f 913/880/880 927/894/894 912/879/879
f 914/881/881 928/895/895 913/880/880
f 915/882/882 929/896/896 914/881/881
f 916/884/884 930/897/897 915/882/882
f 916/884/884 932/898/898 931/899/899
f 917/883/883 933/900/900 932/898/898
f 918/885/885 934/901/901 933/900/900
f 919/886/886 935/902/902 934/901/901
f 920/887/887 936/903/903 935/902/902
f 921/888/888 937/904/904 936/903/903
f 922/889/889 938/905/905 937/904/904
f 925/892/892 939/906/906 924/891/891
f 926/893/893 940/907/907 925/892/892
f 927/894/894 941/908/908 926/893/893
f 928/895/895 942/909/909 927/894/894
f 929/896/896 943/910/910 928/895/895
f 930/897/897 944/911/911 929/896/896
f 931/899/899 945/912/912 930/897/897
f 931/899/899 947/913/913 946/914/914
f 932/898/898 948/915/915 947/913/913
f 933/900/900 949/916/916 948/915/915
f 934/901/901 950/917/917 949/916/916
f 935/902/902 951/918/918 950/917/917
f 936/903/903 952/919/919 951/918/918
f 937/904/904 953/920/920 952/919/919
f 940/907/907 954/921/921 939/906/906
f 941/908/908 955/922/922 940/907/907
f 942/909/909 956/923/923 941/908/908
f 943/910/910 957/924/924 942/909/909
f 944/911/911 958/925/925 943/910/910
f 945/912/912 959/926/926 944/911/911
f 946/914/914 960/927/927 945/912/912
f 946/914/914 962/928/928 961/929/929
f 947/913/913 963/930/930 962/928/928
f 948/915/915 964/931/931 963/930/930
f 949/916/916 965/932/932 964/931/931
f 950/917/917 966/933/933 965/932/932
f 951/918/918 967/934/934 966/933/933
f 952/919/919 968/935/935 967/934/934
f 955/922/922 969/936/936 954/921/921
f 956/923/923 970/937/937 955/922/922
f 957/924/924 971/938/938 956/923/923
f 958/925/925 972/939/939 957/924/924
f 959/926/926 973/940/940 958/925/925
f 960/927/927 974/941/941 959/926/926
f 961/929/929 975/942/942 960/927/927
f 961/929/929 977/943/943 976/944/944
f 962/928/928 978/945/945 977/943/943
f 963/930/930 979/946/946 978/945/945
f 964/931/931 980/947/947 979/946/946
f 965/932/932 981/948/948 980/947/947
f 966/933/933 982/949/949 981/948/948
f 967/934/934 983/950/950 982/949/949
f 970/937/937 984/951/951 969/936/936
f 971/938/938 985/952/952 970/937/937
f 972/939/939 986/953/953 971/938/938
f 973/940/940 987/954/954 972/939/939
f 974/941/941 988/955/955 973/940/940
f 975/942/942 989/956/956 974/941/941
f 976/944/944 990/957/957 975/942/942
f 976/944/944 992/958/958 991/959/959
f 977/943/943 993/960/960 992/958/958
f 978/945/945 994/961/961 993/960/960
f 979/946/946 995/962/962 994/961/961
f 980/947/947 996/963/963 995/962/962
f 981/948/948 997/964/964 996/963/963
f 982/949/949 998/965/965 997/964/964
f 985/952/952 999/966/966 984/951/951
f 986/953/953 1000/967/967 985/952/952
f 987/954/954 1001/968/968 986/953/953
f 988/955/955 1002/969/969 987/954/954
f 989/956/956 1003/970/970 988/955/955
f 990/957/957 1004/971/971 989/956/956
f 991/959/959 1005/972/972 990/957/957
f 991/959/959 1007/973/973 1006/974/974
f 992/958/958 1008/975/975 1007/973/973
f 993/960/960 1009/976/976 1008/975/975
f 994/961/961 1010/977/977 1009/976/976
f 995/962/962 1011/978/978 1010/977/977
f 996/963/963 1012/979/979 1011/978/978
f 997/964/964 1013/980/980 1012/979/979
f 1000/967/967 1014/981/981 999/966/966
f 1001/968/968 1015/982/982 1000/967/967
f 1002/969/969 1016/983/983 1001/968/968
f 1003/970/970 1017/984/984 1002/969/969
f 1004/971/971 1018/985/985 1003/970/970
f 1005/972/972 1019/986/986 1004/971/971
f 1006/974/974 1020/987/987 1005/972/972
f 1006/974/974 1022/988/988 1021/989/989
f 1007/973/973 1023/990/990 1022/988/988
f 1008/975/975 1024/991/991 1023/990/990
f 1009/976/976 1025/992/992 1024/991/991
f 1010/977/977 1026/993/993 1025/992/992
f 1011/978/978 1027/994/994 1026/993/993
f 1012/979/979 1028/995/995 1027/994/994
f 1015/982/982 1029/996/996 1014/981/981
f 1016/983/983 1030/997/997 1015/982/982
f 1017/984/984 1031/998/998 1016/983/983
f 1018/985/985 1032/999/999 1017/984/984
f 1019/986/986 1033/1000/1000 1018/985/985
f 1020/987/987 1034/1001/1001 1019/986/986
f 1021/989/989 1035/1002/1002 1020/987/987
f 1021/989/989 1037/1003/1003 1036/1004/1004
f 1022/988/988 1038/1005/1005 1037/1003/1003
f 1023/990/990 1039/1006/1006 1038/1005/1005
f 1024/991/991 1040/1007/1007 1039/1006/1006
f 1025/992/992 1041/1008/1008 1040/1007/1007
f 1026/993/993 1042/1009/1009 1041/1008/1008
f 1027/994/994 1043/1010/1010 1042/1009/1009
f 1030/997/997 1044/1011/1011 1029/996/996
f 1031/998/998 1045/1012/1012 1030/997/997
f 1032/999/999 1046/1013/1013 1031/998/998
f 1033/1000/1000 1047/1014/1014 1032/999/999
f 1034/1001/1001 1048/1015/1015 1033/1000/1000
f 1035/1002/1002 1049/1016/1016 1034/1001/1001
f 1036/1004/1004 1050/1017/1017 1035/1002/1002
f 1036/1004/1004 1052/1018/1018 1051/1019/1019
f 1037/1003/1003 1053/1020/1020 1052/1018/1018
f 1038/1005/1005 1054/1021/1021 1053/1020/1020
f 1039/1006/1006 1055/1022/1022 1054/1021/1021
f 1040/1007/1007 1056/1023/1023 1055/1022/1022
f 1041/1008/1008 1057/1024/1024 1056/1023/1023
f 1042/1009/1009 1058/1025/1025 1057/1024/1024
f 1045/1012/1012 1059/1026/1026 1044/1011/1011
f 1046/1013/1013 1060/1027/1027 1045/1012/1012
f 1047/1014/1014 1061/1028/1028 1046/1013/1013
f 1048/1015/1015 1062/1029/1029 1047/1014/1014
f 1049/1016/1016 1063/1030/1030 1048/1015/1015
f 1050/1017/1017 1064/1031/1031 1049/1016/1016
f 1051/1019/1019 1065/1032/1032 1050/1017/1017
f 1051/1019/1019 1067/1033/1033 1066/1034/1034
f 1052/1018/1018 1068/1035/1035 1067/1033/1033
f 1053/1020/1020 1069/1036/1036 1068/1035/1035
f 1054/1021/1021 1070/1037/1037 1069/1036/1036
f 1055/1022/1022 1071/1038/1038 1070/1037/1037
f 1056/1023/1023 1072/1039/1039 1071/1038/1038
f 1057/1024/1024 1073/1040/1040 1072/1039/1039
f 1060/1027/1027 1074/1041/1041 1059/1026/1026
f 1061/1028/1028 1075/1042/1042 1060/1027/1027
f 1062/1029/1029 1076/1043/1043 1061/1028/1028
f 1063/1030/1030 1077/1044/1044 1062/1029/1029
f 1064/1031/1031 1078/1045/1045 1063/1030/1030
f 1065/1032/1032 1079/1046/1046 1064/1031/1031
f 1066/1034/1034 1080/1047/1047 1065/1032/1032
f 1066/1034/1034 1082/1048/1048 1081/1049/1049
f 1067/1033/1033 1083/1050/1050 1082/1048/1048
f 1068/1035/1035 1084/1051/1051 1083/1050/1050
f 1069/1036/1036 1085/1052/1052 1084/1051/1051
f 1070/1037/1037 1086/1053/1053 1085/1052/1052
f 1071/1038/1038 1087/1054/1054 1086/1053/1053
f 1072/1039/1039 1088/1055/1055 1087/1054/1054
f 39/1056/1056 159/802/802 2/1057/1057
f 40/1058/1058 864/834/834 39/1056/1056
f 41/1059/1059 865/832/832 40/1058/1058
f 42/1060/1060 866/835/835 41/1059/1059
f 43/1061/1061 867/837/837 42/1060/1060
f 44/1062/1062 868/839/839 43/1061/1061
f 45/1063/1063 869/841/841 44/1062/1062
f 46/1064/1064 870/843/843 45/1063/1063
f 46/1064/1064 872/849/849 871/845/845
f 47/1065/1065 873/851/851 872/849/849
f 48/1066/1066 874/853/853 873/851/851
f 49/1067/1067 875/855/855 874/853/853
f 50/1068/1068 876/857/857 875/855/855
f 51/1069/1069 877/859/859 876/857/857
f 52/1070/1070 878/1071/1071 877/859/859
f 53/1072/1072 158/513/513 878/1071/1071
f 878/1071/1071 157/559/559 893/860/860
f 893/860/860 156/558/558 908/875/875
f 908/875/875 155/557/557 923/890/890
f 923/890/890 154/556/556 938/905/905
f 938/905/905 153/555/555 953/920/920
f 953/920/920 152/554/554 968/935/935
f 968/935/935 151/553/553 983/950/950
f 983/950/950 150/552/552 998/965/965
f 998/965/965 149/551/551 1013/980/980
f 1013/980/980 148/550/550 1028/995/995
f 1028/995/995 147/549/549 1043/1010/1010
f 1043/1010/1010 146/548/548 1058/1025/1025
f 1058/1025/1025 145/547/547 1073/1040/1040
f 1073/1040/1040 144/546/546 1088/1055/1055
f 1088/1055/1055 8/545/545 113/257/257
f 1087/1054/1054 113/257/257 112/255/255
f 1086/1053/1053 112/255/255 111/254/254
f 1085/1052/1052 111/254/254 110/253/253
f 1084/1051/1051 110/253/253 109/252/252
f 1083/1050/1050 109/252/252 108/251/251
f 1082/1048/1048 108/251/251 107/250/250
f 1081/1049/1049 107/250/250 106/249/249
f 1081/1049/1049 105/248/248 1080/1047/1047
f 1080/1047/1047 104/247/247 1079/1046/1046
f 1079/1046/1046 103/246/246 1078/1045/1045
f 1078/1045/1045 102/245/245 1077/1044/1044
f 1077/1044/1044 101/244/244 1076/1043/1043
f 1076/1043/1043 100/243/243 1075/1042/1042
f 1075/1042/1042 99/242/242 1074/1041/1041
f 1074/1041/1041 6/817/817 173/816/816
f 1059/1026/1026 173/816/816 172/815/815
f 1044/1011/1011 172/815/815 171/814/814
f 1029/996/996 171/814/814 170/813/813
f 1014/981/981 170/813/813 169/812/812
f 999/966/966 169/812/812 168/811/811
f 984/951/951 168/811/811 167/810/810
f 969/936/936 167/810/810 166/809/809
f 954/921/921 166/809/809 165/808/808
f 939/906/906 165/808/808 164/807/807
f 924/891/891 164/807/807 163/806/806
f 909/876/876 163/806/806 162/805/805
f 894/861/861 162/805/805 161/804/804
f 879/833/833 161/804/804 160/803/803
f 864/834/834 160/803/803 159/802/802
f 1090/1073/1073 1104/1074/1074 1089/1075/1075
f 1091/1076/1076 1105/1077/1077 1090/1073/1073
f 1092/1078/1078 1106/1079/1079 1091/1076/1076
f 1093/1080/1080 1107/1081/1081 1092/1078/1078
f 1094/1082/1082 1108/1083/1083 1093/1080/1080
f 1095/1084/1084 1109/1085/1085 1094/1082/1082
f 1096/1086/1086 1110/1087/1087 1095/1084/1084
f 1096/1086/1086 1112/1088/1088 1111/1089/1089
f 1097/1090/1090 1113/1091/1091 1112/1088/1088
f 1098/1092/1092 1114/1093/1093 1113/1091/1091
f 1099/1094/1094 1115/1095/1095 1114/1093/1093
f 1100/1096/1096 1116/1097/1097 1115/1095/1095
f 1101/1098/1098 1117/1099/1099 1116/1097/1097
f 1102/1100/1100 1118/1101/1101 1117/1099/1099
f 1105/1077/1077 1119/1102/1102 1104/1074/1074
f 1106/1079/1079 1120/1103/1103 1105/1077/1077
f 1107/1081/1081 1121/1104/1104 1106/1079/1079
f 1108/1083/1083 1122/1105/1105 1107/1081/1081
f 1109/1085/1085 1123/1106/1106 1108/1083/1083
f 1110/1087/1087 1124/1107/1107 1109/1085/1085
f 1111/1089/1089 1125/1108/1108 1110/1087/1087
f 1111/1089/1089 1127/1109/1109 1126/1110/1110
f 1112/1088/1088 1128/1111/1111 1127/1109/1109
f 1113/1091/1091 1129/1112/1112 1128/1111/1111
f 1114/1093/1093 1130/1113/1113 1129/1112/1112
f 1115/1095/1095 1131/1114/1114 1130/1113/1113
f 1116/1097/1097 1132/1115/1115 1131/1114/1114
f 1117/1099/1099 1133/1116/1116 1132/1115/1115
f 1120/1103/1103 1134/1117/1117 1119/1102/1102
f 1121/1104/1104 1135/1118/1118 1120/1103/1103
f 1122/1105/1105 1136/1119/1119 1121/1104/1104
f 1123/1106/1106 1137/1120/1120 1122/1105/1105
f 1124/1107/1107 1138/1121/1121 1123/1106/1106
f 1125/1108/1108 1139/1122/1122 1124/1107/1107
f 1126/1110/1110 1140/1123/1123 1125/1108/1108
f 1126/1110/1110 1142/1124/1124 1141/1125/1125
f 1127/1109/1109 1143/1126/1126 1142/1124/1124
f 1128/1111/1111 1144/1127/1127 1143/1126/1126
f 1129/1112/1112 1145/1128/1128 1144/1127/1127
f 1130/1113/1113 1146/1129/1129 1145/1128/1128
f 1131/1114/1114 1147/1130/1130 1146/1129/1129
f 1132/1115/1115 1148/1131/1131 1147/1130/1130
f 1135/1118/1118 1149/1132/1132 1134/1117/1117
f 1136/1119/1119 1150/1133/1133 1135/1118/1118
f 1137/1120/1120 1151/1134/1134 1136/1119/1119
f 1138/1121/1121 1152/1135/1135 1137/1120/1120
f 1139/1122/1122 1153/1136/1136 1138/1121/1121
f 1140/1123/1123 1154/1137/1137 1139/1122/1122
f 1141/1125/1125 1155/1138/1138 1140/1123/1123
f 1141/1125/1125 1157/1139/1139 1156/1140/1140
f 1142/1124/1124 1158/1141/1141 1157/1139/1139
f 1143/1126/1126 1159/1142/1142 1158/1141/1141
f 1144/1127/1127 1160/1143/1143 1159/1142/1142
f 1145/1128/1128 1161/1144/1144 1160/1143/1143
f 1146/1129/1129 1162/1145/1145 1161/1144/1144
f 1147/1130/1130 1163/1146/1146 1162/1145/1145
f 1150/1133/1133 1164/1147/1147 1149/1132/1132
f 1151/1134/1134 1165/1148/1148 1150/1133/1133
f 1152/1135/1135 1166/1149/1149 1151/1134/1134
f 1153/1136/1136 1167/1150/1150 1152/1135/1135
f 1154/1137/1137 1168/1151/1151 1153/1136/1136
f 1155/1138/1138 1169/1152/1152 1154/1137/1137
f 1156/1140/1140 1170/1153/1153 1155/1138/1138
f 1156/1140/1140 1172/1154/1154 1171/1155/1155
f 1157/1139/1139 1173/1156/1156 1172/1154/1154
f 1158/1141/1141 1174/1157/1157 1173/1156/1156
f 1159/1142/1142 1175/1158/1158 1174/1157/1157
f 1160/1143/1143 1176/1159/1159 1175/1158/1158
f 1161/1144/1144 1177/1160/1160 1176/1159/1159
f 1162/1145/1145 1178/1161/1161 1177/1160/1160
f 1165/1148/1148 1179/1162/1162 1164/1147/1147
f 1166/1149/1149 1180/1163/1163 1165/1148/1148
f 1167/1150/1150 1181/1164/1164 1166/1149/1149
f 1168/1151/1151 1182/1165/1165 1167/1150/1150
f 1169/1152/1152 1183/1166/1166 1168/1151/1151
f 1170/1153/1153 1184/1167/1167 1169/1152/1152
f 1171/1155/1155 1185/1168/1168 1170/1153/1153
f 1171/1155/1155 1187/1169/1169 1186/1170/1170
f 1172/1154/1154 1188/1171/1171 1187/1169/1169
f 1173/1156/1156 1189/1172/1172 1188/1171/1171
f 1174/1157/1157 1190/1173/1173 1189/1172/1172
f 1175/1158/1158 1191/1174/1174 1190/1173/1173
f 1176/1159/1159 1192/1175/1175 1191/1174/1174
f 1177/1160/1160 1193/1176/1176 1192/1175/1175
f 1180/1163/1163 1194/1177/1177 1179/1162/1162
f 1181/1164/1164 1195/1178/1178 1180/1163/1163
f 1182/1165/1165 1196/1179/1179 1181/1164/1164
f 1183/1166/1166 1197/1180/1180 1182/1165/1165
f 1184/1167/1167 1198/1181/1181 1183/1166/1166
f 1185/1168/1168 1199/1182/1182 1184/1167/1167
f 1186/1170/1170 1200/1183/1183 1185/1168/1168
f 1186/1170/1170 1202/1184/1184 1201/1185/1185
f 1187/1169/1169 1203/1186/1186 1202/1184/1184
f 1188/1171/1171 1204/1187/1187 1203/1186/1186
f 1189/1172/1172 1205/1188/1188 1204/1187/1187
f 1190/1173/1173 1206/1189/1189 1205/1188/1188
f 1191/1174/1174 1207/1190/1190 1206/1189/1189
f 1192/1175/1175 1208/1191/1191 1207/1190/1190
f 1195/1178/1178 1209/1192/1192 1194/1177/1177
f 1196/1179/1179 1210/1193/1193 1195/1178/1178
f 1197/1180/1180 1211/1194/1194 1196/1179/1179
f 1198/1181/1181 1212/1195/1195 1197/1180/1180
f 1199/1182/1182 1213/1196/1196 1198/1181/1181
f 1200/1183/1183 1214/1197/1197 1199/1182/1182
f 1201/1185/1185 1215/1198/1198 1200/1183/1183
f 1201/1185/1185 1217/1199/1199 1216/1200/1200
f 1202/1184/1184 1218/1201/1201 1217/1199/1199
f 1203/1186/1186 1219/1202/1202 1218/1201/1201
f 1204/1187/1187 1220/1203/1203 1219/1202/1202
f 1205/1188/1188 1221/1204/1204 1220/1203/1203
f 1206/1189/1189 1222/1205/1205 1221/1204/1204
f 1207/1190/1190 1223/1206/1206 1222/1205/1205
f 1210/1193/1193 1224/1207/1207 1209/1192/1192
f 1211/1194/1194 1225/1208/1208 1210/1193/1193
f 1212/1195/1195 1226/1209/1209 1211/1194/1194
f 1213/1196/1196 1227/1210/1210 1212/1195/1195
f 1214/1197/1197 1228/1211/1211 1213/1196/1196
f 1215/1198/1198 1229/1212/1212 1214/1197/1197
f 1216/1200/1200 1230/1213/1213 1215/1198/1198
f 1216/1200/1200 1232/1214/1214 1231/1215/1215
f 1217/1199/1199 1233/1216/1216 1232/1214/1214
f 1218/1201/1201 1234/1217/1217 1233/1216/1216
f 1219/1202/1202 1235/1218/1218 1234/1217/1217
f 1220/1203/1203 1236/1219/1219 1235/1218/1218
f 1221/1204/1204 1237/1220/1220 1236/1219/1219
f 1222/1205/1205 1238/1221/1221 1237/1220/1220
f 1225/1208/1208 1239/1222/1222 1224/1207/1207
f 1226/1209/1209 1240/1223/1223 1225/1208/1208
f 1227/1210/1210 1241/1224/1224 1226/1209/1209
f 1228/1211/1211 1242/1225/1225 1227/1210/1210
f 1229/1212/1212 1243/1226/1226 1228/1211/1211
f 1230/1213/1213 1244/1227/1227 1229/1212/1212
f 1231/1215/1215 1245/1228/1228 1230/1213/1213
f 1231/1215/1215 1247/1229/1229 1246/1230/1230
f 1232/1214/1214 1248/1231/1231 1247/1229/1229
f 1233/1216/1216 1249/1232/1232 1248/1231/1231
f 1234/1217/1217 1250/1233/1233 1249/1232/1232
f 1235/1218/1218 1251/1234/1234 1250/1233/1233
f 1236/1219/1219 1252/1235/1235 1251/1234/1234
f 1237/1220/1220 1253/1236/1236 1252/1235/1235
f 1240/1223/1223 1254/1237/1237 1239/1222/1222
f 1241/1224/1224 1255/1238/1238 1240/1223/1223
f 1242/1225/1225 1256/1239/1239 1241/1224/1224
f 1243/1226/1226 1257/1240/1240 1242/1225/1225
f 1244/1227/1227 1258/1241/1241 1243/1226/1226
f 1245/1228/1228 1259/1242/1242 1244/1227/1227
f 1246/1230/1230 1260/1243/1243 1245/1228/1228
f 1246/1230/1230 1262/1244/1244 1261/1245/1245
f 1247/1229/1229 1263/1246/1246 1262/1244/1244
f 1248/1231/1231 1264/1247/1247 1263/1246/1246
f 1249/1232/1232 1265/1248/1248 1264/1247/1247
f 1250/1233/1233 1266/1249/1249 1265/1248/1248
f 1251/1234/1234 1267/1250/1250 1266/1249/1249
f 1252/1235/1235 1268/1251/1251 1267/1250/1250
f 1255/1238/1238 1269/1252/1252 1254/1237/1237
f 1256/1239/1239 1270/1253/1253 1255/1238/1238
f 1257/1240/1240 1271/1254/1254 1256/1239/1239
f 1258/1241/1241 1272/1255/1255 1257/1240/1240
f 1259/1242/1242 1273/1256/1256 1258/1241/1241
f 1260/1243/1243 1274/1257/1257 1259/1242/1242
f 1261/1245/1245 1275/1258/1258 1260/1243/1243
f 1261/1245/1245 1277/1259/1259 1276/1260/1260
f 1262/1244/1244 1278/1261/1261 1277/1259/1259
f 1263/1246/1246 1279/1262/1262 1278/1261/1261
f 1264/1247/1247 1280/1263/1263 1279/1262/1262
f 1265/1248/1248 1281/1264/1264 1280/1263/1263
f 1266/1249/1249 1282/1265/1265 1281/1264/1264
f 1267/1250/1250 1283/1266/1266 1282/1265/1265
f 1270/1253/1253 1284/1267/1267 1269/1252/1252
f 1271/1254/1254 1285/1268/1268 1270/1253/1253
f 1272/1255/1255 1286/1269/1269 1271/1254/1254
f 1273/1256/1256 1287/1270/1270 1272/1255/1255
f 1274/1257/1257 1288/1271/1271 1273/1256/1256
f 1275/1258/1258 1289/1272/1272 1274/1257/1257
f 1276/1260/1260 1290/1273/1273 1275/1258/1258
f 1276/1260/1260 1292/1274/1274 1291/1275/1275
f 1277/1259/1259 1293/1276/1276 1292/1274/1274
f 1278/1261/1261 1294/1277/1277 1293/1276/1276
f 1279/1262/1262 1295/1278/1278 1294/1277/1277
f 1280/1263/1263 1296/1279/1279 1295/1278/1278
f 1281/1264/1264 1297/1280/1280 1296/1279/1279
f 1282/1265/1265 1298/1281/1281 1297/1280/1280
f 1285/1268/1268 1299/1282/1282 1284/1267/1267
f 1286/1269/1269 1300/1283/1283 1285/1268/1268
f 1287/1270/1270 1301/1284/1284 1286/1269/1269
f 1288/1271/1271 1302/1285/1285 1287/1270/1270
f 1289/1272/1272 1303/1286/1286 1288/1271/1271
f 1290/1273/1273 1304/1287/1287 1289/1272/1272
f 1291/1275/1275 1305/1288/1288 1290/1273/1273
f 1291/1275/1275 1307/1289/1289 1306/1290/1290
f 1292/1274/1274 1308/1291/1291 1307/1289/1289
f 1293/1276/1276 1309/1292/1292 1308/1291/1291
f 1294/1277/1277 1310/1293/1293 1309/1292/1292
f 1295/1278/1278 1311/1294/1294 1310/1293/1293
f 1296/1279/1279 1312/1295/1295 1311/1294/1294
f 1297/1280/1280 1313/1296/1296 1312/1295/1295
f 9/1297/1297 129/530/530 3/1298/1298
f 10/1299/1299 1089/1075/1075 9/1297/1297
f 11/1300/1300 1090/1073/1073 10/1299/1299
f 12/1301/1301 1091/1076/1076 11/1300/1300
f 13/1302/1302 1092/1078/1078 12/1301/1301
f 14/1303/1303 1093/1080/1080 13/1302/1302
f 15/1304/1304 1094/1082/1082 14/1303/1303
f 16/1305/1305 1095/1084/1084 15/1304/1304
f 16/1305/1305 1097/1090/1090 1096/1086/1086
f 17/1306/1306 1098/1092/1092 1097/1090/1090
f 18/1307/1307 1099/1094/1094 1098/1092/1092
f 19/1308/1308 1100/1096/1096 1099/1094/1094
f 20/1309/1309 1101/1098/1098 1100/1096/1096
f 21/1310/1310 1102/1100/1100 1101/1098/1098
f 22/1311/1311 1103/1312/1312 1102/1100/1100
f 23/1313/1313 188/785/785 1103/1312/1312
f 1103/1312/1312 187/831/831 1118/1101/1101
f 1118/1101/1101 186/830/830 1133/1116/1116
f 1133/1116/1116 185/829/829 1148/1131/1131
f 1148/1131/1131 184/828/828 1163/1146/1146
f 1163/1146/1146 183/827/827 1178/1161/1161
f 1178/1161/1161 182/826/826 1193/1176/1176
f 1193/1176/1176 181/825/825 1208/1191/1191
f 1208/1191/1191 180/824/824 1223/1206/1206
f 1223/1206/1206 179/823/823 1238/1221/1221
f 1238/1221/1221 178/822/822 1253/1236/1236
f 1253/1236/1236 177/821/821 1268/1251/1251
f 1268/1251/1251 176/820/820 1283/1266/1266
f 1283/1266/1266 175/819/819 1298/1281/1281
f 1298/1281/1281 174/818/818 1313/1296/1296
f 1313/1296/1296 5/226/226 83/225/225
f 1312/1295/1295 83/225/225 82/287/287
f 1311/1294/1294 82/287/287 81/286/286
f 1310/1293/1293 81/286/286 80/285/285
f 1309/1292/1292 80/285/285 79/284/284
f 1308/1291/1291 79/284/284 78/283/283
f 1307/1289/1289 78/283/283 77/282/282
f 1306/1290/1290 77/282/282 76/281/281
f 1306/1290/1290 75/280/280 1305/1288/1288
f 1305/1288/1288 74/279/279 1304/1287/1287
f 1304/1287/1287 73/278/278 1303/1286/1286
f 1303/1286/1286 72/277/277 1302/1285/1285
f 1302/1285/1285 71/276/276 1301/1284/1284
f 1301/1284/1284 70/275/275 1300/1283/1283
f 1300/1283/1283 69/273/273 1299/1282/1282
f 1299/1282/1282 7/274/274 143/544/544
f 1284/1267/1267 143/544/544 142/543/543
f 1269/1252/1252 142/543/543 141/542/542
f 1254/1237/1237 141/542/542 140/541/541
f 1239/1222/1222 140/541/541 139/540/540
f 1224/1207/1207 139/540/540 138/539/539
f 1209/1192/1192 138/539/539 137/538/538
f 1194/1177/1177 137/538/538 136/537/537
f 1179/1162/1162 136/537/537 135/536/536
f 1164/1147/1147 135/536/536 134/535/535
f 1149/1132/1132 134/535/535 133/534/534
f 1134/1117/1117 133/534/534 132/533/533
f 1119/1102/1102 132/533/533 131/532/532
f 1104/1074/1074 131/532/532 130/531/531
f 1089/1075/1075 130/531/531 129/530/530
f 190/1/1 205/5/5 204/2/2
f 191/4/4 206/7/7 205/5/5
f 192/6/6 207/9/9 206/7/7
f 193/8/8 208/11/11 207/9/9
f 194/10/10 209/13/13 208/11/11
f 195/12/12 210/15/15 209/13/13
f 196/14/14 211/17/17 210/15/15
f 196/14/14 197/18/18 212/16/16
f 197/18/18 198/20/20 213/19/19
f 198/20/20 199/22/22 214/21/21
f 199/22/22 200/24/24 215/23/23
f 200/24/24 201/26/26 216/25/25
f 201/26/26 202/28/28 217/27/27
f 202/28/28 203/240/240 218/29/29
f 205/5/5 220/31/31 219/30/30
f 206/7/7 221/32/32 220/31/31
f 207/9/9 222/33/33 221/32/32
f 208/11/11 223/34/34 222/33/33
f 209/13/13 224/35/35 223/34/34
f 210/15/15 225/37/37 224/35/35
f 210/15/15 211/17/17 226/36/36
f 211/17/17 212/16/16 227/38/38
f 212/16/16 213/19/19 228/39/39
f 213/19/19 214/21/21 229/40/40
f 214/21/21 215/23/23 230/41/41
f 215/23/23 216/25/25 231/42/42
f 216/25/25 217/27/27 232/43/43
f 217/27/27 218/29/29 233/44/44
f 220/31/31 235/46/46 234/45/45
f 221/32/32 236/47/47 235/46/46
f 222/33/33 237/48/48 236/47/47
f 223/34/34 238/49/49 237/48/48
f 224/35/35 239/51/51 238/49/49
f 224/35/35 225/37/37 240/50/50
f 225/37/37 226/36/36 241/52/52
f 227/38/38 242/53/53 241/52/52
f 228/39/39 243/54/54 242/53/53
f 229/40/40 244/56/56 243/54/54
f 229/40/40 230/41/41 245/55/55
f 230/41/41 231/42/42 246/57/57
f 231/42/42 232/43/43 247/58/58
f 232/43/43 233/44/44 248/59/59
f 235/46/46 250/61/61 249/60/60
f 236/47/47 251/62/62 250/61/61
f 237/48/48 252/64/64 251/62/62
f 237/48/48 238/49/49 253/63/63
f 238/49/49 239/51/51 254/65/65
f 239/51/51 240/50/50 255/66/66
f 240/50/50 241/52/52 256/67/67
f 242/53/53 257/68/68 256/67/67
f 243/54/54 258/69/69 257/68/68
f 244/56/56 259/70/70 258/69/69
f 245/55/55 260/72/72 259/70/70
f 245/55/55 246/57/57 261/71/71
f 246/57/57 247/58/58 262/73/73
f 247/58/58 248/59/59 263/74/74
f 250/61/61 265/76/76 264/75/75
f 251/62/62 266/78/78 265/76/76
f 251/62/62 252/64/64 267/77/77
f 252/64/64 253/63/63 268/79/79
f 253/63/63 254/65/65 269/80/80
f 254/65/65 255/66/66 270/81/81
f 255/66/66 256/67/67 271/82/82
f 257/68/68 272/83/83 271/82/82
f 258/69/69 273/84/84 272/83/83
f 259/70/70 274/85/85 273/84/84
f 260/72/72 275/86/86 274/85/85
f 261/71/71 276/88/88 275/86/86
f 261/71/71 262/73/73 277/87/87
f 262/73/73 263/74/74 278/89/89
f 265/76/76 280/91/91 279/90/90
f 266/78/78 281/93/93 280/91/91
f 266/78/78 267/77/77 282/92/92
f 267/77/77 268/79/79 283/94/94
f 268/79/79 269/80/80 284/95/95
f 269/80/80 270/81/81 285/96/96
f 270/81/81 271/82/82 286/97/97
f 272/83/83 287/98/98 286/97/97
f 273/84/84 288/99/99 287/98/98
f 274/85/85 289/100/100 288/99/99
f 275/86/86 290/101/101 289/100/100
f 276/88/88 291/103/103 290/101/101
f 276/88/88 277/87/87 292/102/102
f 277/87/87 278/89/89 293/104/104
f 280/91/91 295/106/106 294/105/105
f 281/93/93 296/108/108 295/106/106
f 281/93/93 282/92/92 297/107/107
f 282/92/92 283/94/94 298/109/109
f 283/94/94 284/95/95 299/110/110
f 284/95/95 285/96/96 300/111/111
f 285/96/96 286/97/97 301/112/112
f 287/98/98 302/113/113 301/112/112
f 288/99/99 303/114/114 302/113/113
f 289/100/100 304/115/115 303/114/114
f 290/101/101 305/116/116 304/115/115
f 291/103/103 306/118/118 305/116/116
f 291/103/103 292/102/102 307/117/117
f 292/102/102 293/104/104 308/119/119
f 294/105/105 295/106/106 310/120/120
f 295/106/106 296/108/108 311/122/122
f 297/107/107 312/123/123 311/122/122
f 298/109/109 313/124/124 312/123/123
f 299/110/110 314/125/125 313/124/124
f 300/111/111 315/127/127 314/125/125
f 300/111/111 301/112/112 316/126/126
f 301/112/112 302/113/113 317/128/128
f 302/113/113 303/114/114 318/129/129
f 303/114/114 304/115/115 319/130/130
f 305/116/116 320/132/132 319/130/130
f 305/116/116 306/118/118 321/131/131
f 306/118/118 307/117/117 322/133/133
f 308/119/119 323/147/147 322/133/133
f 309/121/121 310/120/120 325/134/134
f 310/120/120 311/122/122 326/136/136
f 312/123/123 327/137/137 326/136/136
f 313/124/124 328/138/138 327/137/137
f 314/125/125 329/139/139 328/138/138
f 315/127/127 330/140/140 329/139/139
f 316/126/126 331/142/142 330/140/140
f 316/126/126 317/128/128 332/141/141
f 317/128/128 318/129/129 333/143/143
f 318/129/129 319/130/130 334/144/144
f 319/130/130 320/132/132 335/145/145
f 320/132/132 321/131/131 336/146/146
f 322/133/133 337/148/148 336/146/146
f 323/147/147 338/162/162 337/148/148
f 324/135/135 325/134/134 340/149/149
f 325/134/134 326/136/136 341/151/151
f 327/137/137 342/152/152 341/151/151
f 328/138/138 343/153/153 342/152/152
f 329/139/139 344/154/154 343/153/153
f 330/140/140 345/155/155 344/154/154
f 331/142/142 346/157/157 345/155/155
f 331/142/142 332/141/141 347/156/156
f 332/141/141 333/143/143 348/158/158
f 333/143/143 334/144/144 349/159/159
f 334/144/144 335/145/145 350/160/160
f 335/145/145 336/146/146 351/161/161
f 337/148/148 352/163/163 351/161/161
f 338/162/162 353/177/177 352/163/163
f 339/150/150 340/149/149 355/164/164
f 340/149/149 341/151/151 356/166/166
f 341/151/151 342/152/152 357/167/167
f 343/153/153 358/168/168 357/167/167
f 344/154/154 359/169/169 358/168/168
f 345/155/155 360/170/170 359/169/169
f 346/157/157 361/172/172 360/170/170
f 346/157/157 347/156/156 362/171/171
f 347/156/156 348/158/158 363/173/173
f 348/158/158 349/159/159 364/174/174
f 349/159/159 350/160/160 365/175/175
f 351/161/161 366/176/176 365/175/175
f 352/163/163 367/178/178 366/176/176
f 353/177/177 368/192/192 367/178/178
f 354/165/165 355/164/164 370/179/179
f 355/164/164 356/166/166 371/181/181
f 356/166/166 357/167/167 372/182/182
f 357/167/167 358/168/168 373/183/183
f 359/169/169 374/184/184 373/183/183
f 360/170/170 375/185/185 374/184/184
f 361/172/172 376/186/186 375/185/185
f 362/171/171 377/188/188 376/186/186
f 362/171/171 363/173/173 378/187/187
f 363/173/173 364/174/174 379/189/189
f 365/175/175 380/190/190 379/189/189
f 366/176/176 381/191/191 380/190/190
f 367/178/178 382/193/193 381/191/191
f 368/192/192 383/207/207 382/193/193
f 369/180/180 370/179/179 385/194/194
f 370/179/179 371/181/181 386/196/196
f 371/181/181 372/182/182 387/197/197
f 372/182/182 373/183/183 388/198/198
f 373/183/183 374/184/184 389/199/199
f 374/184/184 375/185/185 390/200/200
f 376/186/186 391/202/202 390/200/200
f 376/186/186 377/188/188 392/201/201
f 378/187/187 393/203/203 392/201/201
f 379/189/189 394/204/204 393/203/203
f 380/190/190 395/205/205 394/204/204
f 381/191/191 396/206/206 395/205/205
f 382/193/193 397/208/208 396/206/206
f 383/207/207 398/222/222 397/208/208
f 384/195/195 385/194/194 400/209/209
f 385/194/194 386/196/196 401/211/211
f 386/196/196 387/197/197 402/212/212
f 387/197/197 388/198/198 403/213/213
f 388/198/198 389/199/199 404/214/214
f 389/199/199 390/200/200 405/215/215
f 390/200/200 391/202/202 406/216/216
f 392/201/201 407/217/217 406/216/216
f 393/203/203 408/218/218 407/217/217
f 394/204/204 409/219/219 408/218/218
f 395/205/205 410/220/220 409/219/219
f 396/206/206 411/221/221 410/220/220
f 397/208/208 412/223/223 411/221/221
f 398/222/222 413/256/256 412/223/223
f 84/224/224 189/3/3 83/225/225
f 85/227/227 190/1/1 189/3/3
f 86/228/228 191/4/4 190/1/1
f 87/229/229 192/6/6 191/4/4
f 88/230/230 193/8/8 192/6/6
f 89/231/231 194/10/10 193/8/8
f 90/232/232 195/12/12 194/10/10
f 91/233/233 196/14/14 195/12/12
f 91/233/233 92/234/234 197/18/18
f 92/234/234 93/235/235 198/20/20
f 93/235/235 94/236/236 199/22/22
f 94/236/236 95/237/237 200/24/24
f 95/237/237 96/238/238 201/26/26
f 96/238/238 97/239/239 202/28/28
f 97/239/239 98/241/241 203/240/240
f 98/241/241 6/817/817 99/242/242
f 203/240/240 99/242/242 100/243/243
f 218/29/29 100/243/243 101/244/244
f 233/44/44 101/244/244 102/245/245
f 248/59/59 102/245/245 103/246/246
f 263/74/74 103/246/246 104/247/247
f 278/89/89 104/247/247 105/248/248
f 293/104/104 105/248/248 106/249/249
f 106/249/249 107/250/250 323/147/147
f 107/250/250 108/251/251 338/162/162
f 108/251/251 109/252/252 353/177/177
f 109/252/252 110/253/253 368/192/192
f 110/253/253 111/254/254 383/207/207
f 111/254/254 112/255/255 398/222/222
f 112/255/255 113/257/257 413/256/256
f 113/257/257 8/545/545 114/258/258
f 413/256/256 114/258/258 115/259/259
f 412/223/223 115/259/259 116/260/260
f 411/221/221 116/260/260 117/261/261
f 410/220/220 117/261/261 118/262/262
f 409/219/219 118/262/262 119/263/263
f 408/218/218 119/263/263 120/264/264
f 407/217/217 120/264/264 121/265/265
f 405/215/215 406/216/216 121/265/265
f 404/214/214 405/215/215 122/266/266
f 403/213/213 404/214/214 123/267/267
f 402/212/212 403/213/213 124/268/268
f 401/211/211 402/212/212 125/269/269
f 400/209/209 401/211/211 126/270/270
f 399/210/210 400/209/209 127/271/271
f 69/273/273 399/210/210 128/272/272
f 70/275/275 384/195/195 399/210/210
f 71/276/276 369/180/180 384/195/195
f 72/277/277 354/165/165 369/180/180
f 73/278/278 339/150/150 354/165/165
f 74/279/279 324/135/135 339/150/150
f 75/280/280 309/121/121 324/135/135
f 76/281/281 294/105/105 309/121/121
f 279/90/90 294/105/105 76/281/281
f 264/75/75 279/90/90 77/282/282
f 249/60/60 264/75/75 78/283/283
f 234/45/45 249/60/60 79/284/284
f 219/30/30 234/45/45 80/285/285
f 204/2/2 219/30/30 81/286/286
f 189/3/3 204/2/2 82/287/287
f 415/288/288 430/292/292 429/289/289
f 416/291/291 431/294/294 430/292/292
f 417/293/293 432/296/296 431/294/294
f 418/295/295 433/298/298 432/296/296
f 419/297/297 434/300/300 433/298/298
f 420/299/299 435/302/302 434/300/300
f 421/301/301 436/304/304 435/302/302
f 421/301/301 422/305/305 437/303/303
f 422/305/305 423/307/307 438/306/306
f 423/307/307 424/309/309 439/308/308
f 424/309/309 425/311/311 440/310/310
f 425/311/311 426/313/313 441/312/312
f 426/313/313 427/315/315 442/314/314
f 427/315/315 428/528/528 443/316/316
f 430/292/292 445/318/318 444/317/317
f 431/294/294 446/319/319 445/318/318
f 432/296/296 447/320/320 446/319/319
f 433/298/298 448/321/321 447/320/320
f 434/300/300 449/322/322 448/321/321
f 435/302/302 450/323/323 449/322/322
f 436/304/304 451/325/325 450/323/323
f 436/304/304 437/303/303 452/324/324
f 437/303/303 438/306/306 453/326/326
f 438/306/306 439/308/308 454/327/327
f 439/308/308 440/310/310 455/328/328
f 440/310/310 441/312/312 456/329/329
f 441/312/312 442/314/314 457/330/330
f 442/314/314 443/316/316 458/331/331
f 445/318/318 460/333/333 459/332/332
f 446/319/319 461/334/334 460/333/333
f 447/320/320 462/335/335 461/334/334
f 448/321/321 463/336/336 462/335/335
f 449/322/322 464/337/337 463/336/336
f 450/323/323 465/338/338 464/337/337
f 451/325/325 466/340/340 465/338/338
f 451/325/325 452/324/324 467/339/339
f 452/324/324 453/326/326 468/341/341
f 453/326/326 454/327/327 469/342/342
f 454/327/327 455/328/328 470/343/343
f 455/328/328 456/329/329 471/344/344
f 456/329/329 457/330/330 472/345/345
f 457/330/330 458/331/331 473/346/346
f 460/333/333 475/348/348 474/347/347
f 461/334/334 476/349/349 475/348/348
f 462/335/335 477/350/350 476/349/349
f 463/336/336 478/351/351 477/350/350
f 464/337/337 479/352/352 478/351/351
f 465/338/338 480/353/353 479/352/352
f 466/340/340 481/355/355 480/353/353
f 466/340/340 467/339/339 482/354/354
f 467/339/339 468/341/341 483/356/356
f 468/341/341 469/342/342 484/357/357
f 469/342/342 470/343/343 485/358/358
f 470/343/343 471/344/344 486/359/359
f 471/344/344 472/345/345 487/360/360
f 472/345/345 473/346/346 488/361/361
f 475/348/348 490/363/363 489/362/362
f 476/349/349 491/364/364 490/363/363
f 477/350/350 492/365/365 491/364/364
f 478/351/351 493/366/366 492/365/365
f 479/352/352 494/367/367 493/366/366
f 480/353/353 495/368/368 494/367/367
f 481/355/355 496/370/370 495/368/368
f 481/355/355 482/354/354 497/369/369
f 482/354/354 483/356/356 498/371/371
f 483/356/356 484/357/357 499/372/372
f 484/357/357 485/358/358 500/373/373
f 485/358/358 486/359/359 501/374/374
f 486/359/359 487/360/360 502/375/375
f 487/360/360 488/361/361 503/376/376
f 490/363/363 505/378/378 504/377/377
f 491/364/364 506/379/379 505/378/378
f 492/365/365 507/380/380 506/379/379
f 493/366/366 508/381/381 507/380/380
f 494/367/367 509/382/382 508/381/381
f 495/368/368 510/383/383 509/382/382
f 496/370/370 511/385/385 510/383/383
f 496/370/370 497/369/369 512/384/384
f 497/369/369 498/371/371 513/386/386
f 498/371/371 499/372/372 514/387/387
f 499/372/372 500/373/373 515/388/388
f 500/373/373 501/374/374 516/389/389
f 501/374/374 502/375/375 517/390/390
f 502/375/375 503/376/376 518/391/391
f 505/378/378 520/393/393 519/392/392
f 506/379/379 521/394/394 520/393/393
f 507/380/380 522/395/395 521/394/394
f 508/381/381 523/396/396 522/395/395
f 509/382/382 524/397/397 523/396/396
f 510/383/383 525/398/398 524/397/397
f 511/385/385 526/400/400 525/398/398
f 511/385/385 512/384/384 527/399/399
f 512/384/384 513/386/386 528/401/401
f 513/386/386 514/387/387 529/402/402
f 514/387/387 515/388/388 530/403/403
f 515/388/388 516/389/389 531/404/404
f 516/389/389 517/390/390 532/405/405
f 517/390/390 518/391/391 533/406/406
f 520/393/393 535/408/408 534/407/407
f 521/394/394 536/409/409 535/408/408
f 522/395/395 537/410/410 536/409/409
f 523/396/396 538/411/411 537/410/410
f 524/397/397 539/412/412 538/411/411
f 525/398/398 540/413/413 539/412/412
f 526/400/400 541/415/415 540/413/413
f 526/400/400 527/399/399 542/414/414
f 527/399/399 528/401/401 543/416/416
f 528/401/401 529/402/402 544/417/417
f 529/402/402 530/403/403 545/418/418
f 530/403/403 531/404/404 546/419/419
f 531/404/404 532/405/405 547/420/420
f 532/405/405 533/406/406 548/421/421
f 535/408/408 550/423/423 549/422/422
f 536/409/409 551/424/424 550/423/423
f 537/410/410 552/425/425 551/424/424
f 538/411/411 553/426/426 552/425/425
f 539/412/412 554/427/427 553/426/426
f 540/413/413 555/428/428 554/427/427
f 541/415/415 556/430/430 555/428/428
f 541/415/415 542/414/414 557/429/429
f 542/414/414 543/416/416 558/431/431
f 543/416/416 544/417/417 559/432/432
f 544/417/417 545/418/418 560/433/433
f 545/418/418 546/419/419 561/434/434
f 546/419/419 547/420/420 562/435/435
f 547/420/420 548/421/421 563/436/436
f 550/423/423 565/438/438 564/437/437
f 551/424/424 566/439/439 565/438/438
f 552/425/425 567/440/440 566/439/439
f 553/426/426 568/441/441 567/440/440
f 554/427/427 569/442/442 568/441/441
f 555/428/428 570/443/443 569/442/442
f 556/430/430 571/445/445 570/443/443
f 556/430/430 557/429/429 572/444/444
f 557/429/429 558/431/431 573/446/446
f 558/431/431 559/432/432 574/447/447
f 559/432/432 560/433/433 575/448/448
f 560/433/433 561/434/434 576/449/449
f 561/434/434 562/435/435 577/450/450
f 562/435/435 563/436/436 578/451/451
f 565/438/438 580/453/453 579/452/452
f 566/439/439 581/454/454 580/453/453
f 567/440/440 582/455/455 581/454/454
f 568/441/441 583/456/456 582/455/455
f 569/442/442 584/457/457 583/456/456
f 570/443/443 585/458/458 584/457/457
f 571/445/445 586/460/460 585/458/458
f 571/445/445 572/444/444 587/459/459
f 572/444/444 573/446/446 588/461/461
f 573/446/446 574/447/447 589/462/462
f 574/447/447 575/448/448 590/463/463
f 575/448/448 576/449/449 591/464/464
f 576/449/449 577/450/450 592/465/465
f 577/450/450 578/451/451 593/466/466
f 580/453/453 595/468/468 594/467/467
f 581/454/454 596/469/469 595/468/468
f 582/455/455 597/470/470 596/469/469
f 583/456/456 598/471/471 597/470/470
f 584/457/457 599/472/472 598/471/471
f 585/458/458 600/473/473 599/472/472
f 586/460/460 601/475/475 600/473/473
f 586/460/460 587/459/459 602/474/474
f 587/459/459 588/461/461 603/476/476
f 588/461/461 589/462/462 604/477/477
f 589/462/462 590/463/463 605/478/478
f 590/463/463 591/464/464 606/479/479
f 591/464/464 592/465/465 607/480/480
f 592/465/465 593/466/466 608/481/481
f 595/468/468 610/483/483 609/482/482
f 596/469/469 611/484/484 610/483/483
f 597/470/470 612/485/485 611/484/484
f 598/471/471 613/486/486 612/485/485
f 599/472/472 614/487/487 613/486/486
f 600/473/473 615/488/488 614/487/487
f 601/475/475 616/490/490 615/488/488
f 601/475/475 602/474/474 617/489/489
f 602/474/474 603/476/476 618/491/491
f 603/476/476 604/477/477 619/492/492
f 604/477/477 605/478/478 620/493/493
f 605/478/478 606/479/479 621/494/494
f 606/479/479 607/480/480 622/495/495
f 607/480/480 608/481/481 623/496/496
f 610/483/483 625/498/498 624/497/497
f 611/484/484 626/499/499 625/498/498
f 612/485/485 627/500/500 626/499/499
f 613/486/486 628/501/501 627/500/500
f 614/487/487 629/502/502 628/501/501
f 615/488/488 630/503/503 629/502/502
f 616/490/490 631/505/505 630/503/503
f 616/490/490 617/489/489 632/504/504
f 617/489/489 618/491/491 633/506/506
f 618/491/491 619/492/492 634/507/507
f 619/492/492 620/493/493 635/508/508
f 620/493/493 621/494/494 636/509/509
f 621/494/494 622/495/495 637/510/510
f 622/495/495 623/496/496 638/511/511
f 54/512/512 414/290/290 158/513/513
f 55/515/515 415/288/288 414/290/290
f 56/516/516 416/291/291 415/288/288
f 57/517/517 417/293/293 416/291/291
f 58/518/518 418/295/295 417/293/293
f 59/519/519 419/297/297 418/295/295
f 60/520/520 420/299/299 419/297/297
f 61/521/521 421/301/301 420/299/299
f 61/521/521 62/522/522 422/305/305
f 62/522/522 63/523/523 423/307/307
f 63/523/523 64/524/524 424/309/309
f 64/524/524 65/525/525 425/311/311
f 65/525/525 66/526/526 426/313/313
f 66/526/526 67/527/527 427/315/315
f 67/527/527 68/529/529 428/528/528
f 68/529/529 3/1298/1298 129/530/530
f 428/528/528 129/530/530 130/531/531
f 443/316/316 130/531/531 131/532/532
f 458/331/331 131/532/532 132/533/533
f 473/346/346 132/533/533 133/534/534
f 488/361/361 133/534/534 134/535/535
f 503/376/376 134/535/535 135/536/536
f 518/391/391 135/536/536 136/537/537
f 533/406/406 136/537/537 137/538/538
f 548/421/421 137/538/538 138/539/539
f 563/436/436 138/539/539 139/540/540
f 578/451/451 139/540/540 140/541/541
f 593/466/466 140/541/541 141/542/542
f 608/481/481 141/542/542 142/543/543
f 623/496/496 142/543/543 143/544/544
f 638/511/511 143/544/544 7/274/274
f 637/510/510 638/511/511 128/272/272
f 636/509/509 637/510/510 127/271/271
f 635/508/508 636/509/509 126/270/270
f 634/507/507 635/508/508 125/269/269
f 633/506/506 634/507/507 124/268/268
f 632/504/504 633/506/506 123/267/267
f 631/505/505 632/504/504 122/266/266
f 631/505/505 121/265/265 120/264/264
f 630/503/503 120/264/264 119/263/263
f 629/502/502 119/263/263 118/262/262
f 628/501/501 118/262/262 117/261/261
f 627/500/500 117/261/261 116/260/260
f 626/499/499 116/260/260 115/259/259
f 625/498/498 115/259/259 114/258/258
f 624/497/497 114/258/258 8/545/545
f 609/482/482 624/497/497 144/546/546
f 594/467/467 609/482/482 145/547/547
f 579/452/452 594/467/467 146/548/548
f 564/437/437 579/452/452 147/549/549
f 549/422/422 564/437/437 148/550/550
f 534/407/407 549/422/422 149/551/551
f 519/392/392 534/407/407 150/552/552
f 504/377/377 519/392/392 151/553/553
f 489/362/362 504/377/377 152/554/554
f 474/347/347 489/362/362 153/555/555
f 459/332/332 474/347/347 154/556/556
f 444/317/317 459/332/332 155/557/557
f 429/289/289 444/317/317 156/558/558
f 414/290/290 429/289/289 157/559/559
f 640/560/560 655/564/564 654/561/561
f 641/563/563 656/566/566 655/564/564
f 642/565/565 657/568/568 656/566/566
f 643/567/567 658/570/570 657/568/568
f 644/569/569 659/572/572 658/570/570
f 645/571/571 660/574/574 659/572/572
f 646/573/573 661/576/576 660/574/574
f 646/573/573 647/577/577 662/575/575
f 647/577/577 648/579/579 663/578/578
f 648/579/579 649/581/581 664/580/580
f 649/581/581 650/583/583 665/582/582
f 650/583/583 651/585/585 666/584/584
f 651/585/585 652/587/587 667/586/586
f 652/587/587 653/800/800 668/588/588
f 655/564/564 670/590/590 669/589/589
f 656/566/566 671/591/591 670/590/590
f 657/568/568 672/592/592 671/591/591
f 658/570/570 673/593/593 672/592/592
f 659/572/572 674/594/594 673/593/593
f 660/574/574 675/595/595 674/594/594
f 661/576/576 676/597/597 675/595/595
f 661/576/576 662/575/575 677/596/596
f 662/575/575 663/578/578 678/598/598
f 663/578/578 664/580/580 679/599/599
f 664/580/580 665/582/582 680/600/600
f 665/582/582 666/584/584 681/601/601
f 666/584/584 667/586/586 682/602/602
f 667/586/586 668/588/588 683/603/603
f 670/590/590 685/605/605 684/604/604
f 671/591/591 686/606/606 685/605/605
f 672/592/592 687/607/607 686/606/606
f 673/593/593 688/608/608 687/607/607
f 674/594/594 689/609/609 688/608/608
f 675/595/595 690/610/610 689/609/609
f 676/597/597 691/612/612 690/610/610
f 676/597/597 677/596/596 692/611/611
f 677/596/596 678/598/598 693/613/613
f 678/598/598 679/599/599 694/614/614
f 679/599/599 680/600/600 695/615/615
f 680/600/600 681/601/601 696/616/616
f 681/601/601 682/602/602 697/617/617
f 682/602/602 683/603/603 698/618/618
f 685/605/605 700/620/620 699/619/619
f 686/606/606 701/621/621 700/620/620
f 687/607/607 702/622/622 701/621/621
f 688/608/608 703/623/623 702/622/622
f 689/609/609 704/624/624 703/623/623
f 690/610/610 705/625/625 704/624/624
f 691/612/612 706/627/627 705/625/625
f 691/612/612 692/611/611 707/626/626
f 692/611/611 693/613/613 708/628/628
f 693/613/613 694/614/614 709/629/629
f 694/614/614 695/615/615 710/630/630
f 695/615/615 696/616/616 711/631/631
f 696/616/616 697/617/617 712/632/632
f 697/617/617 698/618/618 713/633/633
f 700/620/620 715/635/635 714/634/634
f 701/621/621 716/636/636 715/635/635
f 702/622/622 717/637/637 716/636/636
f 703/623/623 718/638/638 717/637/637
f 704/624/624 719/639/639 718/638/638
f 705/625/625 720/640/640 719/639/639
f 706/627/627 721/642/642 720/640/640
f 706/627/627 707/626/626 722/641/641
f 707/626/626 708/628/628 723/643/643
f 708/628/628 709/629/629 724/644/644
f 709/629/629 710/630/630 725/645/645
f 710/630/630 711/631/631 726/646/646
f 711/631/631 712/632/632 727/647/647
f 712/632/632 713/633/633 728/648/648
f 715/635/635 730/650/650 729/649/649
f 716/636/636 731/651/651 730/650/650
f 717/637/637 732/652/652 731/651/651
f 718/638/638 733/653/653 732/652/652
f 719/639/639 734/654/654 733/653/653
f 720/640/640 735/655/655 734/654/654
f 721/642/642 736/657/657 735/655/655
f 721/642/642 722/641/641 737/656/656
f 722/641/641 723/643/643 738/658/658
f 723/643/643 724/644/644 739/659/659
f 724/644/644 725/645/645 740/660/660
f 725/645/645 726/646/646 741/661/661
f 726/646/646 727/647/647 742/662/662
f 727/647/647 728/648/648 743/663/663
f 730/650/650 745/665/665 744/664/664
f 731/651/651 746/666/666 745/665/665
f 732/652/652 747/667/667 746/666/666
f 733/653/653 748/668/668 747/667/667
f 734/654/654 749/669/669 748/668/668
f 735/655/655 750/670/670 749/669/669
f 736/657/657 751/672/672 750/670/670
f 736/657/657 737/656/656 752/671/671
f 737/656/656 738/658/658 753/673/673
f 738/658/658 739/659/659 754/674/674
f 739/659/659 740/660/660 755/675/675
f 740/660/660 741/661/661 756/676/676
f 741/661/661 742/662/662 757/677/677
f 742/662/662 743/663/663 758/678/678
f 745/665/665 760/680/680 759/679/679
f 746/666/666 761/681/681 760/680/680
f 747/667/667 762/682/682 761/681/681
f 748/668/668 763/683/683 762/682/682
f 749/669/669 764/684/684 763/683/683
f 750/670/670 765/685/685 764/684/684
f 751/672/672 766/687/687 765/685/685
f 751/672/672 752/671/671 767/686/686
f 752/671/671 753/673/673 768/688/688
f 753/673/673 754/674/674 769/689/689
f 754/674/674 755/675/675 770/690/690
f 755/675/675 756/676/676 771/691/691
f 756/676/676 757/677/677 772/692/692
f 757/677/677 758/678/678 773/693/693
f 760/680/680 775/695/695 774/694/694
f 761/681/681 776/696/696 775/695/695
f 762/682/682 777/697/697 776/696/696
f 763/683/683 778/698/698 777/697/697
f 764/684/684 779/699/699 778/698/698
f 765/685/685 780/700/700 779/699/699
f 766/687/687 781/702/702 780/700/700
f 766/687/687 767/686/686 782/701/701
f 767/686/686 768/688/688 783/703/703
f 768/688/688 769/689/689 784/704/704
f 769/689/689 770/690/690 785/705/705
f 770/690/690 771/691/691 786/706/706
f 771/691/691 772/692/692 787/707/707
f 772/692/692 773/693/693 788/708/708
f 775/695/695 790/710/710 789/709/709
f 776/696/696 791/711/711 790/710/710
f 777/697/697 792/712/712 791/711/711
f 778/698/698 793/713/713 792/712/712
f 779/699/699 794/714/714 793/713/713
f 780/700/700 795/715/715 794/714/714
f 781/702/702 796/717/717 795/715/715
f 781/702/702 782/701/701 797/716/716
f 782/701/701 783/703/703 798/718/718
f 783/703/703 784/704/704 799/719/719
f 784/704/704 785/705/705 800/720/720
f 785/705/705 786/706/706 801/721/721
f 786/706/706 787/707/707 802/722/722
f 787/707/707 788/708/708 803/723/723
f 790/710/710 805/725/725 804/724/724
f 791/711/711 806/726/726 805/725/725
f 792/712/712 807/727/727 806/726/726
f 793/713/713 808/728/728 807/727/727
f 794/714/714 809/729/729 808/728/728
f 795/715/715 810/730/730 809/729/729
f 796/717/717 811/732/732 810/730/730
f 796/717/717 797/716/716 812/731/731
f 797/716/716 798/718/718 813/733/733
f 798/718/718 799/719/719 814/734/734
f 799/719/719 800/720/720 815/735/735
f 800/720/720 801/721/721 816/736/736
f 801/721/721 802/722/722 817/737/737
f 802/722/722 803/723/723 818/738/738
f 805/725/725 820/740/740 819/739/739
f 806/726/726 821/741/741 820/740/740
f 807/727/727 822/742/742 821/741/741
f 808/728/728 823/743/743 822/742/742
f 809/729/729 824/744/744 823/743/743
f 810/730/730 825/745/745 824/744/744
f 811/732/732 826/747/747 825/745/745
f 811/732/732 812/731/731 827/746/746
f 812/731/731 813/733/733 828/748/748
f 813/733/733 814/734/734 829/749/749
f 814/734/734 815/735/735 830/750/750
f 815/735/735 816/736/736 831/751/751
f 816/736/736 817/737/737 832/752/752
f 817/737/737 818/738/738 833/753/753
f 820/740/740 835/755/755 834/754/754
f 821/741/741 836/756/756 835/755/755
f 822/742/742 837/757/757 836/756/756
f 823/743/743 838/758/758 837/757/757
f 824/744/744 839/759/759 838/758/758
f 825/745/745 840/760/760 839/759/759
f 826/747/747 841/762/762 840/760/760
f 826/747/747 827/746/746 842/761/761
f 827/746/746 828/748/748 843/763/763
f 828/748/748 829/749/749 844/764/764
f 829/749/749 830/750/750 845/765/765
f 830/750/750 831/751/751 846/766/766
f 831/751/751 832/752/752 847/767/767
f 832/752/752 833/753/753 848/768/768
f 835/755/755 850/770/770 849/769/769
f 836/756/756 851/771/771 850/770/770
f 837/757/757 852/772/772 851/771/771
f 838/758/758 853/773/773 852/772/772
f 839/759/759 854/774/774 853/773/773
f 840/760/760 855/775/775 854/774/774
f 841/762/762 856/777/777 855/775/775
f 841/762/762 842/761/761 857/776/776
f 842/761/761 843/763/763 858/778/778
f 843/763/763 844/764/764 859/779/779
f 844/764/764 845/765/765 860/780/780
f 845/765/765 846/766/766 861/781/781
f 846/766/766 847/767/767 862/782/782
f 847/767/767 848/768/768 863/783/783
f 24/784/784 639/562/562 188/785/785
f 25/787/787 640/560/560 639/562/562
f 26/788/788 641/563/563 640/560/560
f 27/789/789 642/565/565 641/563/563
f 28/790/790 643/567/567 642/565/565
f 29/791/791 644/569/569 643/567/567
f 30/792/792 645/571/571 644/569/569
f 31/793/793 646/573/573 645/571/571
f 31/793/793 32/794/794 647/577/577
f 32/794/794 33/795/795 648/579/579
f 33/795/795 34/796/796 649/581/581
f 34/796/796 35/797/797 650/583/583
f 35/797/797 36/798/798 651/585/585
f 36/798/798 37/799/799 652/587/587
f 37/799/799 38/801/801 653/800/800
f 38/801/801 2/1057/1057 159/802/802
f 653/800/800 159/802/802 160/803/803
f 668/588/588 160/803/803 161/804/804
f 683/603/603 161/804/804 162/805/805
f 698/618/618 162/805/805 163/806/806
f 713/633/633 163/806/806 164/807/807
f 728/648/648 164/807/807 165/808/808
f 743/663/663 165/808/808 166/809/809
f 758/678/678 166/809/809 167/810/810
f 773/693/693 167/810/810 168/811/811
f 788/708/708 168/811/811 169/812/812
f 803/723/723 169/812/812 170/813/813
f 818/738/738 170/813/813 171/814/814
f 833/753/753 171/814/814 172/815/815
f 848/768/768 172/815/815 173/816/816
f 863/783/783 173/816/816 6/817/817
f 862/782/782 863/783/783 98/241/241
f 861/781/781 862/782/782 97/239/239
f 860/780/780 861/781/781 96/238/238
f 859/779/779 860/780/780 95/237/237
f 858/778/778 859/779/779 94/236/236
f 857/776/776 858/778/778 93/235/235
f 856/777/777 857/776/776 92/234/234
f 856/777/777 91/233/233 90/232/232
f 855/775/775 90/232/232 89/231/231
f 854/774/774 89/231/231 88/230/230
f 853/773/773 88/230/230 87/229/229
f 852/772/772 87/229/229 86/228/228
f 851/771/771 86/228/228 85/227/227
f 850/770/770 85/227/227 84/224/224
f 849/769/769 84/224/224 5/226/226
f 834/754/754 849/769/769 174/818/818
f 819/739/739 834/754/754 175/819/819
f 804/724/724 819/739/739 176/820/820
f 789/709/709 804/724/724 177/821/821
f 774/694/694 789/709/709 178/822/822
f 759/679/679 774/694/694 179/823/823
f 744/664/664 759/679/679 180/824/824
f 729/649/649 744/664/664 181/825/825
f 714/634/634 729/649/649 182/826/826
f 699/619/619 714/634/634 183/827/827
f 684/604/604 699/619/619 184/828/828
f 669/589/589 684/604/604 185/829/829
f 654/561/561 669/589/589 186/830/830
f 639/562/562 654/561/561 187/831/831
f 865/832/832 880/836/836 879/833/833
f 866/835/835 881/838/838 880/836/836
f 867/837/837 882/840/840 881/838/838
f 868/839/839 883/842/842 882/840/840
f 869/841/841 884/844/844 883/842/842
f 870/843/843 885/846/846 884/844/844
f 871/845/845 886/848/848 885/846/846
f 871/845/845 872/849/849 887/847/847
f 872/849/849 873/851/851 888/850/850
f 873/851/851 874/853/853 889/852/852
f 874/853/853 875/855/855 890/854/854
f 875/855/855 876/857/857 891/856/856
f 876/857/857 877/859/859 892/858/858
f 877/859/859 878/1071/1071 893/860/860
f 880/836/836 895/862/862 894/861/861
f 881/838/838 896/863/863 895/862/862
f 882/840/840 897/864/864 896/863/863
f 883/842/842 898/865/865 897/864/864
f 884/844/844 899/866/866 898/865/865
f 885/846/846 900/867/867 899/866/866
f 886/848/848 901/869/869 900/867/867
f 886/848/848 887/847/847 902/868/868
f 887/847/847 888/850/850 903/870/870
f 888/850/850 889/852/852 904/871/871
f 889/852/852 890/854/854 905/872/872
f 890/854/854 891/856/856 906/873/873
f 891/856/856 892/858/858 907/874/874
f 892/858/858 893/860/860 908/875/875
f 895/862/862 910/877/877 909/876/876
f 896/863/863 911/878/878 910/877/877
f 897/864/864 912/879/879 911/878/878
f 898/865/865 913/880/880 912/879/879
f 899/866/866 914/881/881 913/880/880
f 900/867/867 915/882/882 914/881/881
f 901/869/869 916/884/884 915/882/882
f 901/869/869 902/868/868 917/883/883
f 902/868/868 903/870/870 918/885/885
f 903/870/870 904/871/871 919/886/886
f 904/871/871 905/872/872 920/887/887
f 905/872/872 906/873/873 921/888/888
f 906/873/873 907/874/874 922/889/889
f 907/874/874 908/875/875 923/890/890
f 910/877/877 925/892/892 924/891/891
f 911/878/878 926/893/893 925/892/892
f 912/879/879 927/894/894 926/893/893
f 913/880/880 928/895/895 927/894/894
f 914/881/881 929/896/896 928/895/895
f 915/882/882 930/897/897 929/896/896
f 916/884/884 931/899/899 930/897/897
f 916/884/884 917/883/883 932/898/898
f 917/883/883 918/885/885 933/900/900
f 918/885/885 919/886/886 934/901/901
f 919/886/886 920/887/887 935/902/902
f 920/887/887 921/888/888 936/903/903
f 921/888/888 922/889/889 937/904/904
f 922/889/889 923/890/890 938/905/905
f 925/892/892 940/907/907 939/906/906
f 926/893/893 941/908/908 940/907/907
f 927/894/894 942/909/909 941/908/908
f 928/895/895 943/910/910 942/909/909
f 929/896/896 944/911/911 943/910/910
f 930/897/897 945/912/912 944/911/911
f 931/899/899 946/914/914 945/912/912
f 931/899/899 932/898/898 947/913/913
f 932/898/898 933/900/900 948/915/915
f 933/900/900 934/901/901 949/916/916
f 934/901/901 935/902/902 950/917/917
f 935/902/902 936/903/903 951/918/918
f 936/903/903 937/904/904 952/919/919
f 937/904/904 938/905/905 953/920/920
f 940/907/907 955/922/922 954/921/921
f 941/908/908 956/923/923 955/922/922
f 942/909/909 957/924/924 956/923/923
f 943/910/910 958/925/925 957/924/924
f 944/911/911 959/926/926 958/925/925
f 945/912/912 960/927/927 959/926/926
f 946/914/914 961/929/929 960/927/927
f 946/914/914 947/913/913 962/928/928
f 947/913/913 948/915/915 963/930/930
f 948/915/915 949/916/916 964/931/931
f 949/916/916 950/917/917 965/932/932
f 950/917/917 951/918/918 966/933/933
f 951/918/918 952/919/919 967/934/934
f 952/919/919 953/920/920 968/935/935
f 955/922/922 970/937/937 969/936/936
f 956/923/923 971/938/938 970/937/937
f 957/924/924 972/939/939 971/938/938
f 958/925/925 973/940/940 972/939/939
f 959/926/926 974/941/941 973/940/940
f 960/927/927 975/942/942 974/941/941
f 961/929/929 976/944/944 975/942/942
f 961/929/929 962/928/928 977/943/943
f 962/928/928 963/930/930 978/945/945
f 963/930/930 964/931/931 979/946/946
f 964/931/931 965/932/932 980/947/947
f 965/932/932 966/933/933 981/948/948
f 966/933/933 967/934/934 982/949/949
f 967/934/934 968/935/935 983/950/950
f 970/937/937 985/952/952 984/951/951
f 971/938/938 986/953/953 985/952/952
f 972/939/939 987/954/954 986/953/953
f 973/940/940 988/955/955 987/954/954
f 974/941/941 989/956/956 988/955/955
f 975/942/942 990/957/957 989/956/956
f 976/944/944 991/959/959 990/957/957
f 976/944/944 977/943/943 992/958/958
f 977/943/943 978/945/945 993/960/960
f 978/945/945 979/946/946 994/961/961
f 979/946/946 980/947/947 995/962/962
f 980/947/947 981/948/948 996/963/963
f 981/948/948 982/949/949 997/964/964
f 982/949/949 983/950/950 998/965/965
f 985/952/952 1000/967/967 999/966/966
f 986/953/953 1001/968/968 1000/967/967
f 987/954/954 1002/969/969 1001/968/968
f 988/955/955 1003/970/970 1002/969/969
f 989/956/956 1004/971/971 1003/970/970
f 990/957/957 1005/972/972 1004/971/971
f 991/959/959 1006/974/974 1005/972/972
f 991/959/959 992/958/958 1007/973/973
f 992/958/958 993/960/960 1008/975/975
f 993/960/960 994/961/961 1009/976/976
f 994/961/961 995/962/962 1010/977/977
f 995/962/962 996/963/963 1011/978/978
f 996/963/963 997/964/964 1012/979/979
f 997/964/964 998/965/965 1013/980/980
f 1000/967/967 1015/982/982 1014/981/981
f 1001/968/968 1016/983/983 1015/982/982
f 1002/969/969 1017/984/984 1016/983/983
f 1003/970/970 1018/985/985 1017/984/984
f 1004/971/971 1019/986/986 1018/985/985
f 1005/972/972 1020/987/987 1019/986/986
f 1006/974/974 1021/989/989 1020/987/987
f 1006/974/974 1007/973/973 1022/988/988
f 1007/973/973 1008/975/975 1023/990/990
f 1008/975/975 1009/976/976 1024/991/991
f 1009/976/976 1010/977/977 1025/992/992
f 1010/977/977 1011/978/978 1026/993/993
f 1011/978/978 1012/979/979 1027/994/994
f 1012/979/979 1013/980/980 1028/995/995
f 1015/982/982 1030/997/997 1029/996/996
f 1016/983/983 1031/998/998 1030/997/997
f 1017/984/984 1032/999/999 1031/998/998
f 1018/985/985 1033/1000/1000 1032/999/999
f 1019/986/986 1034/1001/1001 1033/1000/1000
f 1020/987/987 1035/1002/1002 1034/1001/1001
f 1021/989/989 1036/1004/1004 1035/1002/1002
f 1021/989/989 1022/988/988 1037/1003/1003
f 1022/988/988 1023/990/990 1038/1005/1005
f 1023/990/990 1024/991/991 1039/1006/1006
f 1024/991/991 1025/992/992 1040/1007/1007
f 1025/992/992 1026/993/993 1041/1008/1008
f 1026/993/993 1027/994/994 1042/1009/1009
f 1027/994/994 1028/995/995 1043/1010/1010
f 1030/997/997 1045/1012/1012 1044/1011/1011
f 1031/998/998 1046/1013/1013 1045/1012/1012
f 1032/999/999 1047/1014/1014 1046/1013/1013
f 1033/1000/1000 1048/1015/1015 1047/1014/1014
f 1034/1001/1001 1049/1016/1016 1048/1015/1015
f 1035/1002/1002 1050/1017/1017 1049/1016/1016
f 1036/1004/1004 1051/1019/1019 1050/1017/1017
f 1036/1004/1004 1037/1003/1003 1052/1018/1018
f 1037/1003/1003 1038/1005/1005 1053/1020/1020
f 1038/1005/1005 1039/1006/1006 1054/1021/1021
f 1039/1006/1006 1040/1007/1007 1055/1022/1022
f 1040/1007/1007 1041/1008/1008 1056/1023/1023
f 1041/1008/1008 1042/1009/1009 1057/1024/1024
f 1042/1009/1009 1043/1010/1010 1058/1025/1025
f 1045/1012/1012 1060/1027/1027 1059/1026/1026
f 1046/1013/1013 1061/1028/1028 1060/1027/1027
f 1047/1014/1014 1062/1029/1029 1061/1028/1028
f 1048/1015/1015 1063/1030/1030 1062/1029/1029
f 1049/1016/1016 1064/1031/1031 1063/1030/1030
f 1050/1017/1017 1065/1032/1032 1064/1031/1031
f 1051/1019/1019 1066/1034/1034 1065/1032/1032
f 1051/1019/1019 1052/1018/1018 1067/1033/1033
f 1052/1018/1018 1053/1020/1020 1068/1035/1035
f 1053/1020/1020 1054/1021/1021 1069/1036/1036
f 1054/1021/1021 1055/1022/1022 1070/1037/1037
f 1055/1022/1022 1056/1023/1023 1071/1038/1038
f 1056/1023/1023 1057/1024/1024 1072/1039/1039
f 1057/1024/1024 1058/1025/1025 1073/1040/1040
f 1060/1027/1027 1075/1042/1042 1074/1041/1041
f 1061/1028/1028 1076/1043/1043 1075/1042/1042
f 1062/1029/1029 1077/1044/1044 1076/1043/1043
f 1063/1030/1030 1078/1045/1045 1077/1044/1044
f 1064/1031/1031 1079/1046/1046 1078/1045/1045
f 1065/1032/1032 1080/1047/1047 1079/1046/1046
f 1066/1034/1034 1081/1049/1049 1080/1047/1047
f 1066/1034/1034 1067/1033/1033 1082/1048/1048
f 1067/1033/1033 1068/1035/1035 1083/1050/1050
f 1068/1035/1035 1069/1036/1036 1084/1051/1051
f 1069/1036/1036 1070/1037/1037 1085/1052/1052
f 1070/1037/1037 1071/1038/1038 1086/1053/1053
f 1071/1038/1038 1072/1039/1039 1087/1054/1054
f 1072/1039/1039 1073/1040/1040 1088/1055/1055
f 39/1056/1056 864/834/834 159/802/802
f 40/1058/1058 865/832/832 864/834/834
f 41/1059/1059 866/835/835 865/832/832
f 42/1060/1060 867/837/837 866/835/835
f 43/1061/1061 868/839/839 867/837/837
f 44/1062/1062 869/841/841 868/839/839
f 45/1063/1063 870/843/843 869/841/841
f 46/1064/1064 871/845/845 870/843/843
f 46/1064/1064 47/1065/1065 872/849/849
f 47/1065/1065 48/1066/1066 873/851/851
f 48/1066/1066 49/1067/1067 874/853/853
f 49/1067/1067 50/1068/1068 875/855/855
f 50/1068/1068 51/1069/1069 876/857/857
f 51/1069/1069 52/1070/1070 877/859/859
f 52/1070/1070 53/1072/1072 878/1071/1071
f 53/1072/1072 4/514/514 158/513/513
f 878/1071/1071 158/513/513 157/559/559
f 893/860/860 157/559/559 156/558/558
f 908/875/875 156/558/558 155/557/557
f 923/890/890 155/557/557 154/556/556
f 938/905/905 154/556/556 153/555/555
f 953/920/920 153/555/555 152/554/554
f 968/935/935 152/554/554 151/553/553
f 983/950/950 151/553/553 150/552/552
f 998/965/965 150/552/552 149/551/551
f 1013/980/980 149/551/551 148/550/550
f 1028/995/995 148/550/550 147/549/549
f 1043/1010/1010 147/549/549 146/548/548
f 1058/1025/1025 146/548/548 145/547/547
f 1073/1040/1040 145/547/547 144/546/546
f 1088/1055/1055 144/546/546 8/545/545
f 1087/1054/1054 1088/1055/1055 113/257/257
f 1086/1053/1053 1087/1054/1054 112/255/255
f 1085/1052/1052 1086/1053/1053 111/254/254
f 1084/1051/1051 1085/1052/1052 110/253/253
f 1083/1050/1050 1084/1051/1051 109/252/252
f 1082/1048/1048 1083/1050/1050 108/251/251
f 1081/1049/1049 1082/1048/1048 107/250/250
f 1081/1049/1049 106/249/249 105/248/248
f 1080/1047/1047 105/248/248 104/247/247
f 1079/1046/1046 104/247/247 103/246/246
f 1078/1045/1045 103/246/246 102/245/245
f 1077/1044/1044 102/245/245 101/244/244
f 1076/1043/1043 101/244/244 100/243/243
f 1075/1042/1042 100/243/243 99/242/242
f 1074/1041/1041 99/242/242 6/817/817
f 1059/1026/1026 1074/1041/1041 173/816/816
f 1044/1011/1011 1059/1026/1026 172/815/815
f 1029/996/996 1044/1011/1011 171/814/814
f 1014/981/981 1029/996/996 170/813/813
f 999/966/966 1014/981/981 169/812/812
f 984/951/951 999/966/966 168/811/811
f 969/936/936 984/951/951 167/810/810
f 954/921/921 969/936/936 166/809/809
f 939/906/906 954/921/921 165/808/808
f 924/891/891 939/906/906 164/807/807
f 909/876/876 924/891/891 163/806/806
f 894/861/861 909/876/876 162/805/805
f 879/833/833 894/861/861 161/804/804
f 864/834/834 879/833/833 160/803/803
f 1090/1073/1073 1105/1077/1077 1104/1074/1074
f 1091/1076/1076 1106/1079/1079 1105/1077/1077
f 1092/1078/1078 1107/1081/1081 1106/1079/1079
f 1093/1080/1080 1108/1083/1083 1107/1081/1081
f 1094/1082/1082 1109/1085/1085 1108/1083/1083
f 1095/1084/1084 1110/1087/1087 1109/1085/1085
f 1096/1086/1086 1111/1089/1089 1110/1087/1087
f 1096/1086/1086 1097/1090/1090 1112/1088/1088
f 1097/1090/1090 1098/1092/1092 1113/1091/1091
f 1098/1092/1092 1099/1094/1094 1114/1093/1093
f 1099/1094/1094 1100/1096/1096 1115/1095/1095
f 1100/1096/1096 1101/1098/1098 1116/1097/1097
f 1101/1098/1098 1102/1100/1100 1117/1099/1099
f 1102/1100/1100 1103/1312/1312 1118/1101/1101
f 1105/1077/1077 1120/1103/1103 1119/1102/1102
f 1106/1079/1079 1121/1104/1104 1120/1103/1103
f 1107/1081/1081 1122/1105/1105 1121/1104/1104
f 1108/1083/1083 1123/1106/1106 1122/1105/1105
f 1109/1085/1085 1124/1107/1107 1123/1106/1106
f 1110/1087/1087 1125/1108/1108 1124/1107/1107
f 1111/1089/1089 1126/1110/1110 1125/1108/1108
f 1111/1089/1089 1112/1088/1088 1127/1109/1109
f 1112/1088/1088 1113/1091/1091 1128/1111/1111
f 1113/1091/1091 1114/1093/1093 1129/1112/1112
f 1114/1093/1093 1115/1095/1095 1130/1113/1113
f 1115/1095/1095 1116/1097/1097 1131/1114/1114
f 1116/1097/1097 1117/1099/1099 1132/1115/1115
f 1117/1099/1099 1118/1101/1101 1133/1116/1116
f 1120/1103/1103 1135/1118/1118 1134/1117/1117
f 1121/1104/1104 1136/1119/1119 1135/1118/1118
f 1122/1105/1105 1137/1120/1120 1136/1119/1119
f 1123/1106/1106 1138/1121/1121 1137/1120/1120
f 1124/1107/1107 1139/1122/1122 1138/1121/1121
f 1125/1108/1108 1140/1123/1123 1139/1122/1122
f 1126/1110/1110 1141/1125/1125 1140/1123/1123
f 1126/1110/1110 1127/1109/1109 1142/1124/1124
f 1127/1109/1109 1128/1111/1111 1143/1126/1126
f 1128/1111/1111 1129/1112/1112 1144/1127/1127
f 1129/1112/1112 1130/1113/1113 1145/1128/1128
f 1130/1113/1113 1131/1114/1114 1146/1129/1129
f 1131/1114/1114 1132/1115/1115 1147/1130/1130
f 1132/1115/1115 1133/1116/1116 1148/1131/1131
f 1135/1118/1118 1150/1133/1133 1149/1132/1132
f 1136/1119/1119 1151/1134/1134 1150/1133/1133
f 1137/1120/1120 1152/1135/1135 1151/1134/1134
f 1138/1121/1121 1153/1136/1136 1152/1135/1135
f 1139/1122/1122 1154/1137/1137 1153/1136/1136
f 1140/1123/1123 1155/1138/1138 1154/1137/1137
f 1141/1125/1125 1156/1140/1140 1155/1138/1138
f 1141/1125/1125 1142/1124/1124 1157/1139/1139
f 1142/1124/1124 1143/1126/1126 1158/1141/1141
f 1143/1126/1126 1144/1127/1127 1159/1142/1142
f 1144/1127/1127 1145/1128/1128 1160/1143/1143
f 1145/1128/1128 1146/1129/1129 1161/1144/1144
f 1146/1129/1129 1147/1130/1130 1162/1145/1145
f 1147/1130/1130 1148/1131/1131 1163/1146/1146
f 1150/1133/1133 1165/1148/1148 1164/1147/1147
f 1151/1134/1134 1166/1149/1149 1165/1148/1148
f 1152/1135/1135 1167/1150/1150 1166/1149/1149
f 1153/1136/1136 1168/1151/1151 1167/1150/1150
f 1154/1137/1137 1169/1152/1152 1168/1151/1151
f 1155/1138/1138 1170/1153/1153 1169/1152/1152
f 1156/1140/1140 1171/1155/1155 1170/1153/1153
f 1156/1140/1140 1157/1139/1139 1172/1154/1154
f 1157/1139/1139 1158/1141/1141 1173/1156/1156
f 1158/1141/1141 1159/1142/1142 1174/1157/1157
f 1159/1142/1142 1160/1143/1143 1175/1158/1158
f 1160/1143/1143 1161/1144/1144 1176/1159/1159
f 1161/1144/1144 1162/1145/1145 1177/1160/1160
f 1162/1145/1145 1163/1146/1146 1178/1161/1161
f 1165/1148/1148 1180/1163/1163 1179/1162/1162
f 1166/1149/1149 1181/1164/1164 1180/1163/1163
f 1167/1150/1150 1182/1165/1165 1181/1164/1164
f 1168/1151/1151 1183/1166/1166 1182/1165/1165
f 1169/1152/1152 1184/1167/1167 1183/1166/1166
f 1170/1153/1153 1185/1168/1168 1184/1167/1167
f 1171/1155/1155 1186/1170/1170 1185/1168/1168
f 1171/1155/1155 1172/1154/1154 1187/1169/1169
f 1172/1154/1154 1173/1156/1156 1188/1171/1171
f 1173/1156/1156 1174/1157/1157 1189/1172/1172
f 1174/1157/1157 1175/1158/1158 1190/1173/1173
f 1175/1158/1158 1176/1159/1159 1191/1174/1174
f 1176/1159/1159 1177/1160/1160 1192/1175/1175
f 1177/1160/1160 1178/1161/1161 1193/1176/1176
f 1180/1163/1163 1195/1178/1178 1194/1177/1177
f 1181/1164/1164 1196/1179/1179 1195/1178/1178
f 1182/1165/1165 1197/1180/1180 1196/1179/1179
f 1183/1166/1166 1198/1181/1181 1197/1180/1180
f 1184/1167/1167 1199/1182/1182 1198/1181/1181
f 1185/1168/1168 1200/1183/1183 1199/1182/1182
f 1186/1170/1170 1201/1185/1185 1200/1183/1183
f 1186/1170/1170 1187/1169/1169 1202/1184/1184
f 1187/1169/1169 1188/1171/1171 1203/1186/1186
f 1188/1171/1171 1189/1172/1172 1204/1187/1187
f 1189/1172/1172 1190/1173/1173 1205/1188/1188
f 1190/1173/1173 1191/1174/1174 1206/1189/1189
f 1191/1174/1174 1192/1175/1175 1207/1190/1190
f 1192/1175/1175 1193/1176/1176 1208/1191/1191
f 1195/1178/1178 1210/1193/1193 1209/1192/1192
f 1196/1179/1179 1211/1194/1194 1210/1193/1193
f 1197/1180/1180 1212/1195/1195 1211/1194/1194
f 1198/1181/1181 1213/1196/1196 1212/1195/1195
f 1199/1182/1182 1214/1197/1197 1213/1196/1196
f 1200/1183/1183 1215/1198/1198 1214/1197/1197
f 1201/1185/1185 1216/1200/1200 1215/1198/1198
f 1201/1185/1185 1202/1184/1184 1217/1199/1199
f 1202/1184/1184 1203/1186/1186 1218/1201/1201
f 1203/1186/1186 1204/1187/1187 1219/1202/1202
f 1204/1187/1187 1205/1188/1188 1220/1203/1203
f 1205/1188/1188 1206/1189/1189 1221/1204/1204
f 1206/1189/1189 1207/1190/1190 1222/1205/1205
f 1207/1190/1190 1208/1191/1191 1223/1206/1206
f 1210/1193/1193 1225/1208/1208 1224/1207/1207
f 1211/1194/1194 1226/1209/1209 1225/1208/1208
f 1212/1195/1195 1227/1210/1210 1226/1209/1209
f 1213/1196/1196 1228/1211/1211 1227/1210/1210
f 1214/1197/1197 1229/1212/1212 1228/1211/1211
f 1215/1198/1198 1230/1213/1213 1229/1212/1212
f 1216/1200/1200 1231/1215/1215 1230/1213/1213
f 1216/1200/1200 1217/1199/1199 1232/1214/1214
f 1217/1199/1199 1218/1201/1201 1233/1216/1216
f 1218/1201/1201 1219/1202/1202 1234/1217/1217
f 1219/1202/1202 1220/1203/1203 1235/1218/1218
f 1220/1203/1203 1221/1204/1204 1236/1219/1219
f 1221/1204/1204 1222/1205/1205 1237/1220/1220
f 1222/1205/1205 1223/1206/1206 1238/1221/1221
f 1225/1208/1208 1240/1223/1223 1239/1222/1222
f 1226/1209/1209 1241/1224/1224 1240/1223/1223
f 1227/1210/1210 1242/1225/1225 1241/1224/1224
f 1228/1211/1211 1243/1226/1226 1242/1225/1225
f 1229/1212/1212 1244/1227/1227 1243/1226/1226
f 1230/1213/1213 1245/1228/1228 1244/1227/1227
f 1231/1215/1215 1246/1230/1230 1245/1228/1228
f 1231/1215/1215 1232/1214/1214 1247/1229/1229
f 1232/1214/1214 1233/1216/1216 1248/1231/1231
f 1233/1216/1216 1234/1217/1217 1249/1232/1232
f 1234/1217/1217 1235/1218/1218 1250/1233/1233
f 1235/1218/1218 1236/1219/1219 1251/1234/1234
f 1236/1219/1219 1237/1220/1220 1252/1235/1235
f 1237/1220/1220 1238/1221/1221 1253/1236/1236
f 1240/1223/1223 1255/1238/1238 1254/1237/1237
f 1241/1224/1224 1256/1239/1239 1255/1238/1238
f 1242/1225/1225 1257/1240/1240 1256/1239/1239
f 1243/1226/1226 1258/1241/1241 1257/1240/1240
f 1244/1227/1227 1259/1242/1242 1258/1241/1241
f 1245/1228/1228 1260/1243/1243 1259/1242/1242
f 1246/1230/1230 1261/1245/1245 1260/1243/1243
f 1246/1230/1230 1247/1229/1229 1262/1244/1244
f 1247/1229/1229 1248/1231/1231 1263/1246/1246
f 1248/1231/1231 1249/1232/1232 1264/1247/1247
f 1249/1232/1232 1250/1233/1233 1265/1248/1248
f 1250/1233/1233 1251/1234/1234 1266/1249/1249
f 1251/1234/1234 1252/1235/1235 1267/1250/1250
f 1252/1235/1235 1253/1236/1236 1268/1251/1251
f 1255/1238/1238 1270/1253/1253 1269/1252/1252
f 1256/1239/1239 1271/1254/1254 1270/1253/1253
f 1257/1240/1240 1272/1255/1255 1271/1254/1254
f 1258/1241/1241 1273/1256/1256 1272/1255/1255
f 1259/1242/1242 1274/1257/1257 1273/1256/1256
f 1260/1243/1243 1275/1258/1258 1274/1257/1257
f 1261/1245/1245 1276/1260/1260 1275/1258/1258
f 1261/1245/1245 1262/1244/1244 1277/1259/1259
f 1262/1244/1244 1263/1246/1246 1278/1261/1261
f 1263/1246/1246 1264/1247/1247 1279/1262/1262
f 1264/1247/1247 1265/1248/1248 1280/1263/1263
f 1265/1248/1248 1266/1249/1249 1281/1264/1264
f 1266/1249/1249 1267/1250/1250 1282/1265/1265
f 1267/1250/1250 1268/1251/1251 1283/1266/1266
f 1270/1253/1253 1285/1268/1268 1284/1267/1267
f 1271/1254/1254 1286/1269/1269 1285/1268/1268
f 1272/1255/1255 1287/1270/1270 1286/1269/1269
f 1273/1256/1256 1288/1271/1271 1287/1270/1270
f 1274/1257/1257 1289/1272/1272 1288/1271/1271
f 1275/1258/1258 1290/1273/1273 1289/1272/1272
f 1276/1260/1260 1291/1275/1275 1290/1273/1273
f 1276/1260/1260 1277/1259/1259 1292/1274/1274
f 1277/1259/1259 1278/1261/1261 1293/1276/1276
f 1278/1261/1261 1279/1262/1262 1294/1277/1277
f 1279/1262/1262 1280/1263/1263 1295/1278/1278
f 1280/1263/1263 1281/1264/1264 1296/1279/1279
f 1281/1264/1264 1282/1265/1265 1297/1280/1280
f 1282/1265/1265 1283/1266/1266 1298/1281/1281
f 1285/1268/1268 1300/1283/1283 1299/1282/1282
f 1286/1269/1269 1301/1284/1284 1300/1283/1283
f 1287/1270/1270 1302/1285/1285 1301/1284/1284
f 1288/1271/1271 1303/1286/1286 1302/1285/1285
f 1289/1272/1272 1304/1287/1287 1303/1286/1286
f 1290/1273/1273 1305/1288/1288 1304/1287/1287
f 1291/1275/1275 1306/1290/1290 1305/1288/1288
f 1291/1275/1275 1292/1274/1274 1307/1289/1289
f 1292/1274/1274 1293/1276/1276 1308/1291/1291
f 1293/1276/1276 1294/1277/1277 1309/1292/1292
f 1294/1277/1277 1295/1278/1278 1310/1293/1293
f 1295/1278/1278 1296/1279/1279 1311/1294/1294
f 1296/1279/1279 1297/1280/1280 1312/1295/1295
f 1297/1280/1280 1298/1281/1281 1313/1296/1296
f 9/1297/1297 1089/1075/1075 129/530/530
f 10/1299/1299 1090/1073/1073 1089/1075/1075
f 11/1300/1300 1091/1076/1076 1090/1073/1073
f 12/1301/1301 1092/1078/1078 1091/1076/1076
f 13/1302/1302 1093/1080/1080 1092/1078/1078
f 14/1303/1303 1094/1082/1082 1093/1080/1080
f 15/1304/1304 1095/1084/1084 1094/1082/1082
f 16/1305/1305 1096/1086/1086 1095/1084/1084
f 16/1305/1305 17/1306/1306 1097/1090/1090
f 17/1306/1306 18/1307/1307 1098/1092/1092
f 18/1307/1307 19/1308/1308 1099/1094/1094
f 19/1308/1308 20/1309/1309 1100/1096/1096
f 20/1309/1309 21/1310/1310 1101/1098/1098
f 21/1310/1310 22/1311/1311 1102/1100/1100
f 22/1311/1311 23/1313/1313 1103/1312/1312
f 23/1313/1313 1/786/786 188/785/785
f 1103/1312/1312 188/785/785 187/831/831
f 1118/1101/1101 187/831/831 186/830/830
f 1133/1116/1116 186/830/830 185/829/829
f 1148/1131/1131 185/829/829 184/828/828
f 1163/1146/1146 184/828/828 183/827/827
f 1178/1161/1161 183/827/827 182/826/826
f 1193/1176/1176 182/826/826 181/825/825
f 1208/1191/1191 181/825/825 180/824/824
f 1223/1206/1206 180/824/824 179/823/823
f 1238/1221/1221 179/823/823 178/822/822
f 1253/1236/1236 178/822/822 177/821/821
f 1268/1251/1251 177/821/821 176/820/820
f 1283/1266/1266 176/820/820 175/819/819
f 1298/1281/1281 175/819/819 174/818/818
f 1313/1296/1296 174/818/818 5/226/226
f 1312/1295/1295 1313/1296/1296 83/225/225
f 1311/1294/1294 1312/1295/1295 82/287/287
f 1310/1293/1293 1311/1294/1294 81/286/286
f 1309/1292/1292 1310/1293/1293 80/285/285
f 1308/1291/1291 1309/1292/1292 79/284/284
f 1307/1289/1289 1308/1291/1291 78/283/283
f 1306/1290/1290 1307/1289/1289 77/282/282
f 1306/1290/1290 76/281/281 75/280/280
f 1305/1288/1288 75/280/280 74/279/279
f 1304/1287/1287 74/279/279 73/278/278
f 1303/1286/1286 73/278/278 72/277/277
f 1302/1285/1285 72/277/277 71/276/276
f 1301/1284/1284 71/276/276 70/275/275
f 1300/1283/1283 70/275/275 69/273/273
f 1299/1282/1282 69/273/273 7/274/274
f 1284/1267/1267 1299/1282/1282 143/544/544
f 1269/1252/1252 1284/1267/1267 142/543/543
f 1254/1237/1237 1269/1252/1252 141/542/542
f 1239/1222/1222 1254/1237/1237 140/541/541
f 1224/1207/1207 1239/1222/1222 139/540/540
f 1209/1192/1192 1224/1207/1207 138/539/539
f 1194/1177/1177 1209/1192/1192 137/538/538
f 1179/1162/1162 1194/1177/1177 136/537/537
f 1164/1147/1147 1179/1162/1162 135/536/536
f 1149/1132/1132 1164/1147/1147 134/535/535
f 1134/1117/1117 1149/1132/1132 133/534/534
f 1119/1102/1102 1134/1117/1117 132/533/533
f 1104/1074/1074 1119/1102/1102 131/532/532
f 1089/1075/1075 1104/1074/1074 130/531/531
