# Blender 4.4.3
# www.blender.org
mtllib TireMesh_1.mtl
o TiresMesh
v -0.035362 -0.177777 0.004008
v -0.035362 -0.177777 0.004008
v -0.035362 -0.177777 0.004008
v -0.069365 -0.167462 0.004008
v -0.069365 -0.167462 0.004008
v -0.069365 -0.167462 0.004008
v -0.100702 -0.150712 0.004008
v -0.100702 -0.150712 0.004008
v -0.100702 -0.150712 0.004008
v -0.128169 -0.128170 0.004008
v -0.128169 -0.128170 0.004008
v -0.128169 -0.128170 0.004008
v -0.150711 -0.100703 0.004008
v -0.150711 -0.100703 0.004008
v -0.150711 -0.100703 0.004008
v -0.167461 -0.069365 0.004008
v -0.167461 -0.069365 0.004008
v -0.167461 -0.069365 0.004008
v -0.177776 -0.035362 0.004008
v -0.177776 -0.035362 0.004008
v -0.177776 -0.035362 0.004008
v -0.181259 0.000000 0.004008
v -0.181259 0.000000 0.004008
v -0.181259 0.000000 0.004008
v -0.177776 0.035361 0.004008
v -0.177776 0.035361 0.004008
v -0.177776 0.035361 0.004008
v -0.167461 0.069364 0.004008
v -0.167461 0.069364 0.004008
v -0.167461 0.069364 0.004008
v -0.150711 0.100702 0.004008
v -0.150711 0.100702 0.004008
v -0.150711 0.100702 0.004008
v -0.128169 0.128169 0.004008
v -0.128169 0.128169 0.004008
v -0.128169 0.128169 0.004008
v -0.100702 0.150711 0.004008
v -0.100702 0.150711 0.004008
v -0.100702 0.150711 0.004008
v -0.069365 0.167461 0.004008
v -0.069365 0.167461 0.004008
v -0.069365 0.167461 0.004008
v -0.035362 0.177776 0.004008
v -0.035362 0.177776 0.004008
v -0.035362 0.177776 0.004008
v -0.000000 0.181259 0.004008
v -0.000000 0.181259 0.004008
v -0.000000 0.181259 0.004008
v 0.035362 0.177776 0.004008
v 0.035362 0.177776 0.004008
v 0.035362 0.177776 0.004008
v 0.069365 0.167461 0.004008
v 0.069365 0.167461 0.004008
v 0.069365 0.167461 0.004008
v 0.100702 0.150711 0.004008
v 0.100702 0.150711 0.004008
v 0.100702 0.150711 0.004008
v 0.128170 0.128169 0.004008
v 0.128170 0.128169 0.004008
v 0.128170 0.128169 0.004008
v 0.150712 0.100702 0.004008
v 0.150712 0.100702 0.004008
v 0.150712 0.100702 0.004008
v 0.167462 0.069364 0.004008
v 0.167462 0.069364 0.004008
v 0.167462 0.069364 0.004008
v 0.177776 0.035362 0.004008
v 0.177776 0.035362 0.004008
v 0.177776 0.035362 0.004008
v 0.181259 0.000000 0.004008
v 0.181259 0.000000 0.004008
v 0.181259 0.000000 0.004008
v 0.177776 -0.035362 0.004008
v 0.177776 -0.035362 0.004008
v 0.177776 -0.035362 0.004008
v 0.167462 -0.069365 0.004008
v 0.167462 -0.069365 0.004008
v 0.167462 -0.069365 0.004008
v 0.150712 -0.100703 0.004008
v 0.150712 -0.100703 0.004008
v 0.150712 -0.100703 0.004008
v 0.128170 -0.128170 0.004008
v 0.128170 -0.128170 0.004008
v 0.128170 -0.128170 0.004008
v 0.100702 -0.150712 0.004008
v 0.100702 -0.150712 0.004008
v 0.100702 -0.150712 0.004008
v 0.069365 -0.167462 0.004008
v 0.069365 -0.167462 0.004008
v 0.069365 -0.167462 0.004008
v -0.000000 -0.181259 0.004008
v -0.000000 -0.181259 0.004008
v -0.000000 -0.181259 0.004008
v 0.035362 -0.177777 0.004008
v 0.035362 -0.177777 0.004008
v 0.035362 -0.177777 0.004008
v 0.009406 0.286460 -0.017779
v 0.009406 0.286460 -0.017779
v 0.009406 0.286460 -0.017779
v 0.046660 0.282791 -0.017779
v 0.046660 0.282791 -0.017779
v 0.046660 0.282791 -0.017779
v 0.046660 0.282791 -0.117962
v 0.046660 0.282791 -0.117962
v 0.046660 0.282791 -0.117962
v 0.046660 0.282791 -0.117962
v 0.009407 0.286460 -0.117962
v 0.009407 0.286460 -0.117962
v 0.009407 0.286460 -0.117962
v -0.166970 -0.232957 -0.017780
v -0.166970 -0.232957 -0.017780
v -0.166970 -0.232957 -0.017780
v -0.195906 -0.209210 -0.017780
v -0.195906 -0.209210 -0.017780
v -0.195906 -0.209210 -0.017780
v -0.195906 -0.209210 -0.117962
v -0.195906 -0.209210 -0.117962
v -0.195906 -0.209210 -0.117962
v -0.166970 -0.232957 -0.117962
v -0.166970 -0.232957 -0.117962
v -0.166970 -0.232957 -0.117962
v 0.100933 -0.268255 -0.017779
v 0.100933 -0.268255 -0.017779
v 0.100933 -0.268255 -0.017779
v 0.065112 -0.279121 -0.017779
v 0.065112 -0.279121 -0.017779
v 0.065112 -0.279121 -0.017779
v 0.065112 -0.279121 -0.117962
v 0.065112 -0.279121 -0.117962
v 0.065112 -0.279121 -0.117962
v 0.100933 -0.268255 -0.117962
v 0.100933 -0.268255 -0.117962
v 0.100933 -0.268255 -0.117962
v 0.065111 0.279120 -0.017779
v 0.065111 0.279120 -0.017779
v 0.065111 0.279120 -0.017779
v 0.100933 0.268254 -0.017779
v 0.100933 0.268254 -0.017779
v 0.100933 0.268254 -0.017779
v 0.100933 0.268254 -0.117962
v 0.100933 0.268254 -0.117962
v 0.100933 0.268254 -0.117962
v 0.065112 0.279120 -0.117962
v 0.065112 0.279120 -0.117962
v 0.065112 0.279120 -0.117962
v -0.209209 -0.195907 -0.017780
v -0.209209 -0.195907 -0.017780
v -0.209209 -0.195907 -0.017780
v -0.232957 -0.166970 -0.017780
v -0.232957 -0.166970 -0.017780
v -0.232957 -0.166970 -0.017780
v -0.232957 -0.166970 -0.117962
v -0.232957 -0.166970 -0.117962
v -0.232957 -0.166970 -0.117962
v -0.209209 -0.195907 -0.117962
v -0.209209 -0.195907 -0.117962
v -0.209209 -0.195907 -0.117962
v 0.046660 -0.282791 -0.017779
v 0.046660 -0.282791 -0.017779
v 0.046660 -0.282791 -0.017779
v 0.046660 -0.282791 -0.017779
v 0.009407 -0.286461 -0.017779
v 0.009407 -0.286461 -0.017779
v 0.009407 -0.286461 -0.017779
v 0.009407 -0.286461 -0.117962
v 0.009407 -0.286461 -0.117962
v 0.009407 -0.286461 -0.117962
v 0.046660 -0.282791 -0.117962
v 0.046660 -0.282791 -0.117962
v 0.046660 -0.282791 -0.117962
v 0.118314 0.261055 -0.017779
v 0.118314 0.261055 -0.017779
v 0.118314 0.261055 -0.017779
v 0.151328 0.243409 -0.017779
v 0.151328 0.243409 -0.017779
v 0.151328 0.243409 -0.017779
v 0.151328 0.243409 -0.117962
v 0.151328 0.243409 -0.117962
v 0.151328 0.243409 -0.117962
v 0.118314 0.261055 -0.117962
v 0.118314 0.261055 -0.117962
v 0.118314 0.261055 -0.117962
v -0.243409 -0.151328 -0.017780
v -0.243409 -0.151328 -0.017780
v -0.243409 -0.151328 -0.017780
v -0.261055 -0.118314 -0.017780
v -0.261055 -0.118314 -0.017780
v -0.261055 -0.118314 -0.017780
v -0.261055 -0.118314 -0.117962
v -0.261055 -0.118314 -0.117962
v -0.261055 -0.118314 -0.117962
v -0.243409 -0.151328 -0.117962
v -0.243409 -0.151328 -0.117962
v -0.243409 -0.151328 -0.117962
v 0.166970 0.232957 -0.017779
v 0.166970 0.232957 -0.017779
v 0.166970 0.232957 -0.017779
v 0.195907 0.209209 -0.017779
v 0.195907 0.209209 -0.017779
v 0.195907 0.209209 -0.017779
v 0.195907 0.209209 -0.117962
v 0.195907 0.209209 -0.117962
v 0.195907 0.209209 -0.117962
v 0.166970 0.232957 -0.117962
v 0.166970 0.232957 -0.117962
v 0.166970 0.232957 -0.117962
v -0.268254 -0.100934 -0.017780
v -0.268254 -0.100934 -0.017780
v -0.268254 -0.100934 -0.017780
v -0.279121 -0.065112 -0.017780
v -0.279121 -0.065112 -0.017780
v -0.279121 -0.065112 -0.017780
v -0.279121 -0.065112 -0.117962
v -0.279121 -0.065112 -0.117962
v -0.279121 -0.065112 -0.117962
v -0.268254 -0.100934 -0.117962
v -0.268254 -0.100934 -0.117962
v -0.268254 -0.100934 -0.117962
v 0.209209 0.195906 -0.017779
v 0.209209 0.195906 -0.017779
v 0.209209 0.195906 -0.017779
v 0.232957 0.166970 -0.017779
v 0.232957 0.166970 -0.017779
v 0.232957 0.166970 -0.017779
v 0.232957 0.166970 -0.117962
v 0.232957 0.166970 -0.117962
v 0.232957 0.166970 -0.117962
v 0.209209 0.195906 -0.117962
v 0.209209 0.195906 -0.117962
v 0.209209 0.195906 -0.117962
v -0.282791 -0.046660 -0.017780
v -0.282791 -0.046660 -0.017780
v -0.282791 -0.046660 -0.017780
v -0.286460 -0.009407 -0.017780
v -0.286460 -0.009407 -0.017780
v -0.286460 -0.009407 -0.017780
v -0.286460 -0.009407 -0.117962
v -0.286460 -0.009407 -0.117962
v -0.286460 -0.009407 -0.117962
v -0.282791 -0.046660 -0.117962
v -0.282791 -0.046660 -0.117962
v -0.282791 -0.046660 -0.117962
v 0.243409 0.151327 -0.017779
v 0.243409 0.151327 -0.017779
v 0.243409 0.151327 -0.017779
v 0.261055 0.118314 -0.017779
v 0.261055 0.118314 -0.017779
v 0.261055 0.118314 -0.017779
v 0.261055 0.118314 -0.117962
v 0.261055 0.118314 -0.117962
v 0.261055 0.118314 -0.117962
v 0.243409 0.151327 -0.117962
v 0.243409 0.151327 -0.117962
v 0.243409 0.151327 -0.117962
v -0.286460 0.009406 -0.017780
v -0.286460 0.009406 -0.017780
v -0.286460 0.009406 -0.017780
v -0.282791 0.046659 -0.017779
v -0.282791 0.046659 -0.017779
v -0.282791 0.046659 -0.017779
v -0.282791 0.046659 -0.117962
v -0.282791 0.046659 -0.117962
v -0.282791 0.046659 -0.117962
v -0.286460 0.009406 -0.117962
v -0.286460 0.009406 -0.117962
v -0.286460 0.009406 -0.117962
v 0.268255 0.100933 -0.017779
v 0.268255 0.100933 -0.017779
v 0.268255 0.100933 -0.017779
v 0.279121 0.065111 -0.017779
v 0.279121 0.065111 -0.017779
v 0.279121 0.065111 -0.017779
v 0.279121 0.065111 -0.117962
v 0.279121 0.065111 -0.117962
v 0.279121 0.065111 -0.117962
v 0.268255 0.100933 -0.117962
v 0.268255 0.100933 -0.117962
v 0.268255 0.100933 -0.117962
v -0.279121 0.065111 -0.017779
v -0.279121 0.065111 -0.017779
v -0.279121 0.065111 -0.017779
v -0.268254 0.100933 -0.017779
v -0.268254 0.100933 -0.017779
v -0.268254 0.100933 -0.017779
v -0.268254 0.100933 -0.117962
v -0.268254 0.100933 -0.117962
v -0.268254 0.100933 -0.117962
v -0.279121 0.065111 -0.117962
v -0.279121 0.065111 -0.117962
v -0.279121 0.065111 -0.117962
v 0.282791 0.046659 -0.017779
v 0.282791 0.046659 -0.017779
v 0.282791 0.046659 -0.017779
v 0.286460 0.009406 -0.017779
v 0.286460 0.009406 -0.017779
v 0.286460 0.009406 -0.017779
v 0.286460 0.009406 -0.117962
v 0.286460 0.009406 -0.117962
v 0.286460 0.009406 -0.117962
v 0.282791 0.046659 -0.117962
v 0.282791 0.046659 -0.117962
v 0.282791 0.046659 -0.117962
v -0.261055 0.118314 -0.017779
v -0.261055 0.118314 -0.017779
v -0.261055 0.118314 -0.017779
v -0.243409 0.151327 -0.017779
v -0.243409 0.151327 -0.017779
v -0.243409 0.151327 -0.017779
v -0.243409 0.151327 -0.117962
v -0.243409 0.151327 -0.117962
v -0.243409 0.151327 -0.117962
v -0.261055 0.118314 -0.117962
v -0.261055 0.118314 -0.117962
v -0.261055 0.118314 -0.117962
v 0.286460 -0.009407 -0.017779
v 0.286460 -0.009407 -0.017779
v 0.286460 -0.009407 -0.017779
v 0.282791 -0.046660 -0.017779
v 0.282791 -0.046660 -0.017779
v 0.282791 -0.046660 -0.017779
v 0.282791 -0.046660 -0.117962
v 0.282791 -0.046660 -0.117962
v 0.282791 -0.046660 -0.117962
v 0.286460 -0.009407 -0.117962
v 0.286460 -0.009407 -0.117962
v 0.286460 -0.009407 -0.117962
v -0.232957 0.166970 -0.017779
v -0.232957 0.166970 -0.017779
v -0.232957 0.166970 -0.017779
v -0.209209 0.195906 -0.017779
v -0.209209 0.195906 -0.017779
v -0.209209 0.195906 -0.017779
v -0.209209 0.195906 -0.117962
v -0.209209 0.195906 -0.117962
v -0.209209 0.195906 -0.117962
v -0.232957 0.166970 -0.117962
v -0.232957 0.166970 -0.117962
v -0.232957 0.166970 -0.117962
v 0.279121 -0.065112 -0.017779
v 0.279121 -0.065112 -0.017779
v 0.279121 -0.065112 -0.017779
v 0.268255 -0.100933 -0.017779
v 0.268255 -0.100933 -0.017779
v 0.268255 -0.100933 -0.017779
v 0.268255 -0.100933 -0.117962
v 0.268255 -0.100933 -0.117962
v 0.268255 -0.100933 -0.117962
v 0.279121 -0.065112 -0.117962
v 0.279121 -0.065112 -0.117962
v 0.279121 -0.065112 -0.117962
v -0.195906 0.209209 -0.017779
v -0.195906 0.209209 -0.017779
v -0.195906 0.209209 -0.017779
v -0.166970 0.232957 -0.017779
v -0.166970 0.232957 -0.017779
v -0.166970 0.232957 -0.017779
v -0.166970 0.232957 -0.117962
v -0.166970 0.232957 -0.117962
v -0.166970 0.232957 -0.117962
v -0.195906 0.209209 -0.117962
v -0.195906 0.209209 -0.117962
v -0.195906 0.209209 -0.117962
v 0.261055 -0.118314 -0.017779
v 0.261055 -0.118314 -0.017779
v 0.261055 -0.118314 -0.017779
v 0.243409 -0.151328 -0.017779
v 0.243409 -0.151328 -0.017779
v 0.243409 -0.151328 -0.017779
v 0.243409 -0.151328 -0.117962
v 0.243409 -0.151328 -0.117962
v 0.243409 -0.151328 -0.117962
v 0.261055 -0.118314 -0.117962
v 0.261055 -0.118314 -0.117962
v 0.261055 -0.118314 -0.117962
v -0.151328 0.243408 -0.017779
v -0.151328 0.243408 -0.017779
v -0.151328 0.243408 -0.017779
v -0.118314 0.261055 -0.017779
v -0.118314 0.261055 -0.017779
v -0.118314 0.261055 -0.017779
v -0.118314 0.261055 -0.117962
v -0.118314 0.261055 -0.117962
v -0.118314 0.261055 -0.117962
v -0.151327 0.243408 -0.117962
v -0.151327 0.243408 -0.117962
v -0.151327 0.243408 -0.117962
v -0.009406 -0.286461 -0.017779
v -0.009406 -0.286461 -0.017779
v -0.009406 -0.286461 -0.017779
v -0.046660 -0.282791 -0.017780
v -0.046660 -0.282791 -0.017780
v -0.046660 -0.282791 -0.017780
v -0.046660 -0.282791 -0.117962
v -0.046660 -0.282791 -0.117962
v -0.046660 -0.282791 -0.117962
v -0.046660 -0.282791 -0.117962
v -0.009406 -0.286461 -0.117962
v -0.009406 -0.286461 -0.117962
v -0.009406 -0.286461 -0.117962
v 0.232957 -0.166970 -0.017779
v 0.232957 -0.166970 -0.017779
v 0.232957 -0.166970 -0.017779
v 0.209210 -0.195907 -0.017779
v 0.209210 -0.195907 -0.017779
v 0.209210 -0.195907 -0.017779
v 0.209210 -0.195907 -0.117962
v 0.209210 -0.195907 -0.117962
v 0.209210 -0.195907 -0.117962
v 0.232957 -0.166970 -0.117962
v 0.232957 -0.166970 -0.117962
v 0.232957 -0.166970 -0.117962
v -0.100933 0.268254 -0.017779
v -0.100933 0.268254 -0.017779
v -0.100933 0.268254 -0.017779
v -0.065111 0.279120 -0.017779
v -0.065111 0.279120 -0.017779
v -0.065111 0.279120 -0.017779
v -0.065111 0.279120 -0.117962
v -0.065111 0.279120 -0.117962
v -0.065111 0.279120 -0.117962
v -0.100933 0.268254 -0.117962
v -0.100933 0.268254 -0.117962
v -0.100933 0.268254 -0.117962
v -0.065111 -0.279121 -0.017780
v -0.065111 -0.279121 -0.017780
v -0.065111 -0.279121 -0.017780
v -0.100933 -0.268255 -0.017780
v -0.100933 -0.268255 -0.017780
v -0.100933 -0.268255 -0.017780
v -0.100933 -0.268255 -0.117962
v -0.100933 -0.268255 -0.117962
v -0.100933 -0.268255 -0.117962
v -0.065111 -0.279121 -0.117962
v -0.065111 -0.279121 -0.117962
v -0.065111 -0.279121 -0.117962
v 0.195907 -0.209210 -0.017779
v 0.195907 -0.209210 -0.017779
v 0.195907 -0.209210 -0.017779
v 0.166970 -0.232957 -0.017779
v 0.166970 -0.232957 -0.017779
v 0.166970 -0.232957 -0.017779
v 0.166970 -0.232957 -0.117962
v 0.166970 -0.232957 -0.117962
v 0.166970 -0.232957 -0.117962
v 0.195907 -0.209210 -0.117962
v 0.195907 -0.209210 -0.117962
v 0.195907 -0.209210 -0.117962
v -0.046660 0.282791 -0.017779
v -0.046660 0.282791 -0.017779
v -0.046660 0.282791 -0.017779
v -0.046660 0.282791 -0.017779
v -0.009406 0.286460 -0.017779
v -0.009406 0.286460 -0.017779
v -0.009406 0.286460 -0.017779
v -0.009406 0.286460 -0.117962
v -0.009406 0.286460 -0.117962
v -0.009406 0.286460 -0.117962
v -0.046660 0.282791 -0.117962
v -0.046660 0.282791 -0.117962
v -0.046660 0.282791 -0.117962
v -0.118314 -0.261055 -0.017780
v -0.118314 -0.261055 -0.017780
v -0.118314 -0.261055 -0.017780
v -0.151327 -0.243409 -0.017780
v -0.151327 -0.243409 -0.017780
v -0.151327 -0.243409 -0.017780
v -0.151327 -0.243409 -0.117962
v -0.151327 -0.243409 -0.117962
v -0.151327 -0.243409 -0.117962
v -0.118314 -0.261055 -0.117962
v -0.118314 -0.261055 -0.117962
v -0.118314 -0.261055 -0.117962
v 0.151328 -0.243409 -0.017779
v 0.151328 -0.243409 -0.017779
v 0.151328 -0.243409 -0.017779
v 0.118314 -0.261055 -0.017779
v 0.118314 -0.261055 -0.017779
v 0.118314 -0.261055 -0.017779
v 0.118314 -0.261055 -0.117962
v 0.118314 -0.261055 -0.117962
v 0.118314 -0.261055 -0.117962
v 0.151328 -0.243409 -0.117962
v 0.151328 -0.243409 -0.117962
v 0.151328 -0.243409 -0.117962
v 0.008748 0.279775 -0.017779
v 0.008748 0.279775 -0.017779
v 0.008748 0.279775 -0.017779
v 0.046001 0.276106 -0.017779
v 0.046001 0.276106 -0.017779
v 0.046001 0.276106 -0.017779
v 0.046001 0.276106 -0.017779
v 0.046001 0.276106 -0.117962
v 0.046001 0.276106 -0.117962
v 0.046001 0.276106 -0.117962
v 0.008748 0.279775 -0.117962
v 0.008748 0.279775 -0.117962
v 0.008748 0.279775 -0.117962
v -0.162708 -0.227765 -0.017780
v -0.162708 -0.227765 -0.017780
v -0.162708 -0.227765 -0.017780
v -0.191645 -0.204017 -0.017780
v -0.191645 -0.204017 -0.017780
v -0.191645 -0.204017 -0.017780
v -0.191645 -0.204017 -0.117962
v -0.191645 -0.204017 -0.117962
v -0.191645 -0.204017 -0.117962
v -0.162708 -0.227765 -0.117962
v -0.162708 -0.227765 -0.117962
v -0.162708 -0.227765 -0.117962
v 0.098983 -0.261827 -0.017779
v 0.098983 -0.261827 -0.017779
v 0.098983 -0.261827 -0.017779
v 0.063162 -0.272693 -0.017779
v 0.063162 -0.272693 -0.017779
v 0.063162 -0.272693 -0.017779
v 0.063162 -0.272693 -0.117962
v 0.063162 -0.272693 -0.117962
v 0.063162 -0.272693 -0.117962
v 0.098983 -0.261827 -0.117962
v 0.098983 -0.261827 -0.117962
v 0.098983 -0.261827 -0.117962
v 0.063162 0.272692 -0.017779
v 0.063162 0.272692 -0.017779
v 0.063162 0.272692 -0.017779
v 0.098983 0.261826 -0.017779
v 0.098983 0.261826 -0.017779
v 0.098983 0.261826 -0.017779
v 0.098983 0.261826 -0.117962
v 0.098983 0.261826 -0.117962
v 0.098983 0.261826 -0.117962
v 0.063162 0.272692 -0.117962
v 0.063162 0.272692 -0.117962
v 0.063162 0.272692 -0.117962
v -0.204017 -0.191646 -0.017780
v -0.204017 -0.191646 -0.017780
v -0.204017 -0.191646 -0.017780
v -0.227764 -0.162709 -0.017780
v -0.227764 -0.162709 -0.017780
v -0.227764 -0.162709 -0.017780
v -0.227764 -0.162709 -0.117962
v -0.227764 -0.162709 -0.117962
v -0.227764 -0.162709 -0.117962
v -0.204017 -0.191646 -0.117962
v -0.204017 -0.191646 -0.117962
v -0.204017 -0.191646 -0.117962
v 0.046002 -0.276106 -0.017779
v 0.046002 -0.276106 -0.017779
v 0.046002 -0.276106 -0.017779
v 0.008748 -0.279776 -0.017779
v 0.008748 -0.279776 -0.017779
v 0.008748 -0.279776 -0.017779
v 0.008748 -0.279776 -0.117962
v 0.008748 -0.279776 -0.117962
v 0.008748 -0.279776 -0.117962
v 0.046002 -0.276106 -0.117962
v 0.046002 -0.276106 -0.117962
v 0.046002 -0.276106 -0.117962
v 0.046002 -0.276106 -0.117962
v 0.115148 0.255130 -0.017779
v 0.115148 0.255130 -0.017779
v 0.115148 0.255130 -0.017779
v 0.148161 0.237484 -0.017779
v 0.148161 0.237484 -0.017779
v 0.148161 0.237484 -0.017779
v 0.148161 0.237484 -0.117962
v 0.148161 0.237484 -0.117962
v 0.148161 0.237484 -0.117962
v 0.115148 0.255130 -0.117962
v 0.115148 0.255130 -0.117962
v 0.115148 0.255130 -0.117962
v -0.237485 -0.148161 -0.017780
v -0.237485 -0.148161 -0.017780
v -0.237485 -0.148161 -0.017780
v -0.255131 -0.115148 -0.017780
v -0.255131 -0.115148 -0.017780
v -0.255131 -0.115148 -0.017780
v -0.255131 -0.115148 -0.117962
v -0.255131 -0.115148 -0.117962
v -0.255131 -0.115148 -0.117962
v -0.237485 -0.148162 -0.117962
v -0.237485 -0.148162 -0.117962
v -0.237485 -0.148162 -0.117962
v 0.162709 0.227764 -0.017779
v 0.162709 0.227764 -0.017779
v 0.162709 0.227764 -0.017779
v 0.191645 0.204016 -0.017779
v 0.191645 0.204016 -0.017779
v 0.191645 0.204016 -0.017779
v 0.191645 0.204016 -0.117962
v 0.191645 0.204016 -0.117962
v 0.191645 0.204016 -0.117962
v 0.162709 0.227764 -0.117962
v 0.162709 0.227764 -0.117962
v 0.162709 0.227764 -0.117962
v -0.261826 -0.098984 -0.017780
v -0.261826 -0.098984 -0.017780
v -0.261826 -0.098984 -0.017780
v -0.261826 -0.098984 -0.017780
v -0.272693 -0.063162 -0.017780
v -0.272693 -0.063162 -0.017780
v -0.272693 -0.063162 -0.017780
v -0.272693 -0.063162 -0.017780
v -0.272693 -0.063162 -0.117962
v -0.272693 -0.063162 -0.117962
v -0.272693 -0.063162 -0.117962
v -0.272693 -0.063162 -0.117962
v -0.261826 -0.098984 -0.117962
v -0.261826 -0.098984 -0.117962
v -0.261826 -0.098984 -0.117962
v -0.261826 -0.098984 -0.117962
v 0.204017 0.191645 -0.017779
v 0.204017 0.191645 -0.017779
v 0.204017 0.191645 -0.017779
v 0.227764 0.162708 -0.017779
v 0.227764 0.162708 -0.017779
v 0.227764 0.162708 -0.017779
v 0.227764 0.162708 -0.117962
v 0.227764 0.162708 -0.117962
v 0.227764 0.162708 -0.117962
v 0.204017 0.191645 -0.117962
v 0.204017 0.191645 -0.117962
v 0.204017 0.191645 -0.117962
v -0.276106 -0.046002 -0.017780
v -0.276106 -0.046002 -0.017780
v -0.276106 -0.046002 -0.017780
v -0.279775 -0.008749 -0.017780
v -0.279775 -0.008749 -0.017780
v -0.279775 -0.008749 -0.017780
v -0.279775 -0.008749 -0.017780
v -0.279775 -0.008749 -0.117962
v -0.279775 -0.008749 -0.117962
v -0.279775 -0.008749 -0.117962
v -0.276106 -0.046002 -0.117962
v -0.276106 -0.046002 -0.117962
v -0.276106 -0.046002 -0.117962
v 0.237485 0.148161 -0.017779
v 0.237485 0.148161 -0.017779
v 0.237485 0.148161 -0.017779
v 0.255131 0.115147 -0.017779
v 0.255131 0.115147 -0.017779
v 0.255131 0.115147 -0.017779
v 0.255131 0.115147 -0.117962
v 0.255131 0.115147 -0.117962
v 0.255131 0.115147 -0.117962
v 0.237485 0.148161 -0.117962
v 0.237485 0.148161 -0.117962
v 0.237485 0.148161 -0.117962
v -0.279775 0.008748 -0.017780
v -0.279775 0.008748 -0.017780
v -0.279775 0.008748 -0.017780
v -0.276106 0.046001 -0.017779
v -0.276106 0.046001 -0.017779
v -0.276106 0.046001 -0.017779
v -0.276106 0.046001 -0.117962
v -0.276106 0.046001 -0.117962
v -0.276106 0.046001 -0.117962
v -0.279775 0.008748 -0.117962
v -0.279775 0.008748 -0.117962
v -0.279775 0.008748 -0.117962
v -0.279775 0.008748 -0.117962
v 0.261827 0.098983 -0.017779
v 0.261827 0.098983 -0.017779
v 0.261827 0.098983 -0.017779
v 0.272693 0.063161 -0.017779
v 0.272693 0.063161 -0.017779
v 0.272693 0.063161 -0.017779
v 0.272693 0.063161 -0.017779
v 0.272693 0.063161 -0.117962
v 0.272693 0.063161 -0.117962
v 0.272693 0.063161 -0.117962
v 0.272693 0.063161 -0.117962
v 0.261827 0.098983 -0.117962
v 0.261827 0.098983 -0.117962
v 0.261827 0.098983 -0.117962
v -0.272693 0.063161 -0.017779
v -0.272693 0.063161 -0.017779
v -0.272693 0.063161 -0.017779
v -0.272693 0.063161 -0.017779
v -0.261826 0.098983 -0.017779
v -0.261826 0.098983 -0.017779
v -0.261826 0.098983 -0.017779
v -0.261826 0.098983 -0.017779
v -0.261826 0.098983 -0.117962
v -0.261826 0.098983 -0.117962
v -0.261826 0.098983 -0.117962
v -0.261826 0.098983 -0.117962
v -0.272693 0.063161 -0.117962
v -0.272693 0.063161 -0.117962
v -0.272693 0.063161 -0.117962
v -0.272693 0.063161 -0.117962
v 0.276106 0.046001 -0.017779
v 0.276106 0.046001 -0.017779
v 0.276106 0.046001 -0.017779
v 0.279775 0.008748 -0.017779
v 0.279775 0.008748 -0.017779
v 0.279775 0.008748 -0.017779
v 0.279775 0.008748 -0.117962
v 0.279775 0.008748 -0.117962
v 0.279775 0.008748 -0.117962
v 0.276106 0.046001 -0.117962
v 0.276106 0.046001 -0.117962
v 0.276106 0.046001 -0.117962
v -0.255131 0.115147 -0.017779
v -0.255131 0.115147 -0.017779
v -0.255131 0.115147 -0.017779
v -0.237485 0.148161 -0.017779
v -0.237485 0.148161 -0.017779
v -0.237485 0.148161 -0.017779
v -0.237485 0.148161 -0.117962
v -0.237485 0.148161 -0.117962
v -0.237485 0.148161 -0.117962
v -0.255131 0.115147 -0.117962
v -0.255131 0.115147 -0.117962
v -0.255131 0.115147 -0.117962
v 0.279775 -0.008748 -0.017779
v 0.279775 -0.008748 -0.017779
v 0.279775 -0.008748 -0.017779
v 0.276106 -0.046002 -0.017779
v 0.276106 -0.046002 -0.017779
v 0.276106 -0.046002 -0.017779
v 0.276106 -0.046002 -0.117962
v 0.276106 -0.046002 -0.117962
v 0.276106 -0.046002 -0.117962
v 0.279775 -0.008748 -0.117962
v 0.279775 -0.008748 -0.117962
v 0.279775 -0.008748 -0.117962
v -0.227764 0.162708 -0.017779
v -0.227764 0.162708 -0.017779
v -0.227764 0.162708 -0.017779
v -0.204017 0.191645 -0.017779
v -0.204017 0.191645 -0.017779
v -0.204017 0.191645 -0.017779
v -0.204017 0.191645 -0.117962
v -0.204017 0.191645 -0.117962
v -0.204017 0.191645 -0.117962
v -0.227764 0.162708 -0.117962
v -0.227764 0.162708 -0.117962
v -0.227764 0.162708 -0.117962
v 0.272693 -0.063162 -0.017779
v 0.272693 -0.063162 -0.017779
v 0.272693 -0.063162 -0.017779
v 0.272693 -0.063162 -0.017779
v 0.261827 -0.098984 -0.017779
v 0.261827 -0.098984 -0.017779
v 0.261827 -0.098984 -0.017779
v 0.261827 -0.098984 -0.117962
v 0.261827 -0.098984 -0.117962
v 0.261827 -0.098984 -0.117962
v 0.272693 -0.063162 -0.117962
v 0.272693 -0.063162 -0.117962
v 0.272693 -0.063162 -0.117962
v 0.272693 -0.063162 -0.117962
v -0.191645 0.204016 -0.017779
v -0.191645 0.204016 -0.017779
v -0.191645 0.204016 -0.017779
v -0.162709 0.227764 -0.017779
v -0.162709 0.227764 -0.017779
v -0.162709 0.227764 -0.017779
v -0.162709 0.227764 -0.117962
v -0.162709 0.227764 -0.117962
v -0.162709 0.227764 -0.117962
v -0.191645 0.204016 -0.117962
v -0.191645 0.204016 -0.117962
v -0.191645 0.204016 -0.117962
v 0.255131 -0.115148 -0.017779
v 0.255131 -0.115148 -0.017779
v 0.255131 -0.115148 -0.017779
v 0.237485 -0.148161 -0.017779
v 0.237485 -0.148161 -0.017779
v 0.237485 -0.148161 -0.017779
v 0.237485 -0.148161 -0.117962
v 0.237485 -0.148161 -0.117962
v 0.237485 -0.148161 -0.117962
v 0.255131 -0.115148 -0.117962
v 0.255131 -0.115148 -0.117962
v 0.255131 -0.115148 -0.117962
v -0.148161 0.237484 -0.017779
v -0.148161 0.237484 -0.017779
v -0.148161 0.237484 -0.017779
v -0.115147 0.255130 -0.017779
v -0.115147 0.255130 -0.017779
v -0.115147 0.255130 -0.017779
v -0.115147 0.255130 -0.117962
v -0.115147 0.255130 -0.117962
v -0.115147 0.255130 -0.117962
v -0.148161 0.237484 -0.117962
v -0.148161 0.237484 -0.117962
v -0.148161 0.237484 -0.117962
v -0.008748 -0.279776 -0.017779
v -0.008748 -0.279776 -0.017779
v -0.008748 -0.279776 -0.017779
v -0.046001 -0.276106 -0.017780
v -0.046001 -0.276106 -0.017780
v -0.046001 -0.276106 -0.017780
v -0.046001 -0.276106 -0.017780
v -0.046001 -0.276106 -0.117962
v -0.046001 -0.276106 -0.117962
v -0.046001 -0.276106 -0.117962
v -0.008748 -0.279776 -0.117962
v -0.008748 -0.279776 -0.117962
v -0.008748 -0.279776 -0.117962
v 0.227765 -0.162709 -0.017779
v 0.227765 -0.162709 -0.017779
v 0.227765 -0.162709 -0.017779
v 0.204017 -0.191645 -0.017779
v 0.204017 -0.191645 -0.017779
v 0.204017 -0.191645 -0.017779
v 0.204017 -0.191645 -0.117962
v 0.204017 -0.191645 -0.117962
v 0.204017 -0.191645 -0.117962
v 0.227765 -0.162709 -0.117962
v 0.227765 -0.162709 -0.117962
v 0.227765 -0.162709 -0.117962
v -0.098983 0.261826 -0.017779
v -0.098983 0.261826 -0.017779
v -0.098983 0.261826 -0.017779
v -0.063161 0.272692 -0.017779
v -0.063161 0.272692 -0.017779
v -0.063161 0.272692 -0.017779
v -0.063161 0.272692 -0.117962
v -0.063161 0.272692 -0.117962
v -0.063161 0.272692 -0.117962
v -0.098983 0.261826 -0.117962
v -0.098983 0.261826 -0.117962
v -0.098983 0.261826 -0.117962
v -0.063161 -0.272693 -0.017780
v -0.063161 -0.272693 -0.017780
v -0.063161 -0.272693 -0.017780
v -0.098983 -0.261827 -0.017780
v -0.098983 -0.261827 -0.017780
v -0.098983 -0.261827 -0.017780
v -0.098983 -0.261827 -0.117962
v -0.098983 -0.261827 -0.117962
v -0.098983 -0.261827 -0.117962
v -0.063161 -0.272693 -0.117962
v -0.063161 -0.272693 -0.117962
v -0.063161 -0.272693 -0.117962
v 0.191645 -0.204017 -0.017779
v 0.191645 -0.204017 -0.017779
v 0.191645 -0.204017 -0.017779
v 0.162709 -0.227765 -0.017779
v 0.162709 -0.227765 -0.017779
v 0.162709 -0.227765 -0.017779
v 0.162709 -0.227765 -0.117962
v 0.162709 -0.227765 -0.117962
v 0.162709 -0.227765 -0.117962
v 0.191645 -0.204017 -0.117962
v 0.191645 -0.204017 -0.117962
v 0.191645 -0.204017 -0.117962
v -0.046001 0.276106 -0.017779
v -0.046001 0.276106 -0.017779
v -0.046001 0.276106 -0.017779
v -0.008748 0.279775 -0.017779
v -0.008748 0.279775 -0.017779
v -0.008748 0.279775 -0.017779
v -0.008748 0.279775 -0.117962
v -0.008748 0.279775 -0.117962
v -0.008748 0.279775 -0.117962
v -0.046001 0.276106 -0.117962
v -0.046001 0.276106 -0.117962
v -0.046001 0.276106 -0.117962
v -0.046001 0.276106 -0.117962
v -0.115147 -0.255131 -0.017780
v -0.115147 -0.255131 -0.017780
v -0.115147 -0.255131 -0.017780
v -0.148161 -0.237485 -0.017780
v -0.148161 -0.237485 -0.017780
v -0.148161 -0.237485 -0.017780
v -0.148161 -0.237485 -0.117962
v -0.148161 -0.237485 -0.117962
v -0.148161 -0.237485 -0.117962
v -0.115147 -0.255131 -0.117962
v -0.115147 -0.255131 -0.117962
v -0.115147 -0.255131 -0.117962
v 0.148161 -0.237485 -0.017779
v 0.148161 -0.237485 -0.017779
v 0.148161 -0.237485 -0.017779
v 0.115148 -0.255131 -0.017779
v 0.115148 -0.255131 -0.017779
v 0.115148 -0.255131 -0.017779
v 0.115148 -0.255131 -0.117962
v 0.115148 -0.255131 -0.117962
v 0.115148 -0.255131 -0.117962
v 0.148161 -0.237485 -0.117962
v 0.148161 -0.237485 -0.117962
v 0.148161 -0.237485 -0.117962
v -0.054749 -0.275245 -0.134707
v -0.054749 -0.275245 -0.134707
v -0.054749 -0.275245 -0.134707
v -0.107395 -0.259275 -0.134707
v -0.107395 -0.259275 -0.134707
v -0.107395 -0.259275 -0.134707
v -0.155913 -0.233341 -0.134707
v -0.155913 -0.233341 -0.134707
v -0.155913 -0.233341 -0.134707
v -0.198440 -0.198441 -0.134707
v -0.198440 -0.198441 -0.134707
v -0.198440 -0.198441 -0.134707
v -0.233341 -0.155914 -0.134707
v -0.233341 -0.155914 -0.134707
v -0.233341 -0.155914 -0.134707
v -0.259274 -0.107396 -0.134707
v -0.259274 -0.107396 -0.134707
v -0.259274 -0.107396 -0.134707
v -0.275244 -0.054750 -0.134707
v -0.275244 -0.054750 -0.134707
v -0.275244 -0.054750 -0.134707
v -0.275244 -0.054750 -0.134707
v -0.280637 0.000000 -0.134707
v -0.280637 0.000000 -0.134707
v -0.280637 0.000000 -0.134707
v -0.280637 0.000000 -0.134707
v -0.280637 0.000000 -0.134707
v -0.275244 0.054749 -0.134707
v -0.275244 0.054749 -0.134707
v -0.275244 0.054749 -0.134707
v -0.259275 0.107395 -0.134707
v -0.259275 0.107395 -0.134707
v -0.259275 0.107395 -0.134707
v -0.259275 0.107395 -0.134707
v -0.233341 0.155913 -0.134707
v -0.233341 0.155913 -0.134707
v -0.233341 0.155913 -0.134707
v -0.198440 0.198440 -0.134707
v -0.198440 0.198440 -0.134707
v -0.198440 0.198440 -0.134707
v -0.155913 0.233341 -0.134707
v -0.155913 0.233341 -0.134707
v -0.155913 0.233341 -0.134707
v -0.107395 0.259274 -0.134707
v -0.107395 0.259274 -0.134707
v -0.107395 0.259274 -0.134707
v -0.054749 0.275244 -0.134707
v -0.054749 0.275244 -0.134707
v -0.054749 0.275244 -0.134707
v -0.000000 0.280636 -0.134707
v -0.000000 0.280636 -0.134707
v -0.000000 0.280636 -0.134707
v 0.054750 0.275244 -0.134707
v 0.054750 0.275244 -0.134707
v 0.054750 0.275244 -0.134707
v 0.107395 0.259274 -0.134707
v 0.107395 0.259274 -0.134707
v 0.107395 0.259274 -0.134707
v 0.155914 0.233341 -0.134707
v 0.155914 0.233341 -0.134707
v 0.155914 0.233341 -0.134707
v 0.198440 0.198440 -0.134707
v 0.198440 0.198440 -0.134707
v 0.198440 0.198440 -0.134707
v 0.233341 0.155913 -0.134707
v 0.233341 0.155913 -0.134707
v 0.233341 0.155913 -0.134707
v 0.259275 0.107395 -0.134707
v 0.259275 0.107395 -0.134707
v 0.259275 0.107395 -0.134707
v 0.275245 0.054749 -0.134707
v 0.275245 0.054749 -0.134707
v 0.275245 0.054749 -0.134707
v 0.275245 0.054749 -0.134707
v 0.280637 0.000000 -0.134707
v 0.280637 0.000000 -0.134707
v 0.280637 0.000000 -0.134707
v 0.275245 -0.054750 -0.134707
v 0.275245 -0.054750 -0.134707
v 0.275245 -0.054750 -0.134707
v 0.259275 -0.107395 -0.134707
v 0.259275 -0.107395 -0.134707
v 0.259275 -0.107395 -0.134707
v 0.233341 -0.155914 -0.134707
v 0.233341 -0.155914 -0.134707
v 0.233341 -0.155914 -0.134707
v 0.198440 -0.198441 -0.134707
v 0.198440 -0.198441 -0.134707
v 0.198440 -0.198441 -0.134707
v 0.155914 -0.233341 -0.134707
v 0.155914 -0.233341 -0.134707
v 0.155914 -0.233341 -0.134707
v 0.107395 -0.259275 -0.134707
v 0.107395 -0.259275 -0.134707
v 0.107395 -0.259275 -0.134707
v 0.054750 -0.275245 -0.134707
v 0.054750 -0.275245 -0.134707
v 0.054750 -0.275245 -0.134707
v -0.000000 -0.280637 -0.134707
v -0.000000 -0.280637 -0.134707
v -0.000000 -0.280637 -0.134707
v -0.035362 -0.177777 -0.048689
v -0.035362 -0.177777 -0.048689
v -0.035362 -0.177777 -0.048689
v -0.069365 -0.167462 -0.048689
v -0.069365 -0.167462 -0.048689
v -0.069365 -0.167462 -0.048689
v -0.100702 -0.150712 -0.048689
v -0.100702 -0.150712 -0.048689
v -0.100702 -0.150712 -0.048689
v -0.128169 -0.128170 -0.048689
v -0.128169 -0.128170 -0.048689
v -0.128169 -0.128170 -0.048689
v -0.150711 -0.100703 -0.048689
v -0.150711 -0.100703 -0.048689
v -0.150711 -0.100703 -0.048689
v -0.167461 -0.069365 -0.048689
v -0.167461 -0.069365 -0.048689
v -0.167461 -0.069365 -0.048689
v -0.177776 -0.035362 -0.048689
v -0.177776 -0.035362 -0.048689
v -0.177776 -0.035362 -0.048689
v -0.181259 0.000000 -0.048689
v -0.181259 0.000000 -0.048689
v -0.181259 0.000000 -0.048689
v -0.177776 0.035361 -0.048689
v -0.177776 0.035361 -0.048689
v -0.177776 0.035361 -0.048689
v -0.167461 0.069364 -0.048689
v -0.167461 0.069364 -0.048689
v -0.167461 0.069364 -0.048689
v -0.150711 0.100702 -0.048689
v -0.150711 0.100702 -0.048689
v -0.150711 0.100702 -0.048689
v -0.128169 0.128169 -0.048689
v -0.128169 0.128169 -0.048689
v -0.128169 0.128169 -0.048689
v -0.100702 0.150711 -0.048689
v -0.100702 0.150711 -0.048689
v -0.100702 0.150711 -0.048689
v -0.100702 0.150711 -0.048689
v -0.069365 0.167461 -0.048689
v -0.069365 0.167461 -0.048689
v -0.069365 0.167461 -0.048689
v -0.035362 0.177776 -0.048689
v -0.035362 0.177776 -0.048689
v -0.035362 0.177776 -0.048689
v -0.000000 0.181259 -0.048689
v -0.000000 0.181259 -0.048689
v -0.000000 0.181259 -0.048689
v -0.000000 0.181259 -0.048689
v 0.035362 0.177776 -0.048689
v 0.035362 0.177776 -0.048689
v 0.035362 0.177776 -0.048689
v 0.069365 0.167461 -0.048689
v 0.069365 0.167461 -0.048689
v 0.069365 0.167461 -0.048689
v 0.100702 0.150711 -0.048689
v 0.100702 0.150711 -0.048689
v 0.100702 0.150711 -0.048689
v 0.128170 0.128169 -0.048689
v 0.128170 0.128169 -0.048689
v 0.128170 0.128169 -0.048689
v 0.150712 0.100702 -0.048689
v 0.150712 0.100702 -0.048689
v 0.150712 0.100702 -0.048689
v 0.167462 0.069364 -0.048689
v 0.167462 0.069364 -0.048689
v 0.167462 0.069364 -0.048689
v 0.177776 0.035361 -0.048689
v 0.177776 0.035361 -0.048689
v 0.177776 0.035361 -0.048689
v 0.181259 0.000000 -0.048689
v 0.181259 0.000000 -0.048689
v 0.181259 0.000000 -0.048689
v 0.177776 -0.035362 -0.048689
v 0.177776 -0.035362 -0.048689
v 0.177776 -0.035362 -0.048689
v 0.167462 -0.069365 -0.048689
v 0.167462 -0.069365 -0.048689
v 0.167462 -0.069365 -0.048689
v 0.150712 -0.100703 -0.048689
v 0.150712 -0.100703 -0.048689
v 0.150712 -0.100703 -0.048689
v 0.128170 -0.128170 -0.048689
v 0.128170 -0.128170 -0.048689
v 0.128170 -0.128170 -0.048689
v 0.100702 -0.150712 -0.048689
v 0.100702 -0.150712 -0.048689
v 0.100702 -0.150712 -0.048689
v 0.100702 -0.150712 -0.048689
v 0.069365 -0.167462 -0.048689
v 0.069365 -0.167462 -0.048689
v 0.069365 -0.167462 -0.048689
v -0.000000 -0.181259 -0.048689
v -0.000000 -0.181259 -0.048689
v -0.000000 -0.181259 -0.048689
v -0.000000 -0.181259 -0.048689
v 0.035362 -0.177777 -0.048689
v 0.035362 -0.177777 -0.048689
v 0.035362 -0.177777 -0.048689
v -0.046262 -0.232578 -0.134707
v -0.046262 -0.232578 -0.134707
v -0.046262 -0.232578 -0.134707
v -0.046262 -0.232578 -0.134707
v -0.090747 -0.219084 -0.134707
v -0.090747 -0.219084 -0.134707
v -0.090747 -0.219084 -0.134707
v -0.131745 -0.197170 -0.134707
v -0.131745 -0.197170 -0.134707
v -0.131745 -0.197170 -0.134707
v -0.167679 -0.167680 -0.134707
v -0.167679 -0.167680 -0.134707
v -0.167679 -0.167680 -0.134707
v -0.197170 -0.131745 -0.134707
v -0.197170 -0.131745 -0.134707
v -0.197170 -0.131745 -0.134707
v -0.219083 -0.090748 -0.134707
v -0.219083 -0.090748 -0.134707
v -0.219083 -0.090748 -0.134707
v -0.232578 -0.046263 -0.134707
v -0.232578 -0.046263 -0.134707
v -0.232578 -0.046263 -0.134707
v -0.237134 0.000000 -0.134707
v -0.237134 0.000000 -0.134707
v -0.237134 0.000000 -0.134707
v -0.232578 0.046262 -0.134707
v -0.232578 0.046262 -0.134707
v -0.232578 0.046262 -0.134707
v -0.219083 0.090747 -0.134707
v -0.219083 0.090747 -0.134707
v -0.219083 0.090747 -0.134707
v -0.197170 0.131744 -0.134707
v -0.197170 0.131744 -0.134707
v -0.197170 0.131744 -0.134707
v -0.167679 0.167679 -0.134707
v -0.167679 0.167679 -0.134707
v -0.167679 0.167679 -0.134707
v -0.131745 0.197169 -0.134707
v -0.131745 0.197169 -0.134707
v -0.131745 0.197169 -0.134707
v -0.090747 0.219083 -0.134707
v -0.090747 0.219083 -0.134707
v -0.090747 0.219083 -0.134707
v -0.090747 0.219083 -0.134707
v -0.046262 0.232577 -0.134707
v -0.046262 0.232577 -0.134707
v -0.046262 0.232577 -0.134707
v -0.000000 0.237134 -0.134707
v -0.000000 0.237134 -0.134707
v -0.000000 0.237134 -0.134707
v 0.046263 0.232577 -0.134707
v 0.046263 0.232577 -0.134707
v 0.046263 0.232577 -0.134707
v 0.046263 0.232577 -0.134707
v 0.090747 0.219083 -0.134707
v 0.090747 0.219083 -0.134707
v 0.090747 0.219083 -0.134707
v 0.131745 0.197169 -0.134707
v 0.131745 0.197169 -0.134707
v 0.131745 0.197169 -0.134707
v 0.167679 0.167679 -0.134707
v 0.167679 0.167679 -0.134707
v 0.167679 0.167679 -0.134707
v 0.197170 0.131744 -0.134707
v 0.197170 0.131744 -0.134707
v 0.197170 0.131744 -0.134707
v 0.219084 0.090747 -0.134707
v 0.219084 0.090747 -0.134707
v 0.219084 0.090747 -0.134707
v 0.232578 0.046262 -0.134707
v 0.232578 0.046262 -0.134707
v 0.232578 0.046262 -0.134707
v 0.237134 0.000000 -0.134707
v 0.237134 0.000000 -0.134707
v 0.237134 0.000000 -0.134707
v 0.232578 -0.046263 -0.134707
v 0.232578 -0.046263 -0.134707
v 0.232578 -0.046263 -0.134707
v 0.219084 -0.090748 -0.134707
v 0.219084 -0.090748 -0.134707
v 0.219084 -0.090748 -0.134707
v 0.197170 -0.131745 -0.134707
v 0.197170 -0.131745 -0.134707
v 0.197170 -0.131745 -0.134707
v 0.167679 -0.167679 -0.134707
v 0.167679 -0.167679 -0.134707
v 0.167679 -0.167679 -0.134707
v 0.131745 -0.197170 -0.134707
v 0.131745 -0.197170 -0.134707
v 0.131745 -0.197170 -0.134707
v 0.090748 -0.219084 -0.134707
v 0.090748 -0.219084 -0.134707
v 0.090748 -0.219084 -0.134707
v 0.090748 -0.219084 -0.134707
v 0.046263 -0.232578 -0.134707
v 0.046263 -0.232578 -0.134707
v 0.046263 -0.232578 -0.134707
v -0.000000 -0.237134 -0.134707
v -0.000000 -0.237134 -0.134707
v -0.000000 -0.237134 -0.134707
v 0.009406 0.286460 0.015712
v 0.009406 0.286460 0.015712
v 0.009406 0.286460 0.015712
v 0.046660 0.282791 0.015712
v 0.046660 0.282791 0.015712
v 0.046660 0.282791 0.015712
v 0.046660 0.282791 0.115894
v 0.046660 0.282791 0.115894
v 0.046660 0.282791 0.115894
v 0.046660 0.282791 0.115894
v 0.009406 0.286460 0.115894
v 0.009406 0.286460 0.115894
v 0.009406 0.286460 0.115894
v -0.166970 -0.232957 0.015711
v -0.166970 -0.232957 0.015711
v -0.166970 -0.232957 0.015711
v -0.195906 -0.209210 0.015711
v -0.195906 -0.209210 0.015711
v -0.195906 -0.209210 0.015711
v -0.195906 -0.209210 0.115894
v -0.195906 -0.209210 0.115894
v -0.195906 -0.209210 0.115894
v -0.166970 -0.232957 0.115894
v -0.166970 -0.232957 0.115894
v -0.166970 -0.232957 0.115894
v 0.100933 -0.268255 0.015711
v 0.100933 -0.268255 0.015711
v 0.100933 -0.268255 0.015711
v 0.065112 -0.279121 0.015711
v 0.065112 -0.279121 0.015711
v 0.065112 -0.279121 0.015711
v 0.065112 -0.279121 0.115894
v 0.065112 -0.279121 0.115894
v 0.065112 -0.279121 0.115894
v 0.100933 -0.268255 0.115894
v 0.100933 -0.268255 0.115894
v 0.100933 -0.268255 0.115894
v 0.065111 0.279120 0.015712
v 0.065111 0.279120 0.015712
v 0.065111 0.279120 0.015712
v 0.100933 0.268254 0.015712
v 0.100933 0.268254 0.015712
v 0.100933 0.268254 0.015712
v 0.100933 0.268254 0.115894
v 0.100933 0.268254 0.115894
v 0.100933 0.268254 0.115894
v 0.065111 0.279120 0.115894
v 0.065111 0.279120 0.115894
v 0.065111 0.279120 0.115894
v -0.209209 -0.195907 0.015711
v -0.209209 -0.195907 0.015711
v -0.209209 -0.195907 0.015711
v -0.232957 -0.166970 0.015711
v -0.232957 -0.166970 0.015711
v -0.232957 -0.166970 0.015711
v -0.232957 -0.166970 0.115894
v -0.232957 -0.166970 0.115894
v -0.232957 -0.166970 0.115894
v -0.209209 -0.195907 0.115894
v -0.209209 -0.195907 0.115894
v -0.209209 -0.195907 0.115894
v 0.046660 -0.282791 0.015711
v 0.046660 -0.282791 0.015711
v 0.046660 -0.282791 0.015711
v 0.046660 -0.282791 0.015711
v 0.009407 -0.286461 0.015711
v 0.009407 -0.286461 0.015711
v 0.009407 -0.286461 0.015711
v 0.009407 -0.286461 0.115894
v 0.009407 -0.286461 0.115894
v 0.009407 -0.286461 0.115894
v 0.046660 -0.282791 0.115894
v 0.046660 -0.282791 0.115894
v 0.046660 -0.282791 0.115894
v 0.118314 0.261055 0.015712
v 0.118314 0.261055 0.015712
v 0.118314 0.261055 0.015712
v 0.151328 0.243409 0.015712
v 0.151328 0.243409 0.015712
v 0.151328 0.243409 0.015712
v 0.151328 0.243409 0.115894
v 0.151328 0.243409 0.115894
v 0.151328 0.243409 0.115894
v 0.118314 0.261055 0.115894
v 0.118314 0.261055 0.115894
v 0.118314 0.261055 0.115894
v -0.243409 -0.151328 0.015711
v -0.243409 -0.151328 0.015711
v -0.243409 -0.151328 0.015711
v -0.261055 -0.118314 0.015711
v -0.261055 -0.118314 0.015711
v -0.261055 -0.118314 0.015711
v -0.261055 -0.118314 0.115894
v -0.261055 -0.118314 0.115894
v -0.261055 -0.118314 0.115894
v -0.243409 -0.151328 0.115894
v -0.243409 -0.151328 0.115894
v -0.243409 -0.151328 0.115894
v 0.166970 0.232957 0.015712
v 0.166970 0.232957 0.015712
v 0.166970 0.232957 0.015712
v 0.195907 0.209209 0.015712
v 0.195907 0.209209 0.015712
v 0.195907 0.209209 0.015712
v 0.195907 0.209209 0.115894
v 0.195907 0.209209 0.115894
v 0.195907 0.209209 0.115894
v 0.166970 0.232957 0.115894
v 0.166970 0.232957 0.115894
v 0.166970 0.232957 0.115894
v -0.268254 -0.100934 0.015711
v -0.268254 -0.100934 0.015711
v -0.268254 -0.100934 0.015711
v -0.279121 -0.065112 0.015711
v -0.279121 -0.065112 0.015711
v -0.279121 -0.065112 0.015711
v -0.279121 -0.065112 0.115894
v -0.279121 -0.065112 0.115894
v -0.279121 -0.065112 0.115894
v -0.268254 -0.100934 0.115894
v -0.268254 -0.100934 0.115894
v -0.268254 -0.100934 0.115894
v 0.209209 0.195906 0.015712
v 0.209209 0.195906 0.015712
v 0.209209 0.195906 0.015712
v 0.232957 0.166970 0.015712
v 0.232957 0.166970 0.015712
v 0.232957 0.166970 0.015712
v 0.232957 0.166970 0.115894
v 0.232957 0.166970 0.115894
v 0.232957 0.166970 0.115894
v 0.209209 0.195906 0.115894
v 0.209209 0.195906 0.115894
v 0.209209 0.195906 0.115894
v -0.282791 -0.046660 0.015711
v -0.282791 -0.046660 0.015711
v -0.282791 -0.046660 0.015711
v -0.286460 -0.009407 0.015711
v -0.286460 -0.009407 0.015711
v -0.286460 -0.009407 0.015711
v -0.286460 -0.009407 0.115894
v -0.286460 -0.009407 0.115894
v -0.286460 -0.009407 0.115894
v -0.282791 -0.046660 0.115894
v -0.282791 -0.046660 0.115894
v -0.282791 -0.046660 0.115894
v 0.243409 0.151327 0.015712
v 0.243409 0.151327 0.015712
v 0.243409 0.151327 0.015712
v 0.261055 0.118314 0.015712
v 0.261055 0.118314 0.015712
v 0.261055 0.118314 0.015712
v 0.261055 0.118314 0.115894
v 0.261055 0.118314 0.115894
v 0.261055 0.118314 0.115894
v 0.243409 0.151327 0.115894
v 0.243409 0.151327 0.115894
v 0.243409 0.151327 0.115894
v -0.286460 0.009406 0.015711
v -0.286460 0.009406 0.015711
v -0.286460 0.009406 0.015711
v -0.282791 0.046659 0.015711
v -0.282791 0.046659 0.015711
v -0.282791 0.046659 0.015711
v -0.282791 0.046659 0.115894
v -0.282791 0.046659 0.115894
v -0.282791 0.046659 0.115894
v -0.286460 0.009406 0.115894
v -0.286460 0.009406 0.115894
v -0.286460 0.009406 0.115894
v 0.268255 0.100933 0.015712
v 0.268255 0.100933 0.015712
v 0.268255 0.100933 0.015712
v 0.279121 0.065111 0.015712
v 0.279121 0.065111 0.015712
v 0.279121 0.065111 0.015712
v 0.279121 0.065111 0.115894
v 0.279121 0.065111 0.115894
v 0.279121 0.065111 0.115894
v 0.268255 0.100933 0.115894
v 0.268255 0.100933 0.115894
v 0.268255 0.100933 0.115894
v -0.279121 0.065111 0.015711
v -0.279121 0.065111 0.015711
v -0.279121 0.065111 0.015711
v -0.268254 0.100933 0.015711
v -0.268254 0.100933 0.015711
v -0.268254 0.100933 0.015711
v -0.268254 0.100933 0.115894
v -0.268254 0.100933 0.115894
v -0.268254 0.100933 0.115894
v -0.279121 0.065111 0.115894
v -0.279121 0.065111 0.115894
v -0.279121 0.065111 0.115894
v 0.282791 0.046659 0.015712
v 0.282791 0.046659 0.015712
v 0.282791 0.046659 0.015712
v 0.286460 0.009406 0.015712
v 0.286460 0.009406 0.015712
v 0.286460 0.009406 0.015712
v 0.286460 0.009406 0.115894
v 0.286460 0.009406 0.115894
v 0.286460 0.009406 0.115894
v 0.282791 0.046659 0.115894
v 0.282791 0.046659 0.115894
v 0.282791 0.046659 0.115894
v -0.261055 0.118314 0.015711
v -0.261055 0.118314 0.015711
v -0.261055 0.118314 0.015711
v -0.243409 0.151327 0.015711
v -0.243409 0.151327 0.015711
v -0.243409 0.151327 0.015711
v -0.243409 0.151327 0.115894
v -0.243409 0.151327 0.115894
v -0.243409 0.151327 0.115894
v -0.261055 0.118314 0.115894
v -0.261055 0.118314 0.115894
v -0.261055 0.118314 0.115894
v 0.286460 -0.009407 0.015712
v 0.286460 -0.009407 0.015712
v 0.286460 -0.009407 0.015712
v 0.282791 -0.046660 0.015712
v 0.282791 -0.046660 0.015712
v 0.282791 -0.046660 0.015712
v 0.282791 -0.046660 0.115894
v 0.282791 -0.046660 0.115894
v 0.282791 -0.046660 0.115894
v 0.286460 -0.009407 0.115894
v 0.286460 -0.009407 0.115894
v 0.286460 -0.009407 0.115894
v -0.232957 0.166970 0.015711
v -0.232957 0.166970 0.015711
v -0.232957 0.166970 0.015711
v -0.209209 0.195906 0.015711
v -0.209209 0.195906 0.015711
v -0.209209 0.195906 0.015711
v -0.209209 0.195906 0.115894
v -0.209209 0.195906 0.115894
v -0.209209 0.195906 0.115894
v -0.232957 0.166970 0.115894
v -0.232957 0.166970 0.115894
v -0.232957 0.166970 0.115894
v 0.279121 -0.065112 0.015712
v 0.279121 -0.065112 0.015712
v 0.279121 -0.065112 0.015712
v 0.268255 -0.100933 0.015712
v 0.268255 -0.100933 0.015712
v 0.268255 -0.100933 0.015712
v 0.268255 -0.100933 0.115894
v 0.268255 -0.100933 0.115894
v 0.268255 -0.100933 0.115894
v 0.279121 -0.065112 0.115894
v 0.279121 -0.065112 0.115894
v 0.279121 -0.065112 0.115894
v -0.195906 0.209209 0.015711
v -0.195906 0.209209 0.015711
v -0.195906 0.209209 0.015711
v -0.166970 0.232957 0.015711
v -0.166970 0.232957 0.015711
v -0.166970 0.232957 0.015711
v -0.166970 0.232957 0.115894
v -0.166970 0.232957 0.115894
v -0.166970 0.232957 0.115894
v -0.195906 0.209209 0.115894
v -0.195906 0.209209 0.115894
v -0.195906 0.209209 0.115894
v 0.261055 -0.118314 0.015712
v 0.261055 -0.118314 0.015712
v 0.261055 -0.118314 0.015712
v 0.243409 -0.151328 0.015712
v 0.243409 -0.151328 0.015712
v 0.243409 -0.151328 0.015712
v 0.243409 -0.151328 0.115894
v 0.243409 -0.151328 0.115894
v 0.243409 -0.151328 0.115894
v 0.261055 -0.118314 0.115894
v 0.261055 -0.118314 0.115894
v 0.261055 -0.118314 0.115894
v -0.151328 0.243408 0.015711
v -0.151328 0.243408 0.015711
v -0.151328 0.243408 0.015711
v -0.118314 0.261055 0.015711
v -0.118314 0.261055 0.015711
v -0.118314 0.261055 0.015711
v -0.118314 0.261055 0.115894
v -0.118314 0.261055 0.115894
v -0.118314 0.261055 0.115894
v -0.151328 0.243408 0.115894
v -0.151328 0.243408 0.115894
v -0.151328 0.243408 0.115894
v -0.009406 -0.286461 0.015711
v -0.009406 -0.286461 0.015711
v -0.009406 -0.286461 0.015711
v -0.046660 -0.282791 0.015711
v -0.046660 -0.282791 0.015711
v -0.046660 -0.282791 0.015711
v -0.046660 -0.282791 0.115894
v -0.046660 -0.282791 0.115894
v -0.046660 -0.282791 0.115894
v -0.046660 -0.282791 0.115894
v -0.009406 -0.286461 0.115894
v -0.009406 -0.286461 0.115894
v -0.009406 -0.286461 0.115894
v 0.232957 -0.166970 0.015711
v 0.232957 -0.166970 0.015711
v 0.232957 -0.166970 0.015711
v 0.209210 -0.195907 0.015711
v 0.209210 -0.195907 0.015711
v 0.209210 -0.195907 0.015711
v 0.209209 -0.195907 0.115894
v 0.209209 -0.195907 0.115894
v 0.209209 -0.195907 0.115894
v 0.232957 -0.166970 0.115894
v 0.232957 -0.166970 0.115894
v 0.232957 -0.166970 0.115894
v -0.100933 0.268254 0.015712
v -0.100933 0.268254 0.015712
v -0.100933 0.268254 0.015712
v -0.065111 0.279120 0.015712
v -0.065111 0.279120 0.015712
v -0.065111 0.279120 0.015712
v -0.065111 0.279120 0.115894
v -0.065111 0.279120 0.115894
v -0.065111 0.279120 0.115894
v -0.100933 0.268254 0.115894
v -0.100933 0.268254 0.115894
v -0.100933 0.268254 0.115894
v -0.065111 -0.279121 0.015711
v -0.065111 -0.279121 0.015711
v -0.065111 -0.279121 0.015711
v -0.100933 -0.268255 0.015711
v -0.100933 -0.268255 0.015711
v -0.100933 -0.268255 0.015711
v -0.100933 -0.268255 0.115894
v -0.100933 -0.268255 0.115894
v -0.100933 -0.268255 0.115894
v -0.065111 -0.279121 0.115894
v -0.065111 -0.279121 0.115894
v -0.065111 -0.279121 0.115894
v 0.195907 -0.209210 0.015711
v 0.195907 -0.209210 0.015711
v 0.195907 -0.209210 0.015711
v 0.166970 -0.232957 0.015711
v 0.166970 -0.232957 0.015711
v 0.166970 -0.232957 0.015711
v 0.166970 -0.232957 0.115894
v 0.166970 -0.232957 0.115894
v 0.166970 -0.232957 0.115894
v 0.195907 -0.209210 0.115894
v 0.195907 -0.209210 0.115894
v 0.195907 -0.209210 0.115894
v -0.046660 0.282791 0.015712
v -0.046660 0.282791 0.015712
v -0.046660 0.282791 0.015712
v -0.046660 0.282791 0.015712
v -0.009406 0.286460 0.015712
v -0.009406 0.286460 0.015712
v -0.009406 0.286460 0.015712
v -0.009406 0.286460 0.115894
v -0.009406 0.286460 0.115894
v -0.009406 0.286460 0.115894
v -0.046660 0.282791 0.115894
v -0.046660 0.282791 0.115894
v -0.046660 0.282791 0.115894
v -0.118314 -0.261055 0.015711
v -0.118314 -0.261055 0.015711
v -0.118314 -0.261055 0.015711
v -0.151327 -0.243409 0.015711
v -0.151327 -0.243409 0.015711
v -0.151327 -0.243409 0.015711
v -0.151327 -0.243409 0.115894
v -0.151327 -0.243409 0.115894
v -0.151327 -0.243409 0.115894
v -0.118314 -0.261055 0.115894
v -0.118314 -0.261055 0.115894
v -0.118314 -0.261055 0.115894
v 0.151328 -0.243409 0.015711
v 0.151328 -0.243409 0.015711
v 0.151328 -0.243409 0.015711
v 0.118314 -0.261055 0.015711
v 0.118314 -0.261055 0.015711
v 0.118314 -0.261055 0.015711
v 0.118314 -0.261055 0.115894
v 0.118314 -0.261055 0.115894
v 0.118314 -0.261055 0.115894
v 0.151328 -0.243409 0.115894
v 0.151328 -0.243409 0.115894
v 0.151328 -0.243409 0.115894
v 0.008748 0.279775 0.015712
v 0.008748 0.279775 0.015712
v 0.008748 0.279775 0.015712
v 0.046001 0.276106 0.015712
v 0.046001 0.276106 0.015712
v 0.046001 0.276106 0.015712
v 0.046001 0.276106 0.015712
v 0.046001 0.276106 0.115894
v 0.046001 0.276106 0.115894
v 0.046001 0.276106 0.115894
v 0.008748 0.279775 0.115894
v 0.008748 0.279775 0.115894
v 0.008748 0.279775 0.115894
v -0.162708 -0.227765 0.015711
v -0.162708 -0.227765 0.015711
v -0.162708 -0.227765 0.015711
v -0.191645 -0.204017 0.015711
v -0.191645 -0.204017 0.015711
v -0.191645 -0.204017 0.015711
v -0.191645 -0.204017 0.115894
v -0.191645 -0.204017 0.115894
v -0.191645 -0.204017 0.115894
v -0.162708 -0.227765 0.115894
v -0.162708 -0.227765 0.115894
v -0.162708 -0.227765 0.115894
v 0.098983 -0.261827 0.015711
v 0.098983 -0.261827 0.015711
v 0.098983 -0.261827 0.015711
v 0.063162 -0.272693 0.015711
v 0.063162 -0.272693 0.015711
v 0.063162 -0.272693 0.015711
v 0.063162 -0.272693 0.115894
v 0.063162 -0.272693 0.115894
v 0.063162 -0.272693 0.115894
v 0.098983 -0.261827 0.115894
v 0.098983 -0.261827 0.115894
v 0.098983 -0.261827 0.115894
v 0.063162 0.272692 0.015712
v 0.063162 0.272692 0.015712
v 0.063162 0.272692 0.015712
v 0.098983 0.261826 0.015712
v 0.098983 0.261826 0.015712
v 0.098983 0.261826 0.015712
v 0.098983 0.261826 0.115894
v 0.098983 0.261826 0.115894
v 0.098983 0.261826 0.115894
v 0.063162 0.272692 0.115894
v 0.063162 0.272692 0.115894
v 0.063162 0.272692 0.115894
v -0.204017 -0.191646 0.015711
v -0.204017 -0.191646 0.015711
v -0.204017 -0.191646 0.015711
v -0.227764 -0.162709 0.015711
v -0.227764 -0.162709 0.015711
v -0.227764 -0.162709 0.015711
v -0.227764 -0.162709 0.115894
v -0.227764 -0.162709 0.115894
v -0.227764 -0.162709 0.115894
v -0.204017 -0.191646 0.115894
v -0.204017 -0.191646 0.115894
v -0.204017 -0.191646 0.115894
v 0.046002 -0.276106 0.015711
v 0.046002 -0.276106 0.015711
v 0.046002 -0.276106 0.015711
v 0.008748 -0.279776 0.015711
v 0.008748 -0.279776 0.015711
v 0.008748 -0.279776 0.015711
v 0.008748 -0.279776 0.115894
v 0.008748 -0.279776 0.115894
v 0.008748 -0.279776 0.115894
v 0.046002 -0.276106 0.115894
v 0.046002 -0.276106 0.115894
v 0.046002 -0.276106 0.115894
v 0.046002 -0.276106 0.115894
v 0.115148 0.255130 0.015712
v 0.115148 0.255130 0.015712
v 0.115148 0.255130 0.015712
v 0.148161 0.237484 0.015712
v 0.148161 0.237484 0.015712
v 0.148161 0.237484 0.015712
v 0.148161 0.237484 0.115894
v 0.148161 0.237484 0.115894
v 0.148161 0.237484 0.115894
v 0.115147 0.255130 0.115894
v 0.115147 0.255130 0.115894
v 0.115147 0.255130 0.115894
v -0.237485 -0.148161 0.015711
v -0.237485 -0.148161 0.015711
v -0.237485 -0.148161 0.015711
v -0.255131 -0.115148 0.015711
v -0.255131 -0.115148 0.015711
v -0.255131 -0.115148 0.015711
v -0.255131 -0.115148 0.115894
v -0.255131 -0.115148 0.115894
v -0.255131 -0.115148 0.115894
v -0.237485 -0.148161 0.115894
v -0.237485 -0.148161 0.115894
v -0.237485 -0.148161 0.115894
v 0.162709 0.227764 0.015712
v 0.162709 0.227764 0.015712
v 0.162709 0.227764 0.015712
v 0.191645 0.204016 0.015712
v 0.191645 0.204016 0.015712
v 0.191645 0.204016 0.015712
v 0.191645 0.204016 0.115894
v 0.191645 0.204016 0.115894
v 0.191645 0.204016 0.115894
v 0.162709 0.227764 0.115894
v 0.162709 0.227764 0.115894
v 0.162709 0.227764 0.115894
v -0.261826 -0.098984 0.015711
v -0.261826 -0.098984 0.015711
v -0.261826 -0.098984 0.015711
v -0.261826 -0.098984 0.015711
v -0.272693 -0.063162 0.015711
v -0.272693 -0.063162 0.015711
v -0.272693 -0.063162 0.015711
v -0.272693 -0.063162 0.015711
v -0.272693 -0.063162 0.115894
v -0.272693 -0.063162 0.115894
v -0.272693 -0.063162 0.115894
v -0.272693 -0.063162 0.115894
v -0.261826 -0.098984 0.115894
v -0.261826 -0.098984 0.115894
v -0.261826 -0.098984 0.115894
v -0.261826 -0.098984 0.115894
v 0.204017 0.191645 0.015712
v 0.204017 0.191645 0.015712
v 0.204017 0.191645 0.015712
v 0.227764 0.162708 0.015712
v 0.227764 0.162708 0.015712
v 0.227764 0.162708 0.015712
v 0.227764 0.162708 0.115894
v 0.227764 0.162708 0.115894
v 0.227764 0.162708 0.115894
v 0.204017 0.191645 0.115894
v 0.204017 0.191645 0.115894
v 0.204017 0.191645 0.115894
v -0.276106 -0.046002 0.015711
v -0.276106 -0.046002 0.015711
v -0.276106 -0.046002 0.015711
v -0.279775 -0.008749 0.015711
v -0.279775 -0.008749 0.015711
v -0.279775 -0.008749 0.015711
v -0.279775 -0.008749 0.015711
v -0.279775 -0.008749 0.115894
v -0.279775 -0.008749 0.115894
v -0.279775 -0.008749 0.115894
v -0.276106 -0.046002 0.115894
v -0.276106 -0.046002 0.115894
v -0.276106 -0.046002 0.115894
v 0.237485 0.148161 0.015712
v 0.237485 0.148161 0.015712
v 0.237485 0.148161 0.015712
v 0.255131 0.115147 0.015712
v 0.255131 0.115147 0.015712
v 0.255131 0.115147 0.015712
v 0.255131 0.115147 0.115894
v 0.255131 0.115147 0.115894
v 0.255131 0.115147 0.115894
v 0.237485 0.148161 0.115894
v 0.237485 0.148161 0.115894
v 0.237485 0.148161 0.115894
v -0.279775 0.008748 0.015711
v -0.279775 0.008748 0.015711
v -0.279775 0.008748 0.015711
v -0.276106 0.046001 0.015711
v -0.276106 0.046001 0.015711
v -0.276106 0.046001 0.015711
v -0.276106 0.046001 0.115894
v -0.276106 0.046001 0.115894
v -0.276106 0.046001 0.115894
v -0.279775 0.008748 0.115894
v -0.279775 0.008748 0.115894
v -0.279775 0.008748 0.115894
v -0.279775 0.008748 0.115894
v 0.261827 0.098983 0.015712
v 0.261827 0.098983 0.015712
v 0.261827 0.098983 0.015712
v 0.272693 0.063161 0.015712
v 0.272693 0.063161 0.015712
v 0.272693 0.063161 0.015712
v 0.272693 0.063161 0.015712
v 0.272693 0.063161 0.115894
v 0.272693 0.063161 0.115894
v 0.272693 0.063161 0.115894
v 0.272693 0.063161 0.115894
v 0.261826 0.098983 0.115894
v 0.261826 0.098983 0.115894
v 0.261826 0.098983 0.115894
v -0.272693 0.063161 0.015711
v -0.272693 0.063161 0.015711
v -0.272693 0.063161 0.015711
v -0.272693 0.063161 0.015711
v -0.261826 0.098983 0.015711
v -0.261826 0.098983 0.015711
v -0.261826 0.098983 0.015711
v -0.261826 0.098983 0.015711
v -0.261826 0.098983 0.115894
v -0.261826 0.098983 0.115894
v -0.261826 0.098983 0.115894
v -0.261826 0.098983 0.115894
v -0.272693 0.063161 0.115894
v -0.272693 0.063161 0.115894
v -0.272693 0.063161 0.115894
v -0.272693 0.063161 0.115894
v 0.276106 0.046001 0.015712
v 0.276106 0.046001 0.015712
v 0.276106 0.046001 0.015712
v 0.279775 0.008748 0.015712
v 0.279775 0.008748 0.015712
v 0.279775 0.008748 0.015712
v 0.279775 0.008748 0.115894
v 0.279775 0.008748 0.115894
v 0.279775 0.008748 0.115894
v 0.276106 0.046001 0.115894
v 0.276106 0.046001 0.115894
v 0.276106 0.046001 0.115894
v -0.255131 0.115147 0.015711
v -0.255131 0.115147 0.015711
v -0.255131 0.115147 0.015711
v -0.237485 0.148161 0.015711
v -0.237485 0.148161 0.015711
v -0.237485 0.148161 0.015711
v -0.237485 0.148161 0.115894
v -0.237485 0.148161 0.115894
v -0.237485 0.148161 0.115894
v -0.255131 0.115147 0.115894
v -0.255131 0.115147 0.115894
v -0.255131 0.115147 0.115894
v 0.279775 -0.008748 0.015712
v 0.279775 -0.008748 0.015712
v 0.279775 -0.008748 0.015712
v 0.276106 -0.046002 0.015712
v 0.276106 -0.046002 0.015712
v 0.276106 -0.046002 0.015712
v 0.276106 -0.046002 0.115894
v 0.276106 -0.046002 0.115894
v 0.276106 -0.046002 0.115894
v 0.279775 -0.008748 0.115894
v 0.279775 -0.008748 0.115894
v 0.279775 -0.008748 0.115894
v -0.227764 0.162708 0.015711
v -0.227764 0.162708 0.015711
v -0.227764 0.162708 0.015711
v -0.204017 0.191645 0.015711
v -0.204017 0.191645 0.015711
v -0.204017 0.191645 0.015711
v -0.204017 0.191645 0.115894
v -0.204017 0.191645 0.115894
v -0.204017 0.191645 0.115894
v -0.227764 0.162708 0.115894
v -0.227764 0.162708 0.115894
v -0.227764 0.162708 0.115894
v 0.272693 -0.063162 0.015712
v 0.272693 -0.063162 0.015712
v 0.272693 -0.063162 0.015712
v 0.272693 -0.063162 0.015712
v 0.261827 -0.098984 0.015712
v 0.261827 -0.098984 0.015712
v 0.261827 -0.098984 0.015712
v 0.261827 -0.098984 0.115894
v 0.261827 -0.098984 0.115894
v 0.261827 -0.098984 0.115894
v 0.272693 -0.063162 0.115894
v 0.272693 -0.063162 0.115894
v 0.272693 -0.063162 0.115894
v 0.272693 -0.063162 0.115894
v -0.191645 0.204016 0.015711
v -0.191645 0.204016 0.015711
v -0.191645 0.204016 0.015711
v -0.162709 0.227764 0.015711
v -0.162709 0.227764 0.015711
v -0.162709 0.227764 0.015711
v -0.162709 0.227764 0.115894
v -0.162709 0.227764 0.115894
v -0.162709 0.227764 0.115894
v -0.191645 0.204016 0.115894
v -0.191645 0.204016 0.115894
v -0.191645 0.204016 0.115894
v 0.255131 -0.115148 0.015712
v 0.255131 -0.115148 0.015712
v 0.255131 -0.115148 0.015712
v 0.237485 -0.148161 0.015712
v 0.237485 -0.148161 0.015712
v 0.237485 -0.148161 0.015712
v 0.237485 -0.148161 0.115894
v 0.237485 -0.148161 0.115894
v 0.237485 -0.148161 0.115894
v 0.255131 -0.115148 0.115894
v 0.255131 -0.115148 0.115894
v 0.255131 -0.115148 0.115894
v -0.148161 0.237484 0.015711
v -0.148161 0.237484 0.015711
v -0.148161 0.237484 0.015711
v -0.115147 0.255130 0.015711
v -0.115147 0.255130 0.015711
v -0.115147 0.255130 0.015711
v -0.115147 0.255130 0.115894
v -0.115147 0.255130 0.115894
v -0.115147 0.255130 0.115894
v -0.148161 0.237484 0.115894
v -0.148161 0.237484 0.115894
v -0.148161 0.237484 0.115894
v -0.008748 -0.279776 0.015711
v -0.008748 -0.279776 0.015711
v -0.008748 -0.279776 0.015711
v -0.046001 -0.276106 0.015711
v -0.046001 -0.276106 0.015711
v -0.046001 -0.276106 0.015711
v -0.046001 -0.276106 0.015711
v -0.046001 -0.276106 0.115894
v -0.046001 -0.276106 0.115894
v -0.046001 -0.276106 0.115894
v -0.008748 -0.279776 0.115894
v -0.008748 -0.279776 0.115894
v -0.008748 -0.279776 0.115894
v 0.227765 -0.162709 0.015711
v 0.227765 -0.162709 0.015711
v 0.227765 -0.162709 0.015711
v 0.204017 -0.191645 0.015711
v 0.204017 -0.191645 0.015711
v 0.204017 -0.191645 0.015711
v 0.204017 -0.191645 0.115894
v 0.204017 -0.191645 0.115894
v 0.204017 -0.191645 0.115894
v 0.227765 -0.162709 0.115894
v 0.227765 -0.162709 0.115894
v 0.227765 -0.162709 0.115894
v -0.098983 0.261826 0.015712
v -0.098983 0.261826 0.015712
v -0.098983 0.261826 0.015712
v -0.063161 0.272692 0.015712
v -0.063161 0.272692 0.015712
v -0.063161 0.272692 0.015712
v -0.063161 0.272692 0.115894
v -0.063161 0.272692 0.115894
v -0.063161 0.272692 0.115894
v -0.098983 0.261826 0.115894
v -0.098983 0.261826 0.115894
v -0.098983 0.261826 0.115894
v -0.063161 -0.272693 0.015711
v -0.063161 -0.272693 0.015711
v -0.063161 -0.272693 0.015711
v -0.098983 -0.261827 0.015711
v -0.098983 -0.261827 0.015711
v -0.098983 -0.261827 0.015711
v -0.098983 -0.261827 0.115894
v -0.098983 -0.261827 0.115894
v -0.098983 -0.261827 0.115894
v -0.063161 -0.272693 0.115894
v -0.063161 -0.272693 0.115894
v -0.063161 -0.272693 0.115894
v 0.191645 -0.204017 0.015711
v 0.191645 -0.204017 0.015711
v 0.191645 -0.204017 0.015711
v 0.162709 -0.227765 0.015711
v 0.162709 -0.227765 0.015711
v 0.162709 -0.227765 0.015711
v 0.162709 -0.227765 0.115894
v 0.162709 -0.227765 0.115894
v 0.162709 -0.227765 0.115894
v 0.191645 -0.204017 0.115894
v 0.191645 -0.204017 0.115894
v 0.191645 -0.204017 0.115894
v -0.046001 0.276106 0.015712
v -0.046001 0.276106 0.015712
v -0.046001 0.276106 0.015712
v -0.008748 0.279775 0.015712
v -0.008748 0.279775 0.015712
v -0.008748 0.279775 0.015712
v -0.008748 0.279775 0.115894
v -0.008748 0.279775 0.115894
v -0.008748 0.279775 0.115894
v -0.046001 0.276106 0.115894
v -0.046001 0.276106 0.115894
v -0.046001 0.276106 0.115894
v -0.046001 0.276106 0.115894
v -0.115147 -0.255131 0.015711
v -0.115147 -0.255131 0.015711
v -0.115147 -0.255131 0.015711
v -0.148161 -0.237485 0.015711
v -0.148161 -0.237485 0.015711
v -0.148161 -0.237485 0.015711
v -0.148161 -0.237485 0.115894
v -0.148161 -0.237485 0.115894
v -0.148161 -0.237485 0.115894
v -0.115147 -0.255131 0.115894
v -0.115147 -0.255131 0.115894
v -0.115147 -0.255131 0.115894
v 0.148161 -0.237485 0.015711
v 0.148161 -0.237485 0.015711
v 0.148161 -0.237485 0.015711
v 0.115148 -0.255131 0.015711
v 0.115148 -0.255131 0.015711
v 0.115148 -0.255131 0.015711
v 0.115148 -0.255131 0.115894
v 0.115148 -0.255131 0.115894
v 0.115148 -0.255131 0.115894
v 0.148161 -0.237485 0.115894
v 0.148161 -0.237485 0.115894
v 0.148161 -0.237485 0.115894
v -0.054749 -0.275245 -0.001034
v -0.054749 -0.275245 -0.001034
v -0.107395 -0.259275 -0.001034
v -0.107395 -0.259275 -0.001034
v -0.155913 -0.233341 -0.001034
v -0.155913 -0.233341 -0.001034
v -0.198440 -0.198441 -0.001034
v -0.198440 -0.198441 -0.001034
v -0.233341 -0.155914 -0.001034
v -0.233341 -0.155914 -0.001034
v -0.259275 -0.107396 -0.001034
v -0.259275 -0.107396 -0.001034
v -0.259275 -0.107396 -0.001034
v -0.275244 -0.054750 -0.001034
v -0.275244 -0.054750 -0.001034
v -0.280637 0.000000 -0.001034
v -0.280637 0.000000 -0.001034
v -0.280637 0.000000 -0.001034
v -0.280637 0.000000 -0.001034
v -0.275244 0.054749 -0.001034
v -0.275244 0.054749 -0.001034
v -0.275244 0.054749 -0.001034
v -0.259275 0.107395 -0.001034
v -0.259275 0.107395 -0.001034
v -0.233341 0.155913 -0.001034
v -0.233341 0.155913 -0.001034
v -0.198440 0.198440 -0.001034
v -0.198440 0.198440 -0.001034
v -0.155913 0.233341 -0.001034
v -0.155913 0.233341 -0.001034
v -0.107395 0.259274 -0.001034
v -0.107395 0.259274 -0.001034
v -0.054749 0.275244 -0.001034
v -0.054749 0.275244 -0.001034
v -0.000000 0.280636 -0.001034
v -0.000000 0.280636 -0.001034
v 0.054749 0.275244 -0.001034
v 0.054749 0.275244 -0.001034
v 0.107395 0.259274 -0.001034
v 0.107395 0.259274 -0.001034
v 0.155914 0.233341 -0.001034
v 0.155914 0.233341 -0.001034
v 0.198440 0.198440 -0.001034
v 0.198440 0.198440 -0.001034
v 0.233341 0.155913 -0.001034
v 0.233341 0.155913 -0.001034
v 0.259275 0.107395 -0.001034
v 0.259275 0.107395 -0.001034
v 0.275245 0.054749 -0.001034
v 0.275245 0.054749 -0.001034
v 0.280637 0.000000 -0.001034
v 0.280637 0.000000 -0.001034
v 0.275245 -0.054750 -0.001034
v 0.275245 -0.054750 -0.001034
v 0.275245 -0.054750 -0.001034
v 0.259275 -0.107395 -0.001034
v 0.259275 -0.107395 -0.001034
v 0.233341 -0.155914 -0.001034
v 0.233341 -0.155914 -0.001034
v 0.198440 -0.198441 -0.001034
v 0.198440 -0.198441 -0.001034
v 0.155914 -0.233341 -0.001034
v 0.155914 -0.233341 -0.001034
v 0.107395 -0.259275 -0.001034
v 0.107395 -0.259275 -0.001034
v 0.054750 -0.275245 -0.001034
v 0.054750 -0.275245 -0.001034
v -0.000000 -0.280637 -0.001034
v -0.000000 -0.280637 -0.001034
v -0.054749 -0.275245 0.132639
v -0.054749 -0.275245 0.132639
v -0.054749 -0.275245 0.132639
v -0.107395 -0.259275 0.132639
v -0.107395 -0.259275 0.132639
v -0.107395 -0.259275 0.132639
v -0.155913 -0.233341 0.132639
v -0.155913 -0.233341 0.132639
v -0.155913 -0.233341 0.132639
v -0.198440 -0.198441 0.132639
v -0.198440 -0.198441 0.132639
v -0.198440 -0.198441 0.132639
v -0.233341 -0.155914 0.132639
v -0.233341 -0.155914 0.132639
v -0.233341 -0.155914 0.132639
v -0.259275 -0.107396 0.132639
v -0.259275 -0.107396 0.132639
v -0.259275 -0.107396 0.132639
v -0.275244 -0.054750 0.132639
v -0.275244 -0.054750 0.132639
v -0.275244 -0.054750 0.132639
v -0.275244 -0.054750 0.132639
v -0.280637 0.000000 0.132639
v -0.280637 0.000000 0.132639
v -0.280637 0.000000 0.132639
v -0.280637 0.000000 0.132639
v -0.280637 0.000000 0.132639
v -0.275244 0.054749 0.132639
v -0.275244 0.054749 0.132639
v -0.275244 0.054749 0.132639
v -0.259275 0.107395 0.132639
v -0.259275 0.107395 0.132639
v -0.259275 0.107395 0.132639
v -0.259275 0.107395 0.132639
v -0.233341 0.155913 0.132639
v -0.233341 0.155913 0.132639
v -0.233341 0.155913 0.132639
v -0.198440 0.198440 0.132639
v -0.198440 0.198440 0.132639
v -0.198440 0.198440 0.132639
v -0.155913 0.233341 0.132639
v -0.155913 0.233341 0.132639
v -0.155913 0.233341 0.132639
v -0.107395 0.259274 0.132639
v -0.107395 0.259274 0.132639
v -0.107395 0.259274 0.132639
v -0.054749 0.275244 0.132639
v -0.054749 0.275244 0.132639
v -0.054749 0.275244 0.132639
v -0.000000 0.280636 0.132639
v -0.000000 0.280636 0.132639
v -0.000000 0.280636 0.132639
v 0.054749 0.275244 0.132639
v 0.054749 0.275244 0.132639
v 0.054749 0.275244 0.132639
v 0.107395 0.259274 0.132639
v 0.107395 0.259274 0.132639
v 0.107395 0.259274 0.132639
v 0.155914 0.233341 0.132639
v 0.155914 0.233341 0.132639
v 0.155914 0.233341 0.132639
v 0.198440 0.198440 0.132639
v 0.198440 0.198440 0.132639
v 0.198440 0.198440 0.132639
v 0.233341 0.155913 0.132639
v 0.233341 0.155913 0.132639
v 0.233341 0.155913 0.132639
v 0.259275 0.107395 0.132639
v 0.259275 0.107395 0.132639
v 0.259275 0.107395 0.132639
v 0.275244 0.054749 0.132639
v 0.275244 0.054749 0.132639
v 0.275244 0.054749 0.132639
v 0.275244 0.054749 0.132639
v 0.280637 0.000000 0.132639
v 0.280637 0.000000 0.132639
v 0.280637 0.000000 0.132639
v 0.275244 -0.054750 0.132639
v 0.275244 -0.054750 0.132639
v 0.275244 -0.054750 0.132639
v 0.259275 -0.107395 0.132639
v 0.259275 -0.107395 0.132639
v 0.259275 -0.107395 0.132639
v 0.233341 -0.155914 0.132639
v 0.233341 -0.155914 0.132639
v 0.233341 -0.155914 0.132639
v 0.198440 -0.198441 0.132639
v 0.198440 -0.198441 0.132639
v 0.198440 -0.198441 0.132639
v 0.155914 -0.233341 0.132639
v 0.155914 -0.233341 0.132639
v 0.155914 -0.233341 0.132639
v 0.107395 -0.259275 0.132639
v 0.107395 -0.259275 0.132639
v 0.107395 -0.259275 0.132639
v 0.054750 -0.275245 0.132639
v 0.054750 -0.275245 0.132639
v 0.054750 -0.275245 0.132639
v -0.000000 -0.280637 0.132639
v -0.000000 -0.280637 0.132639
v -0.000000 -0.280637 0.132639
v -0.035362 -0.177777 0.095000
v -0.035362 -0.177777 0.095000
v -0.035362 -0.177777 0.095000
v -0.035362 -0.177777 0.095000
v -0.069365 -0.167462 0.095000
v -0.069365 -0.167462 0.095000
v -0.069365 -0.167462 0.095000
v -0.069365 -0.167462 0.095000
v -0.100702 -0.150712 0.095000
v -0.100702 -0.150712 0.095000
v -0.100702 -0.150712 0.095000
v -0.100702 -0.150712 0.095000
v -0.128169 -0.128170 0.095000
v -0.128169 -0.128170 0.095000
v -0.128169 -0.128170 0.095000
v -0.128169 -0.128170 0.095000
v -0.150711 -0.100703 0.095000
v -0.150711 -0.100703 0.095000
v -0.150711 -0.100703 0.095000
v -0.150711 -0.100703 0.095000
v -0.167461 -0.069365 0.095000
v -0.167461 -0.069365 0.095000
v -0.167461 -0.069365 0.095000
v -0.167461 -0.069365 0.095000
v -0.177776 -0.035362 0.095000
v -0.177776 -0.035362 0.095000
v -0.177776 -0.035362 0.095000
v -0.177776 -0.035362 0.095000
v -0.181259 0.000000 0.095000
v -0.181259 0.000000 0.095000
v -0.181259 0.000000 0.095000
v -0.181259 0.000000 0.095000
v -0.177776 0.035361 0.095001
v -0.177776 0.035361 0.095001
v -0.177776 0.035361 0.095001
v -0.177776 0.035361 0.095001
v -0.167461 0.069364 0.095001
v -0.167461 0.069364 0.095001
v -0.167461 0.069364 0.095001
v -0.167461 0.069364 0.095001
v -0.150711 0.100702 0.095001
v -0.150711 0.100702 0.095001
v -0.150711 0.100702 0.095001
v -0.150711 0.100702 0.095001
v -0.128169 0.128169 0.095001
v -0.128169 0.128169 0.095001
v -0.128169 0.128169 0.095001
v -0.128169 0.128169 0.095001
v -0.100702 0.150711 0.095001
v -0.100702 0.150711 0.095001
v -0.100702 0.150711 0.095001
v -0.100702 0.150711 0.095001
v -0.069365 0.167461 0.095001
v -0.069365 0.167461 0.095001
v -0.069365 0.167461 0.095001
v -0.069365 0.167461 0.095001
v -0.035362 0.177776 0.095001
v -0.035362 0.177776 0.095001
v -0.035362 0.177776 0.095001
v -0.035362 0.177776 0.095001
v -0.000000 0.181259 0.095001
v -0.000000 0.181259 0.095001
v -0.000000 0.181259 0.095001
v -0.000000 0.181259 0.095001
v 0.035362 0.177776 0.095001
v 0.035362 0.177776 0.095001
v 0.035362 0.177776 0.095001
v 0.035362 0.177776 0.095001
v 0.069365 0.167461 0.095001
v 0.069365 0.167461 0.095001
v 0.069365 0.167461 0.095001
v 0.069365 0.167461 0.095001
v 0.100702 0.150711 0.095001
v 0.100702 0.150711 0.095001
v 0.100702 0.150711 0.095001
v 0.100702 0.150711 0.095001
v 0.128170 0.128169 0.095001
v 0.128170 0.128169 0.095001
v 0.128170 0.128169 0.095001
v 0.128170 0.128169 0.095001
v 0.150712 0.100702 0.095001
v 0.150712 0.100702 0.095001
v 0.150712 0.100702 0.095001
v 0.150712 0.100702 0.095001
v 0.167462 0.069365 0.095001
v 0.167462 0.069365 0.095001
v 0.167462 0.069365 0.095001
v 0.167462 0.069365 0.095001
v 0.177776 0.035362 0.095001
v 0.177776 0.035362 0.095001
v 0.177776 0.035362 0.095001
v 0.177776 0.035362 0.095001
v 0.181259 0.000000 0.095001
v 0.181259 0.000000 0.095001
v 0.181259 0.000000 0.095001
v 0.181259 0.000000 0.095001
v 0.177776 -0.035362 0.095001
v 0.177776 -0.035362 0.095001
v 0.177776 -0.035362 0.095001
v 0.177776 -0.035362 0.095001
v 0.167462 -0.069365 0.095001
v 0.167462 -0.069365 0.095001
v 0.167462 -0.069365 0.095001
v 0.167462 -0.069365 0.095001
v 0.150712 -0.100702 0.095001
v 0.150712 -0.100702 0.095001
v 0.150712 -0.100702 0.095001
v 0.150712 -0.100702 0.095001
v 0.128170 -0.128170 0.095001
v 0.128170 -0.128170 0.095001
v 0.128170 -0.128170 0.095001
v 0.128170 -0.128170 0.095001
v 0.100702 -0.150712 0.095001
v 0.100702 -0.150712 0.095001
v 0.100702 -0.150712 0.095001
v 0.100702 -0.150712 0.095001
v 0.069365 -0.167462 0.095001
v 0.069365 -0.167462 0.095001
v 0.069365 -0.167462 0.095001
v 0.069365 -0.167462 0.095001
v -0.000000 -0.181259 0.095001
v -0.000000 -0.181259 0.095001
v -0.000000 -0.181259 0.095001
v -0.000000 -0.181259 0.095001
v 0.035362 -0.177777 0.095001
v 0.035362 -0.177777 0.095001
v 0.035362 -0.177777 0.095001
v 0.035362 -0.177777 0.095001
v -0.046262 -0.232578 0.132639
v -0.046262 -0.232578 0.132639
v -0.046262 -0.232578 0.132639
v -0.090747 -0.219084 0.132639
v -0.090747 -0.219084 0.132639
v -0.090747 -0.219084 0.132639
v -0.131745 -0.197170 0.132639
v -0.131745 -0.197170 0.132639
v -0.131745 -0.197170 0.132639
v -0.167679 -0.167680 0.132639
v -0.167679 -0.167680 0.132639
v -0.167679 -0.167680 0.132639
v -0.197170 -0.131745 0.132639
v -0.197170 -0.131745 0.132639
v -0.197170 -0.131745 0.132639
v -0.219083 -0.090748 0.132639
v -0.219083 -0.090748 0.132639
v -0.219083 -0.090748 0.132639
v -0.232578 -0.046263 0.132639
v -0.232578 -0.046263 0.132639
v -0.232578 -0.046263 0.132639
v -0.237134 0.000000 0.132639
v -0.237134 0.000000 0.132639
v -0.237134 0.000000 0.132639
v -0.232578 0.046262 0.132639
v -0.232578 0.046262 0.132639
v -0.232578 0.046262 0.132639
v -0.219083 0.090747 0.132639
v -0.219083 0.090747 0.132639
v -0.219083 0.090747 0.132639
v -0.197170 0.131744 0.132639
v -0.197170 0.131744 0.132639
v -0.197170 0.131744 0.132639
v -0.167679 0.167679 0.132639
v -0.167679 0.167679 0.132639
v -0.167679 0.167679 0.132639
v -0.131745 0.197169 0.132639
v -0.131745 0.197169 0.132639
v -0.131745 0.197169 0.132639
v -0.090747 0.219083 0.132639
v -0.090747 0.219083 0.132639
v -0.090747 0.219083 0.132639
v -0.046262 0.232577 0.132639
v -0.046262 0.232577 0.132639
v -0.046262 0.232577 0.132639
v -0.000000 0.237134 0.132639
v -0.000000 0.237134 0.132639
v -0.000000 0.237134 0.132639
v 0.046263 0.232577 0.132639
v 0.046263 0.232577 0.132639
v 0.046263 0.232577 0.132639
v 0.090747 0.219083 0.132639
v 0.090747 0.219083 0.132639
v 0.090747 0.219083 0.132639
v 0.131745 0.197169 0.132639
v 0.131745 0.197169 0.132639
v 0.131745 0.197169 0.132639
v 0.167679 0.167679 0.132639
v 0.167679 0.167679 0.132639
v 0.167679 0.167679 0.132639
v 0.197170 0.131744 0.132639
v 0.197170 0.131744 0.132639
v 0.197170 0.131744 0.132639
v 0.219083 0.090747 0.132639
v 0.219083 0.090747 0.132639
v 0.219083 0.090747 0.132639
v 0.232578 0.046262 0.132639
v 0.232578 0.046262 0.132639
v 0.232578 0.046262 0.132639
v 0.237134 0.000000 0.132639
v 0.237134 0.000000 0.132639
v 0.237134 0.000000 0.132639
v 0.232578 -0.046263 0.132639
v 0.232578 -0.046263 0.132639
v 0.232578 -0.046263 0.132639
v 0.219084 -0.090748 0.132639
v 0.219084 -0.090748 0.132639
v 0.219084 -0.090748 0.132639
v 0.197170 -0.131745 0.132639
v 0.197170 -0.131745 0.132639
v 0.197170 -0.131745 0.132639
v 0.167679 -0.167679 0.132639
v 0.167679 -0.167679 0.132639
v 0.167679 -0.167679 0.132639
v 0.131745 -0.197170 0.132639
v 0.131745 -0.197170 0.132639
v 0.131745 -0.197170 0.132639
v 0.090747 -0.219084 0.132639
v 0.090747 -0.219084 0.132639
v 0.090747 -0.219084 0.132639
v 0.046263 -0.232578 0.132639
v 0.046263 -0.232578 0.132639
v 0.046263 -0.232578 0.132639
v -0.000000 -0.237134 0.132639
v -0.000000 -0.237134 0.132639
v -0.000000 -0.237134 0.132639
vn -0.4714 0.8819 -0.0000
vn -0.0980 -0.9952 -0.0000
vn 0.6344 0.7730 -0.0000
vn -0.2903 0.9569 -0.0000
vn -0.2903 -0.9569 -0.0000
vn 0.7730 0.6344 -0.0000
vn -0.0980 0.9952 -0.0000
vn -0.4714 -0.8819 -0.0000
vn 0.8819 0.4714 -0.0000
vn -0.6344 -0.7730 -0.0000
vn 0.9569 0.2903 -0.0000
vn -0.7730 -0.6344 -0.0000
vn 0.9952 0.0980 -0.0000
vn -0.8819 -0.4714 -0.0000
vn 0.9952 -0.0980 -0.0000
vn -0.9569 -0.2903 -0.0000
vn 0.9569 -0.2903 -0.0000
vn -0.9952 -0.0980 -0.0000
vn 0.8819 -0.4714 -0.0000
vn -0.9952 0.0980 -0.0000
vn 0.7730 -0.6344 -0.0000
vn -0.9569 0.2903 -0.0000
vn 0.6344 -0.7730 -0.0000
vn -0.8819 0.4714 -0.0000
vn 0.4714 -0.8819 -0.0000
vn 0.0980 0.9952 -0.0000
vn -0.7730 0.6344 -0.0000
vn 0.2903 -0.9569 -0.0000
vn 0.2903 0.9569 -0.0000
vn -0.6344 0.7730 -0.0000
vn 0.0980 -0.9952 -0.0000
vn -0.0000 -0.0000 1.0000
vn -0.9952 0.0981 -0.0000
vn 0.9952 -0.0978 -0.0000
vn 0.9952 -0.0981 -0.0000
vn -0.0000 -0.0000 -1.0000
vn 0.7729 -0.6345 -0.0000
vn -0.7731 0.6343 -0.0000
vn -0.9570 0.2902 -0.0000
vn 0.9570 -0.2903 -0.0000
vn -0.6343 0.7731 -0.0000
vn -0.9952 -0.0981 -0.0000
vn -0.8818 0.4716 -0.0000
vn -0.8820 0.4713 -0.0000
vn 0.4714 0.8819 -0.0000
vn 0.4713 -0.8819 -0.0000
vn 0.4715 -0.8819 -0.0000
vn -0.4713 0.8819 -0.0000
vn -0.4713 0.8820 -0.0000
vn -0.4715 -0.8819 -0.0000
vn 0.4713 0.8820 -0.0000
vn 0.0981 0.9952 -0.0000
vn -0.2902 -0.9570 -0.0000
vn -0.7731 -0.6343 -0.0000
vn 0.7731 0.6343 -0.0000
vn 0.4713 0.8819 -0.0000
vn -0.8820 -0.4713 -0.0000
vn -0.8819 -0.4715 -0.0000
vn 0.9952 -0.0979 -0.0000
vn -0.9570 -0.2903 -0.0000
vn -0.9952 -0.0982 -0.0000
vn 0.9952 0.0979 -0.0000
vn 0.8819 -0.4715 -0.0000
vn 0.8819 0.4715 -0.0000
vn -0.9570 -0.2902 -0.0000
vn -0.9570 0.2903 -0.0000
vn -0.6492 0.5328 -0.5429
vn 0.2438 -0.8036 -0.5429
vn 0.2438 0.8036 -0.5429
vn -0.5328 0.6492 -0.5429
vn 0.0823 -0.8358 -0.5429
vn 0.3959 0.7406 -0.5429
vn -0.3959 0.7406 -0.5429
vn -0.0823 -0.8358 -0.5429
vn 0.5328 0.6492 -0.5429
vn -0.2438 0.8036 -0.5429
vn -0.2438 -0.8036 -0.5429
vn 0.6492 0.5328 -0.5429
vn -0.0823 0.8358 -0.5429
vn -0.3959 -0.7406 -0.5429
vn 0.7406 0.3959 -0.5429
vn -0.5328 -0.6492 -0.5429
vn 0.8036 0.2438 -0.5429
vn -0.6492 -0.5328 -0.5429
vn 0.8358 0.0823 -0.5429
vn -0.7406 -0.3959 -0.5429
vn 0.8358 -0.0823 -0.5429
vn -0.8036 -0.2438 -0.5429
vn 0.8036 -0.2438 -0.5429
vn -0.8358 -0.0823 -0.5429
vn 0.7406 -0.3959 -0.5429
vn -0.8358 0.0823 -0.5429
vn 0.6492 -0.5328 -0.5429
vn -0.8036 0.2438 -0.5429
vn 0.5328 -0.6492 -0.5429
vn -0.7406 0.3959 -0.5429
vn 0.3959 -0.7406 -0.5429
vn 0.0823 0.8358 -0.5429
vn -0.9569 0.2905 -0.0000
vn 0.0979 -0.9952 -0.0000
vn -0.6345 -0.7729 -0.0000
vn -0.9952 -0.0978 -0.0000
vn 0.9570 0.2902 -0.0000
vn 0.9570 -0.2902 -0.0000
vn -0.4333 0.3556 0.8281
vn 0.1627 -0.5364 0.8281
vn 0.1627 0.5364 0.8281
vn -0.3556 0.4333 0.8281
vn 0.0549 -0.5578 0.8281
vn 0.0550 -0.5578 0.8281
vn 0.2642 0.4944 0.8281
vn -0.2642 0.4943 0.8281
vn -0.2642 0.4944 0.8281
vn -0.0549 -0.5578 0.8281
vn 0.3556 0.4333 0.8281
vn -0.1627 0.5364 0.8281
vn -0.1627 -0.5364 0.8281
vn 0.4333 0.3556 0.8281
vn -0.0549 0.5578 0.8281
vn -0.2642 -0.4944 0.8281
vn -0.2642 -0.4943 0.8281
vn 0.4944 0.2642 0.8281
vn -0.3556 -0.4333 0.8281
vn 0.5364 0.1627 0.8281
vn -0.4333 -0.3556 0.8281
vn 0.5578 0.0549 0.8281
vn 0.5578 0.0550 0.8281
vn -0.4944 -0.2642 0.8281
vn 0.5578 -0.0549 0.8281
vn 0.5578 -0.0550 0.8281
vn -0.5364 -0.1627 0.8281
vn 0.5364 -0.1627 0.8281
vn -0.5578 -0.0549 0.8281
vn -0.5578 -0.0550 0.8281
vn 0.4943 -0.2642 0.8281
vn 0.4944 -0.2642 0.8281
vn -0.5578 0.0549 0.8281
vn 0.4333 -0.3556 0.8281
vn -0.5364 0.1627 0.8281
vn 0.3556 -0.4333 0.8281
vn -0.4943 0.2642 0.8281
vn 0.2642 -0.4944 0.8281
vn 0.2642 -0.4943 0.8281
vn 0.0549 0.5578 0.8281
vn 0.0549 0.5579 0.8281
vt 0.000000 0.000000
s 1
usemtl Material.004
f 2264/1/1 86/1/1 88/1/1
f 2264/1/1 2261/1/1 86/1/1
f 2213/1/2 47/1/2 50/1/2
f 2213/1/2 2210/1/2 47/1/2
f 2161/1/3 7/1/3 11/1/3
f 2161/1/3 2156/1/3 7/1/3
f 2272/1/4 89/1/4 94/1/4
f 2272/1/4 2265/1/4 89/1/4
f 2217/1/5 49/1/5 53/1/5
f 2217/1/5 2212/1/5 49/1/5
f 2165/1/6 10/1/6 14/1/6
f 2165/1/6 2160/1/6 10/1/6
f 2270/1/7 95/1/7 92/1/7
f 2270/1/7 2273/1/7 95/1/7
f 2221/1/8 52/1/8 56/1/8
f 2221/1/8 2216/1/8 52/1/8
f 2169/1/9 13/1/9 17/1/9
f 2169/1/9 2164/1/9 13/1/9
f 2225/1/10 55/1/10 59/1/10
f 2225/1/10 2220/1/10 55/1/10
f 2173/1/11 16/1/11 20/1/11
f 2173/1/11 2168/1/11 16/1/11
f 2229/1/12 58/1/12 62/1/12
f 2229/1/12 2224/1/12 58/1/12
f 2177/1/13 19/1/13 23/1/13
f 2177/1/13 2172/1/13 19/1/13
f 2233/1/14 61/1/14 65/1/14
f 2233/1/14 2228/1/14 61/1/14
f 2180/1/15 22/1/15 25/1/15
f 2180/1/15 2176/1/15 22/1/15
f 2237/1/16 64/1/16 68/1/16
f 2237/1/16 2232/1/16 64/1/16
f 2184/1/17 26/1/17 28/1/17
f 2184/1/17 2181/1/17 26/1/17
f 2240/1/18 67/1/18 70/1/18
f 2240/1/18 2236/1/18 67/1/18
f 2188/1/19 29/1/19 31/1/19
f 2188/1/19 2185/1/19 29/1/19
f 2244/1/20 71/1/20 73/1/20
f 2244/1/20 2241/1/20 71/1/20
f 2192/1/21 32/1/21 34/1/21
f 2192/1/21 2189/1/21 32/1/21
f 2248/1/22 74/1/22 76/1/22
f 2248/1/22 2245/1/22 74/1/22
f 2196/1/23 35/1/23 37/1/23
f 2196/1/23 2193/1/23 35/1/23
f 2252/1/24 77/1/24 79/1/24
f 2252/1/24 2249/1/24 77/1/24
f 2200/1/25 38/1/25 40/1/25
f 2200/1/25 2197/1/25 38/1/25
f 2149/1/26 91/1/26 2/1/26
f 2149/1/26 2268/1/26 91/1/26
f 2256/1/27 80/1/27 82/1/27
f 2256/1/27 2253/1/27 80/1/27
f 2204/1/28 41/1/28 43/1/28
f 2204/1/28 2201/1/28 41/1/28
f 2153/1/29 1/1/29 5/1/29
f 2153/1/29 2148/1/29 1/1/29
f 2260/1/30 83/1/30 85/1/30
f 2260/1/30 2257/1/30 83/1/30
f 2208/1/31 44/1/31 46/1/31
f 2208/1/31 2205/1/31 44/1/31
f 48/1/32 24/1/32 93/1/32
f 93/1/32 72/1/32 48/1/32
f 24/1/32 12/1/32 93/1/32
f 48/1/32 36/1/32 24/1/32
f 72/1/32 60/1/32 48/1/32
f 93/1/32 84/1/32 72/1/32
f 12/1/32 6/1/32 93/1/32
f 24/1/32 18/1/32 12/1/32
f 36/1/32 30/1/32 24/1/32
f 48/1/32 42/1/32 36/1/32
f 60/1/32 54/1/32 48/1/32
f 72/1/32 66/1/32 60/1/32
f 84/1/32 78/1/32 72/1/32
f 93/1/32 90/1/32 84/1/32
f 6/1/32 3/1/32 93/1/32
f 12/1/32 9/1/32 6/1/32
f 18/1/32 15/1/32 12/1/32
f 24/1/32 21/1/32 18/1/32
f 30/1/32 27/1/32 24/1/32
f 36/1/32 33/1/32 30/1/32
f 42/1/32 39/1/32 36/1/32
f 48/1/32 45/1/32 42/1/32
f 54/1/32 51/1/32 48/1/32
f 60/1/32 57/1/32 54/1/32
f 66/1/32 63/1/32 60/1/32
f 72/1/32 69/1/32 66/1/32
f 78/1/32 75/1/32 72/1/32
f 84/1/32 81/1/32 78/1/32
f 90/1/32 87/1/32 84/1/32
f 93/1/32 96/1/32 90/1/32
f 496/1/33 98/1/20 108/1/33
f 496/1/33 486/1/20 98/1/20
f 487/1/32 102/1/32 99/1/32
f 487/1/32 491/1/32 102/1/32
f 489/1/34 104/1/34 100/1/34
f 488/1/35 492/1/35 103/1/35
f 494/1/36 109/1/36 106/1/36
f 494/1/36 497/1/36 109/1/36
f 107/1/26 101/1/26 105/1/26
f 107/1/26 97/1/26 101/1/26
f 507/1/37 110/1/37 119/1/37
f 507/1/37 498/1/37 110/1/37
f 500/1/32 115/1/32 112/1/32
f 500/1/32 503/1/32 115/1/32
f 501/1/38 116/1/38 113/1/38
f 501/1/38 504/1/38 116/1/38
f 506/1/36 121/1/36 118/1/36
f 506/1/36 509/1/36 121/1/36
f 120/1/10 114/1/10 117/1/10
f 120/1/10 111/1/10 114/1/10
f 519/1/11 122/1/11 131/1/11
f 519/1/11 510/1/11 122/1/11
f 512/1/32 127/1/32 124/1/32
f 512/1/32 515/1/32 127/1/32
f 514/1/16 129/1/16 126/1/16
f 514/1/16 517/1/16 129/1/16
f 518/1/36 133/1/36 130/1/36
f 518/1/36 521/1/36 133/1/36
f 132/1/28 125/1/28 128/1/28
f 132/1/28 123/1/28 125/1/28
f 532/1/22 135/1/39 144/1/22
f 532/1/22 523/1/39 135/1/39
f 524/1/32 139/1/32 136/1/32
f 524/1/32 527/1/32 139/1/32
f 525/1/17 140/1/17 137/1/17
f 525/1/17 528/1/40 140/1/17
f 530/1/36 145/1/36 142/1/36
f 530/1/36 533/1/36 145/1/36
f 143/1/29 138/1/29 141/1/29
f 143/1/29 134/1/29 138/1/29
f 543/1/23 146/1/23 155/1/23
f 543/1/23 534/1/23 146/1/23
f 536/1/32 151/1/32 148/1/32
f 536/1/32 539/1/32 151/1/32
f 538/1/41 153/1/41 150/1/41
f 538/1/41 541/1/41 153/1/41
f 542/1/36 157/1/36 154/1/36
f 542/1/36 545/1/36 157/1/36
f 156/1/12 149/1/12 152/1/12
f 156/1/12 147/1/12 149/1/12
f 556/1/13 159/1/13 168/1/13
f 555/1/13 546/1/13 158/1/13
f 548/1/32 164/1/32 161/1/32
f 548/1/32 551/1/32 164/1/32
f 550/1/42 166/1/42 163/1/42
f 550/1/42 553/1/42 166/1/42
f 554/1/36 170/1/36 167/1/36
f 554/1/36 558/1/36 170/1/36
f 169/1/31 162/1/31 165/1/31
f 169/1/31 160/1/31 162/1/31
f 569/1/43 172/1/43 181/1/43
f 569/1/43 560/1/44 172/1/43
f 561/1/32 176/1/32 173/1/32
f 561/1/32 564/1/32 176/1/32
f 562/1/19 177/1/19 174/1/19
f 562/1/19 565/1/19 177/1/19
f 567/1/36 182/1/36 179/1/36
f 567/1/36 570/1/36 182/1/36
f 180/1/45 175/1/45 178/1/45
f 180/1/45 171/1/45 175/1/45
f 580/1/46 183/1/25 192/1/46
f 580/1/46 571/1/47 183/1/25
f 573/1/32 188/1/32 185/1/32
f 573/1/32 576/1/32 188/1/32
f 575/1/48 190/1/1 187/1/48
f 575/1/48 578/1/1 190/1/1
f 579/1/36 194/1/36 191/1/36
f 579/1/36 582/1/36 194/1/36
f 193/1/14 186/1/14 189/1/14
f 193/1/14 184/1/14 186/1/14
f 593/1/38 196/1/38 205/1/38
f 593/1/38 584/1/38 196/1/38
f 585/1/32 200/1/32 197/1/32
f 585/1/32 588/1/32 200/1/32
f 586/1/21 201/1/21 198/1/21
f 586/1/21 589/1/21 201/1/21
f 591/1/36 206/1/36 203/1/36
f 591/1/36 594/1/36 206/1/36
f 204/1/3 199/1/3 202/1/3
f 204/1/3 195/1/3 199/1/3
f 607/1/28 207/1/28 216/1/28
f 607/1/28 595/1/28 207/1/28
f 598/1/32 212/1/32 209/1/32
f 598/1/32 602/1/32 212/1/32
f 601/1/4 214/1/4 211/1/4
f 601/1/4 605/1/4 214/1/4
f 606/1/36 218/1/36 215/1/36
f 606/1/36 610/1/36 218/1/36
f 217/1/16 210/1/16 213/1/16
f 217/1/16 208/1/16 210/1/16
f 621/1/30 220/1/30 229/1/30
f 621/1/30 612/1/30 220/1/30
f 613/1/32 224/1/32 221/1/32
f 613/1/32 616/1/32 224/1/32
f 615/1/23 226/1/23 223/1/23
f 615/1/23 618/1/23 226/1/23
f 619/1/36 230/1/36 227/1/36
f 619/1/36 622/1/36 230/1/36
f 228/1/6 222/1/6 225/1/6
f 228/1/6 219/1/6 222/1/6
f 633/1/31 231/1/31 240/1/31
f 633/1/31 623/1/31 231/1/31
f 625/1/32 236/1/32 233/1/32
f 625/1/32 629/1/32 236/1/32
f 628/1/7 238/1/7 235/1/7
f 628/1/7 631/1/7 238/1/7
f 632/1/36 242/1/36 239/1/36
f 632/1/36 635/1/36 242/1/36
f 241/1/18 234/1/18 237/1/18
f 241/1/18 232/1/18 234/1/18
f 646/1/49 244/1/49 253/1/49
f 646/1/49 637/1/49 244/1/49
f 638/1/32 248/1/32 245/1/32
f 638/1/32 641/1/32 248/1/32
f 640/1/47 250/1/47 247/1/47
f 640/1/47 643/1/47 250/1/47
f 644/1/36 254/1/36 251/1/36
f 644/1/36 647/1/36 254/1/36
f 252/1/9 246/1/9 249/1/9
f 252/1/9 243/1/9 246/1/9
f 659/1/2 256/1/2 265/1/2
f 659/1/2 649/1/2 256/1/2
f 650/1/32 260/1/32 257/1/32
f 650/1/32 653/1/32 260/1/32
f 651/1/26 261/1/26 258/1/26
f 651/1/26 654/1/26 261/1/26
f 656/1/36 266/1/36 263/1/36
f 656/1/36 660/1/36 266/1/36
f 264/1/20 259/1/20 262/1/20
f 264/1/20 255/1/20 259/1/20
f 673/1/4 268/1/4 277/1/4
f 673/1/4 662/1/4 268/1/4
f 663/1/32 272/1/32 269/1/32
f 663/1/32 667/1/32 272/1/32
f 666/1/28 274/1/28 271/1/28
f 666/1/28 670/1/28 274/1/28
f 671/1/36 278/1/36 275/1/36
f 671/1/36 674/1/36 278/1/36
f 276/1/11 270/1/11 273/1/11
f 276/1/11 267/1/11 270/1/11
f 689/1/5 280/1/5 289/1/5
f 689/1/5 677/1/5 280/1/5
f 678/1/32 284/1/32 281/1/32
f 678/1/32 682/1/32 284/1/32
f 679/1/29 285/1/29 282/1/29
f 679/1/29 683/1/29 285/1/29
f 686/1/36 290/1/36 287/1/36
f 686/1/36 690/1/36 290/1/36
f 288/1/22 283/1/22 286/1/22
f 288/1/22 279/1/22 283/1/22
f 701/1/7 292/1/7 301/1/7
f 701/1/7 692/1/7 292/1/7
f 693/1/32 296/1/32 293/1/32
f 693/1/32 696/1/32 296/1/32
f 695/1/31 298/1/31 295/1/31
f 695/1/31 698/1/31 298/1/31
f 699/1/36 302/1/36 299/1/36
f 699/1/36 702/1/36 302/1/36
f 300/1/13 294/1/13 297/1/13
f 300/1/13 291/1/13 294/1/13
f 713/1/50 304/1/50 313/1/50
f 713/1/50 704/1/50 304/1/50
f 705/1/32 308/1/32 305/1/32
f 705/1/32 708/1/32 308/1/32
f 706/1/51 309/1/51 306/1/51
f 706/1/51 709/1/51 309/1/51
f 711/1/36 314/1/36 311/1/36
f 711/1/36 714/1/36 314/1/36
f 312/1/24 307/1/24 310/1/24
f 312/1/24 303/1/24 307/1/24
f 725/1/52 316/1/52 325/1/52
f 725/1/52 716/1/52 316/1/52
f 717/1/32 320/1/32 317/1/32
f 717/1/32 720/1/32 320/1/32
f 719/1/2 322/1/2 319/1/2
f 719/1/2 722/1/2 322/1/2
f 723/1/36 326/1/36 323/1/36
f 723/1/36 726/1/36 326/1/36
f 324/1/15 318/1/15 321/1/15
f 324/1/15 315/1/15 318/1/15
f 737/1/10 328/1/10 337/1/10
f 737/1/10 728/1/10 328/1/10
f 729/1/32 332/1/32 329/1/32
f 729/1/32 732/1/32 332/1/32
f 730/1/3 333/1/3 330/1/3
f 730/1/3 733/1/3 333/1/3
f 735/1/36 338/1/36 335/1/36
f 735/1/36 738/1/36 338/1/36
f 336/1/27 331/1/27 334/1/27
f 336/1/27 327/1/27 331/1/27
f 751/1/29 340/1/29 349/1/29
f 751/1/29 741/1/29 340/1/29
f 742/1/32 344/1/32 341/1/32
f 742/1/32 745/1/32 344/1/32
f 744/1/53 346/1/53 343/1/53
f 744/1/53 747/1/53 346/1/53
f 748/1/36 350/1/36 347/1/36
f 748/1/36 752/1/36 350/1/36
f 348/1/17 342/1/17 345/1/17
f 348/1/17 339/1/17 342/1/17
f 762/1/54 351/1/54 360/1/54
f 762/1/54 753/1/54 351/1/54
f 755/1/32 356/1/32 353/1/32
f 755/1/32 758/1/32 356/1/32
f 756/1/55 357/1/55 354/1/55
f 756/1/55 759/1/55 357/1/55
f 761/1/36 362/1/36 359/1/36
f 761/1/36 764/1/36 362/1/36
f 361/1/30 355/1/30 358/1/30
f 361/1/30 352/1/30 355/1/30
f 775/1/56 364/1/56 373/1/56
f 775/1/56 766/1/56 364/1/56
f 767/1/32 368/1/32 365/1/32
f 767/1/32 770/1/32 368/1/32
f 769/1/50 370/1/8 367/1/50
f 769/1/50 772/1/8 370/1/8
f 773/1/36 374/1/36 371/1/36
f 773/1/36 776/1/36 374/1/36
f 372/1/19 366/1/19 369/1/19
f 372/1/19 363/1/19 366/1/19
f 786/1/57 375/1/58 384/1/57
f 786/1/57 777/1/58 375/1/58
f 779/1/32 380/1/32 377/1/32
f 779/1/32 782/1/32 380/1/32
f 780/1/9 381/1/9 378/1/9
f 780/1/9 783/1/9 381/1/9
f 785/1/36 386/1/36 383/1/36
f 785/1/36 788/1/36 386/1/36
f 385/1/1 379/1/1 382/1/1
f 385/1/1 376/1/1 379/1/1
f 799/1/59 387/1/15 397/1/59
f 799/1/59 789/1/15 387/1/15
f 791/1/32 392/1/32 389/1/32
f 791/1/32 795/1/32 392/1/32
f 792/1/33 393/1/33 390/1/33
f 793/1/33 796/1/33 394/1/33
f 798/1/36 399/1/36 396/1/36
f 798/1/36 801/1/36 399/1/36
f 398/1/2 391/1/2 395/1/2
f 398/1/2 388/1/2 391/1/2
f 812/1/3 401/1/3 410/1/3
f 812/1/3 803/1/3 401/1/3
f 804/1/32 405/1/32 402/1/32
f 804/1/32 807/1/32 405/1/32
f 806/1/10 407/1/10 404/1/10
f 806/1/10 809/1/10 407/1/10
f 810/1/36 411/1/36 408/1/36
f 810/1/36 813/1/36 411/1/36
f 409/1/21 403/1/21 406/1/21
f 409/1/21 400/1/21 403/1/21
f 823/1/16 412/1/16 421/1/16
f 823/1/16 814/1/60 412/1/16
f 816/1/32 417/1/32 414/1/32
f 816/1/32 819/1/32 417/1/32
f 817/1/11 418/1/11 415/1/11
f 817/1/11 820/1/11 418/1/11
f 822/1/36 423/1/36 420/1/36
f 822/1/36 825/1/36 423/1/36
f 422/1/4 416/1/4 419/1/4
f 422/1/4 413/1/4 416/1/4
f 835/1/17 424/1/17 433/1/17
f 835/1/17 826/1/17 424/1/17
f 828/1/32 429/1/32 426/1/32
f 828/1/32 831/1/32 429/1/32
f 829/1/22 430/1/22 427/1/22
f 829/1/22 832/1/22 430/1/22
f 834/1/36 435/1/36 432/1/36
f 834/1/36 837/1/36 435/1/36
f 434/1/5 428/1/5 431/1/5
f 434/1/5 425/1/5 428/1/5
f 847/1/6 436/1/6 445/1/6
f 847/1/6 838/1/6 436/1/6
f 840/1/32 441/1/32 438/1/32
f 840/1/32 843/1/32 441/1/32
f 842/1/12 443/1/12 440/1/12
f 842/1/12 845/1/12 443/1/12
f 846/1/36 447/1/36 444/1/36
f 846/1/36 849/1/36 447/1/36
f 446/1/23 439/1/23 442/1/23
f 446/1/23 437/1/23 439/1/23
f 859/1/61 448/1/61 458/1/61
f 860/1/42 850/1/42 449/1/42
f 852/1/32 454/1/32 451/1/32
f 852/1/32 855/1/32 454/1/32
f 853/1/62 455/1/13 452/1/62
f 853/1/62 856/1/13 455/1/13
f 858/1/36 460/1/36 457/1/36
f 858/1/36 862/1/36 460/1/36
f 459/1/7 453/1/7 456/1/7
f 459/1/7 450/1/7 453/1/7
f 872/1/63 461/1/63 470/1/63
f 872/1/63 863/1/63 461/1/63
f 865/1/32 466/1/32 463/1/32
f 865/1/32 868/1/32 466/1/32
f 866/1/44 467/1/24 464/1/44
f 866/1/44 869/1/24 467/1/24
f 871/1/36 472/1/36 469/1/36
f 871/1/36 874/1/36 472/1/36
f 471/1/8 465/1/8 468/1/8
f 471/1/8 462/1/8 465/1/8
f 884/1/64 473/1/64 482/1/64
f 884/1/64 875/1/64 473/1/64
f 877/1/32 478/1/32 475/1/32
f 877/1/32 880/1/32 478/1/32
f 879/1/14 480/1/14 477/1/14
f 879/1/14 882/1/14 480/1/14
f 883/1/36 484/1/36 481/1/36
f 883/1/36 886/1/36 484/1/36
f 483/1/25 476/1/25 479/1/25
f 483/1/25 474/1/25 476/1/25
f 2012/1/26 495/1/26 936/1/26
f 2012/1/26 485/1/26 495/1/26
f 2015/1/26 485/1/26 2012/1/26
f 2015/1/26 490/1/26 485/1/26
f 940/1/26 490/1/26 2015/1/26
f 940/1/26 493/1/26 490/1/26
f 936/1/26 493/1/26 940/1/26
f 936/1/26 495/1/26 493/1/26
f 1982/1/10 508/1/10 893/1/10
f 1982/1/10 499/1/10 508/1/10
f 1985/1/10 499/1/10 1982/1/10
f 1985/1/10 502/1/10 499/1/10
f 897/1/10 502/1/10 1985/1/10
f 897/1/10 505/1/10 502/1/10
f 893/1/10 505/1/10 897/1/10
f 893/1/10 508/1/10 505/1/10
f 2042/1/28 520/1/28 980/1/28
f 2042/1/28 511/1/28 520/1/28
f 2043/1/28 511/1/28 2042/1/28
f 2043/1/28 513/1/28 511/1/28
f 982/1/28 513/1/28 2043/1/28
f 982/1/28 516/1/28 513/1/28
f 980/1/28 516/1/28 982/1/28
f 980/1/28 520/1/28 516/1/28
f 2014/1/29 531/1/29 939/1/29
f 2014/1/29 522/1/29 531/1/29
f 2017/1/29 522/1/29 2014/1/29
f 2017/1/29 526/1/29 522/1/29
f 943/1/29 526/1/29 2017/1/29
f 943/1/29 529/1/29 526/1/29
f 939/1/29 529/1/29 943/1/29
f 939/1/29 531/1/29 529/1/29
f 1984/1/12 544/1/12 896/1/12
f 1984/1/12 535/1/12 544/1/12
f 1987/1/12 535/1/12 1984/1/12
f 1987/1/12 537/1/12 535/1/12
f 900/1/12 537/1/12 1987/1/12
f 900/1/12 540/1/12 537/1/12
f 896/1/12 540/1/12 900/1/12
f 896/1/12 544/1/12 540/1/12
f 2044/1/31 557/1/31 983/1/31
f 2044/1/31 547/1/31 557/1/31
f 2045/1/31 547/1/31 2044/1/31
f 2045/1/31 549/1/31 547/1/31
f 985/1/31 549/1/31 2045/1/31
f 985/1/31 552/1/31 549/1/31
f 983/1/31 552/1/31 985/1/31
f 983/1/31 557/1/31 552/1/31
f 2016/1/45 568/1/45 942/1/45
f 2016/1/45 559/1/45 568/1/45
f 2019/1/45 559/1/45 2016/1/45
f 2019/1/45 563/1/51 559/1/45
f 946/1/45 563/1/51 2019/1/45
f 946/1/45 566/1/51 563/1/51
f 942/1/45 566/1/51 946/1/45
f 942/1/45 568/1/45 566/1/51
f 1986/1/14 581/1/14 899/1/14
f 1986/1/14 572/1/14 581/1/14
f 1990/1/14 572/1/14 1986/1/14
f 1990/1/14 574/1/14 572/1/14
f 903/1/14 574/1/14 1990/1/14
f 903/1/14 577/1/14 574/1/14
f 899/1/14 577/1/14 903/1/14
f 899/1/14 581/1/14 577/1/14
f 2018/1/3 592/1/3 945/1/3
f 2018/1/3 583/1/3 592/1/3
f 2021/1/3 583/1/3 2018/1/3
f 2021/1/3 587/1/3 583/1/3
f 949/1/3 587/1/3 2021/1/3
f 949/1/3 590/1/3 587/1/3
f 945/1/3 590/1/3 949/1/3
f 945/1/3 592/1/3 590/1/3
f 1988/1/16 608/1/16 902/1/16
f 1989/1/65 597/1/65 609/1/65
f 1992/1/16 596/1/16 1988/1/16
f 1992/1/16 599/1/16 596/1/16
f 906/1/65 599/1/16 1992/1/16
f 907/1/65 604/1/65 600/1/65
f 902/1/16 603/1/16 906/1/16
f 902/1/16 608/1/16 603/1/16
f 2020/1/6 620/1/6 948/1/6
f 2020/1/6 611/1/6 620/1/6
f 2023/1/6 611/1/6 2020/1/6
f 2023/1/6 614/1/6 611/1/6
f 952/1/6 614/1/6 2023/1/6
f 952/1/6 617/1/6 614/1/6
f 948/1/6 617/1/6 952/1/6
f 948/1/6 620/1/6 617/1/6
f 1991/1/18 634/1/18 905/1/18
f 1991/1/18 624/1/42 634/1/18
f 1994/1/18 624/1/42 1991/1/18
f 1994/1/18 627/1/18 624/1/42
f 909/1/42 626/1/42 1993/1/42
f 910/1/18 630/1/18 627/1/18
f 905/1/18 630/1/18 910/1/18
f 905/1/18 634/1/18 630/1/18
f 2022/1/9 645/1/9 951/1/9
f 2022/1/9 636/1/9 645/1/9
f 2025/1/9 636/1/9 2022/1/9
f 2025/1/9 639/1/9 636/1/9
f 955/1/9 639/1/9 2025/1/9
f 955/1/9 642/1/9 639/1/9
f 951/1/9 642/1/9 955/1/9
f 951/1/9 645/1/9 642/1/9
f 1995/1/33 657/1/33 911/1/33
f 1996/1/20 648/1/20 658/1/20
f 1997/1/20 648/1/20 1996/1/20
f 1997/1/20 652/1/20 648/1/20
f 914/1/20 652/1/20 1997/1/20
f 914/1/20 655/1/20 652/1/20
f 912/1/20 655/1/20 914/1/20
f 912/1/20 658/1/20 655/1/20
f 2024/1/11 672/1/11 954/1/11
f 2024/1/11 661/1/11 672/1/11
f 2027/1/11 661/1/11 2024/1/11
f 2027/1/11 664/1/11 661/1/11
f 958/1/11 664/1/11 2027/1/11
f 959/1/11 669/1/11 665/1/11
f 954/1/11 668/1/11 958/1/11
f 954/1/11 672/1/11 668/1/11
f 1998/1/39 687/1/66 915/1/22
f 1999/1/39 676/1/39 688/1/39
f 2000/1/22 675/1/22 1998/1/22
f 2000/1/22 680/1/66 675/1/22
f 917/1/39 680/1/66 2000/1/22
f 918/1/39 685/1/39 681/1/39
f 915/1/22 684/1/22 917/1/22
f 915/1/22 687/1/66 684/1/22
f 2026/1/13 700/1/13 957/1/13
f 2026/1/13 691/1/13 700/1/13
f 2029/1/13 691/1/13 2026/1/13
f 2029/1/13 694/1/13 691/1/13
f 962/1/13 694/1/13 2029/1/13
f 962/1/13 697/1/13 694/1/13
f 957/1/13 697/1/13 962/1/13
f 957/1/13 700/1/13 697/1/13
f 2001/1/24 712/1/24 919/1/24
f 2001/1/24 703/1/24 712/1/24
f 2002/1/24 703/1/24 2001/1/24
f 2002/1/24 707/1/24 703/1/24
f 921/1/24 707/1/24 2002/1/24
f 921/1/24 710/1/24 707/1/24
f 919/1/24 710/1/24 921/1/24
f 919/1/24 712/1/24 710/1/24
f 2028/1/15 724/1/15 961/1/15
f 2028/1/15 715/1/15 724/1/15
f 2030/1/15 715/1/15 2028/1/15
f 2030/1/15 718/1/15 715/1/15
f 964/1/15 718/1/15 2030/1/15
f 964/1/15 721/1/15 718/1/15
f 961/1/15 721/1/15 964/1/15
f 961/1/15 724/1/15 721/1/15
f 2003/1/27 736/1/27 922/1/27
f 2003/1/27 727/1/27 736/1/27
f 2004/1/27 727/1/27 2003/1/27
f 2004/1/27 731/1/27 727/1/27
f 924/1/27 731/1/27 2004/1/27
f 924/1/27 734/1/27 731/1/27
f 922/1/27 734/1/27 924/1/27
f 922/1/27 736/1/27 734/1/27
f 2031/1/17 749/1/17 965/1/17
f 2032/1/17 740/1/17 750/1/17
f 2033/1/17 739/1/17 2031/1/17
f 2033/1/17 743/1/17 739/1/17
f 967/1/17 743/1/17 2033/1/17
f 967/1/17 746/1/17 743/1/17
f 965/1/17 746/1/17 967/1/17
f 965/1/17 749/1/17 746/1/17
f 2005/1/30 763/1/30 925/1/30
f 2005/1/30 754/1/30 763/1/30
f 2006/1/30 754/1/30 2005/1/30
f 2006/1/30 757/1/30 754/1/30
f 927/1/30 757/1/30 2006/1/30
f 927/1/30 760/1/30 757/1/30
f 925/1/30 760/1/30 927/1/30
f 925/1/30 763/1/30 760/1/30
f 2034/1/19 774/1/19 968/1/19
f 2034/1/19 765/1/19 774/1/19
f 2035/1/19 765/1/19 2034/1/19
f 2035/1/19 768/1/19 765/1/19
f 970/1/19 768/1/19 2035/1/19
f 970/1/19 771/1/19 768/1/19
f 968/1/19 771/1/19 970/1/19
f 968/1/19 774/1/19 771/1/19
f 2007/1/1 787/1/1 928/1/1
f 2007/1/1 778/1/1 787/1/1
f 2008/1/1 778/1/1 2007/1/1
f 2008/1/1 781/1/1 778/1/1
f 930/1/1 781/1/1 2008/1/1
f 930/1/1 784/1/1 781/1/1
f 928/1/1 784/1/1 930/1/1
f 928/1/1 787/1/1 784/1/1
f 2046/1/2 800/1/2 986/1/2
f 2046/1/2 790/1/2 800/1/2
f 1979/1/2 790/1/2 2046/1/2
f 1979/1/2 794/1/2 790/1/2
f 888/1/2 794/1/2 1979/1/2
f 888/1/2 797/1/2 794/1/2
f 986/1/2 797/1/2 888/1/2
f 986/1/2 800/1/2 797/1/2
f 2036/1/21 811/1/21 971/1/21
f 2036/1/21 802/1/21 811/1/21
f 2037/1/21 802/1/21 2036/1/21
f 2037/1/21 805/1/21 802/1/21
f 973/1/21 805/1/21 2037/1/21
f 973/1/21 808/1/21 805/1/21
f 971/1/21 808/1/21 973/1/21
f 971/1/21 811/1/21 808/1/21
f 2009/1/4 824/1/4 931/1/4
f 2009/1/4 815/1/4 824/1/4
f 2010/1/4 815/1/4 2009/1/4
f 2010/1/4 818/1/4 815/1/4
f 933/1/4 818/1/4 2010/1/4
f 933/1/4 821/1/4 818/1/4
f 931/1/4 821/1/4 933/1/4
f 931/1/4 824/1/4 821/1/4
f 1978/1/5 836/1/5 887/1/5
f 1978/1/5 827/1/5 836/1/5
f 1981/1/5 827/1/5 1978/1/5
f 1981/1/5 830/1/5 827/1/5
f 891/1/5 830/1/5 1981/1/5
f 891/1/5 833/1/5 830/1/5
f 887/1/5 833/1/5 891/1/5
f 887/1/5 836/1/5 833/1/5
f 2038/1/23 848/1/23 974/1/23
f 2038/1/23 839/1/23 848/1/23
f 2039/1/23 839/1/23 2038/1/23
f 2039/1/23 841/1/23 839/1/23
f 976/1/23 841/1/23 2039/1/23
f 976/1/23 844/1/23 841/1/23
f 974/1/23 844/1/23 976/1/23
f 974/1/23 848/1/23 844/1/23
f 2011/1/7 861/1/7 934/1/7
f 2011/1/7 851/1/7 861/1/7
f 2013/1/7 851/1/7 2011/1/7
f 2013/1/7 854/1/7 851/1/7
f 937/1/7 854/1/7 2013/1/7
f 937/1/7 857/1/7 854/1/7
f 934/1/7 857/1/7 937/1/7
f 934/1/7 861/1/7 857/1/7
f 1980/1/8 873/1/8 890/1/8
f 1980/1/8 864/1/8 873/1/8
f 1983/1/8 864/1/8 1980/1/8
f 1983/1/8 867/1/8 864/1/8
f 894/1/8 867/1/8 1983/1/8
f 894/1/8 870/1/8 867/1/8
f 890/1/8 870/1/8 894/1/8
f 890/1/8 873/1/8 870/1/8
f 2040/1/25 885/1/25 977/1/25
f 2040/1/25 876/1/25 885/1/25
f 2041/1/25 876/1/25 2040/1/25
f 2041/1/25 878/1/25 876/1/25
f 979/1/25 878/1/25 2041/1/25
f 979/1/25 881/1/25 878/1/25
f 977/1/25 881/1/25 979/1/25
f 977/1/25 885/1/25 881/1/25
f 1171/1/36 975/1/36 1174/1/36
f 1171/1/36 972/1/36 975/1/36
f 1131/1/36 935/1/36 1134/1/36
f 1131/1/36 932/1/36 935/1/36
f 1091/1/36 892/1/36 1094/1/36
f 1091/1/36 889/1/36 892/1/36
f 1174/1/36 978/1/36 1177/1/36
f 1174/1/36 975/1/36 978/1/36
f 1134/1/36 938/1/36 1137/1/36
f 1134/1/36 935/1/36 938/1/36
f 1094/1/36 895/1/36 1097/1/36
f 1094/1/36 892/1/36 895/1/36
f 1177/1/36 981/1/36 1181/1/36
f 1177/1/36 978/1/36 981/1/36
f 1137/1/36 941/1/36 1141/1/36
f 1137/1/36 938/1/36 941/1/36
f 1097/1/36 898/1/36 1100/1/36
f 1097/1/36 895/1/36 898/1/36
f 1181/1/36 984/1/36 1184/1/36
f 1181/1/36 981/1/36 984/1/36
f 1141/1/36 944/1/36 1144/1/36
f 1141/1/36 941/1/36 944/1/36
f 1100/1/36 901/1/36 1103/1/36
f 1100/1/36 898/1/36 901/1/36
f 1184/1/36 987/1/36 1187/1/36
f 1184/1/36 984/1/36 987/1/36
f 1144/1/36 947/1/36 1147/1/36
f 1144/1/36 944/1/36 947/1/36
f 1103/1/36 904/1/36 1106/1/36
f 1103/1/36 901/1/36 904/1/36
f 1147/1/36 950/1/36 1150/1/36
f 1147/1/36 947/1/36 950/1/36
f 1106/1/36 908/1/36 1109/1/36
f 1106/1/36 904/1/36 908/1/36
f 1150/1/36 953/1/36 1153/1/36
f 1150/1/36 950/1/36 953/1/36
f 1109/1/36 913/1/36 1112/1/36
f 1109/1/36 908/1/36 913/1/36
f 1153/1/36 956/1/36 1156/1/36
f 1153/1/36 953/1/36 956/1/36
f 1112/1/36 916/1/36 1115/1/36
f 1112/1/36 913/1/36 916/1/36
f 1156/1/36 960/1/36 1159/1/36
f 1156/1/36 956/1/36 960/1/36
f 1115/1/36 920/1/36 1118/1/36
f 1115/1/36 916/1/36 920/1/36
f 1159/1/36 963/1/36 1162/1/36
f 1159/1/36 960/1/36 963/1/36
f 1118/1/36 923/1/36 1121/1/36
f 1118/1/36 920/1/36 923/1/36
f 1162/1/36 966/1/36 1165/1/36
f 1162/1/36 963/1/36 966/1/36
f 1121/1/36 926/1/36 1124/1/36
f 1121/1/36 923/1/36 926/1/36
f 1165/1/36 969/1/36 1168/1/36
f 1165/1/36 966/1/36 969/1/36
f 1124/1/36 929/1/36 1127/1/36
f 1124/1/36 926/1/36 929/1/36
f 1168/1/36 972/1/36 1171/1/36
f 1168/1/36 969/1/36 972/1/36
f 1127/1/36 932/1/36 1131/1/36
f 1127/1/36 929/1/36 932/1/36
f 1172/1/67 1069/1/67 1170/1/67
f 1172/1/67 1071/1/67 1069/1/67
f 1132/1/68 1029/1/68 1130/1/68
f 1132/1/68 1031/1/68 1029/1/68
f 1093/1/69 988/1/69 1088/1/69
f 1093/1/69 992/1/69 988/1/69
f 1175/1/70 1072/1/70 1173/1/70
f 1175/1/70 1074/1/70 1072/1/70
f 1135/1/71 1032/1/71 1133/1/71
f 1135/1/71 1034/1/71 1032/1/71
f 1096/1/72 991/1/72 1092/1/72
f 1096/1/72 995/1/72 991/1/72
f 1179/1/73 1076/1/73 1176/1/73
f 1178/1/73 1078/1/73 1075/1/73
f 1140/1/74 1036/1/74 1136/1/74
f 1139/1/74 1039/1/74 1035/1/74
f 1099/1/75 994/1/75 1095/1/75
f 1099/1/75 998/1/75 994/1/75
f 1182/1/76 1079/1/76 1180/1/76
f 1182/1/76 1085/1/76 1079/1/76
f 1143/1/77 1038/1/77 1138/1/77
f 1143/1/77 1042/1/77 1038/1/77
f 1102/1/78 997/1/78 1098/1/78
f 1102/1/78 1001/1/78 997/1/78
f 1186/1/79 1086/1/79 1183/1/79
f 1186/1/79 1083/1/79 1086/1/79
f 1146/1/80 1041/1/80 1142/1/80
f 1146/1/80 1045/1/80 1041/1/80
f 1105/1/81 1000/1/81 1101/1/81
f 1105/1/81 1004/1/81 1000/1/81
f 1149/1/82 1044/1/82 1145/1/82
f 1149/1/82 1048/1/82 1044/1/82
f 1108/1/83 1003/1/83 1104/1/83
f 1108/1/83 1007/1/83 1003/1/83
f 1152/1/84 1047/1/84 1148/1/84
f 1152/1/84 1051/1/84 1047/1/84
f 1111/1/85 1006/1/85 1107/1/85
f 1111/1/85 1010/1/85 1006/1/85
f 1155/1/86 1050/1/86 1151/1/86
f 1155/1/86 1054/1/86 1050/1/86
f 1113/1/87 1009/1/87 1110/1/87
f 1113/1/87 1012/1/87 1009/1/87
f 1158/1/88 1053/1/88 1154/1/88
f 1158/1/88 1057/1/88 1053/1/88
f 1116/1/89 1013/1/89 1114/1/89
f 1116/1/89 1015/1/89 1013/1/89
f 1160/1/90 1056/1/90 1157/1/90
f 1160/1/90 1059/1/90 1056/1/90
f 1119/1/91 1016/1/91 1117/1/91
f 1119/1/91 1018/1/91 1016/1/91
f 1163/1/92 1060/1/92 1161/1/92
f 1163/1/92 1062/1/92 1060/1/92
f 1122/1/93 1019/1/93 1120/1/93
f 1122/1/93 1021/1/93 1019/1/93
f 1166/1/94 1063/1/94 1164/1/94
f 1166/1/94 1065/1/94 1063/1/94
f 1125/1/95 1022/1/95 1123/1/95
f 1125/1/95 1024/1/95 1022/1/95
f 1169/1/96 1066/1/96 1167/1/96
f 1169/1/96 1068/1/96 1066/1/96
f 1129/1/97 1026/1/97 1126/1/97
f 1128/1/97 1028/1/97 1025/1/97
f 1090/1/98 1082/1/98 1185/1/98
f 1089/1/98 989/1/98 1081/1/98
f 1030/1/36 1055/1/36 1080/1/36
f 1080/1/36 1005/1/36 1030/1/36
f 1055/1/36 1067/1/36 1080/1/36
f 1030/1/36 1043/1/36 1055/1/36
f 1005/1/36 1017/1/36 1030/1/36
f 1080/1/36 993/1/36 1005/1/36
f 1067/1/36 1073/1/36 1080/1/36
f 1055/1/36 1061/1/36 1067/1/36
f 1043/1/36 1049/1/36 1055/1/36
f 1030/1/36 1037/1/36 1043/1/36
f 1017/1/36 1023/1/36 1030/1/36
f 1005/1/36 1011/1/36 1017/1/36
f 993/1/36 999/1/36 1005/1/36
f 1080/1/36 1084/1/36 993/1/36
f 1073/1/36 1077/1/36 1080/1/36
f 1067/1/36 1070/1/36 1073/1/36
f 1061/1/36 1064/1/36 1067/1/36
f 1055/1/36 1058/1/36 1061/1/36
f 1049/1/36 1052/1/36 1055/1/36
f 1043/1/36 1046/1/36 1049/1/36
f 1037/1/36 1040/1/36 1043/1/36
f 1030/1/36 1033/1/36 1037/1/36
f 1023/1/36 1027/1/36 1030/1/36
f 1017/1/36 1020/1/36 1023/1/36
f 1011/1/36 1014/1/36 1017/1/36
f 1005/1/36 1008/1/36 1011/1/36
f 999/1/36 1002/1/36 1005/1/36
f 993/1/36 996/1/36 999/1/36
f 1084/1/36 990/1/36 993/1/36
f 1080/1/36 1087/1/36 1084/1/36
f 1187/1/36 889/1/36 1091/1/36
f 1187/1/36 987/1/36 889/1/36
f 1587/1/20 1189/1/20 1577/1/20
f 1587/1/20 1199/1/20 1189/1/20
f 1578/1/36 1193/1/36 1582/1/36
f 1578/1/36 1190/1/36 1193/1/36
f 1579/1/35 1194/1/35 1583/1/35
f 1580/1/35 1191/1/35 1195/1/35
f 1585/1/32 1200/1/32 1588/1/32
f 1585/1/32 1197/1/32 1200/1/32
f 1198/1/26 1192/1/26 1188/1/26
f 1198/1/26 1196/1/26 1192/1/26
f 1598/1/37 1201/1/37 1589/1/37
f 1598/1/37 1210/1/37 1201/1/37
f 1591/1/36 1206/1/36 1594/1/36
f 1591/1/36 1203/1/36 1206/1/36
f 1592/1/38 1207/1/38 1595/1/38
f 1592/1/38 1204/1/38 1207/1/38
f 1597/1/32 1212/1/32 1600/1/32
f 1597/1/32 1209/1/32 1212/1/32
f 1211/1/10 1205/1/10 1202/1/10
f 1211/1/10 1208/1/10 1205/1/10
f 1610/1/11 1213/1/11 1601/1/11
f 1610/1/11 1222/1/11 1213/1/11
f 1603/1/36 1218/1/36 1606/1/36
f 1603/1/36 1215/1/36 1218/1/36
f 1605/1/16 1220/1/16 1608/1/16
f 1605/1/16 1217/1/16 1220/1/16
f 1609/1/32 1224/1/32 1612/1/32
f 1609/1/32 1221/1/32 1224/1/32
f 1223/1/28 1216/1/28 1214/1/28
f 1223/1/28 1219/1/28 1216/1/28
f 1623/1/39 1226/1/99 1614/1/39
f 1623/1/39 1235/1/39 1226/1/99
f 1615/1/36 1230/1/36 1618/1/36
f 1615/1/36 1227/1/36 1230/1/36
f 1616/1/17 1231/1/17 1619/1/17
f 1616/1/17 1228/1/17 1231/1/17
f 1621/1/32 1236/1/32 1624/1/32
f 1621/1/32 1233/1/32 1236/1/32
f 1234/1/29 1229/1/29 1225/1/29
f 1234/1/29 1232/1/29 1229/1/29
f 1634/1/23 1237/1/23 1625/1/23
f 1634/1/23 1246/1/23 1237/1/23
f 1627/1/36 1242/1/36 1630/1/36
f 1627/1/36 1239/1/36 1242/1/36
f 1629/1/41 1244/1/41 1632/1/41
f 1629/1/41 1241/1/41 1244/1/41
f 1633/1/32 1248/1/32 1636/1/32
f 1633/1/32 1245/1/32 1248/1/32
f 1247/1/12 1240/1/12 1238/1/12
f 1247/1/12 1243/1/12 1240/1/12
f 1646/1/62 1249/1/62 1637/1/62
f 1647/1/13 1259/1/13 1250/1/13
f 1639/1/36 1255/1/36 1642/1/36
f 1639/1/36 1252/1/36 1255/1/36
f 1641/1/42 1257/1/42 1644/1/42
f 1641/1/42 1254/1/42 1257/1/42
f 1645/1/32 1261/1/32 1649/1/32
f 1645/1/32 1258/1/32 1261/1/32
f 1260/1/31 1253/1/31 1251/1/31
f 1260/1/31 1256/1/31 1253/1/31
f 1660/1/24 1263/1/43 1651/1/44
f 1660/1/24 1272/1/24 1263/1/43
f 1652/1/36 1267/1/36 1655/1/36
f 1652/1/36 1264/1/36 1267/1/36
f 1653/1/19 1268/1/19 1656/1/19
f 1653/1/19 1265/1/19 1268/1/19
f 1658/1/32 1273/1/32 1661/1/32
f 1658/1/32 1270/1/32 1273/1/32
f 1271/1/45 1266/1/45 1262/1/45
f 1271/1/45 1269/1/45 1266/1/45
f 1671/1/47 1274/1/47 1662/1/47
f 1671/1/47 1283/1/47 1274/1/47
f 1664/1/36 1279/1/36 1667/1/36
f 1664/1/36 1276/1/36 1279/1/36
f 1666/1/48 1281/1/48 1669/1/48
f 1666/1/48 1278/1/48 1281/1/48
f 1670/1/32 1285/1/32 1673/1/32
f 1670/1/32 1282/1/32 1285/1/32
f 1284/1/14 1277/1/14 1275/1/14
f 1284/1/14 1280/1/14 1277/1/14
f 1684/1/38 1287/1/38 1675/1/38
f 1684/1/38 1296/1/38 1287/1/38
f 1676/1/36 1291/1/36 1679/1/36
f 1676/1/36 1288/1/36 1291/1/36
f 1677/1/21 1292/1/21 1680/1/21
f 1677/1/21 1289/1/21 1292/1/21
f 1682/1/32 1297/1/32 1685/1/32
f 1682/1/32 1294/1/32 1297/1/32
f 1295/1/3 1290/1/3 1286/1/3
f 1295/1/3 1293/1/3 1290/1/3
f 1698/1/28 1298/1/28 1686/1/28
f 1698/1/28 1307/1/28 1298/1/28
f 1689/1/36 1303/1/36 1693/1/36
f 1689/1/36 1300/1/36 1303/1/36
f 1692/1/4 1305/1/4 1696/1/4
f 1692/1/4 1302/1/4 1305/1/4
f 1697/1/32 1309/1/32 1701/1/32
f 1697/1/32 1306/1/32 1309/1/32
f 1308/1/16 1301/1/16 1299/1/16
f 1308/1/16 1304/1/16 1301/1/16
f 1712/1/30 1311/1/30 1703/1/30
f 1712/1/30 1320/1/30 1311/1/30
f 1704/1/36 1315/1/36 1707/1/36
f 1704/1/36 1312/1/36 1315/1/36
f 1706/1/23 1317/1/23 1709/1/23
f 1706/1/23 1314/1/23 1317/1/23
f 1710/1/32 1321/1/32 1713/1/32
f 1710/1/32 1318/1/32 1321/1/32
f 1319/1/6 1313/1/6 1310/1/6
f 1319/1/6 1316/1/6 1313/1/6
f 1724/1/100 1322/1/31 1714/1/31
f 1724/1/100 1331/1/100 1322/1/31
f 1716/1/36 1327/1/36 1720/1/36
f 1716/1/36 1324/1/36 1327/1/36
f 1719/1/7 1329/1/7 1722/1/7
f 1719/1/7 1326/1/7 1329/1/7
f 1723/1/32 1333/1/32 1726/1/32
f 1723/1/32 1330/1/32 1333/1/32
f 1332/1/18 1325/1/18 1323/1/18
f 1332/1/18 1328/1/18 1325/1/18
f 1737/1/49 1335/1/49 1728/1/49
f 1737/1/49 1344/1/49 1335/1/49
f 1729/1/36 1339/1/36 1732/1/36
f 1729/1/36 1336/1/36 1339/1/36
f 1731/1/47 1341/1/47 1734/1/47
f 1731/1/47 1338/1/47 1341/1/47
f 1735/1/32 1345/1/32 1738/1/32
f 1735/1/32 1342/1/32 1345/1/32
f 1343/1/9 1337/1/9 1334/1/9
f 1343/1/9 1340/1/9 1337/1/9
f 1750/1/2 1347/1/2 1740/1/2
f 1750/1/2 1356/1/2 1347/1/2
f 1741/1/36 1351/1/36 1744/1/36
f 1741/1/36 1348/1/36 1351/1/36
f 1742/1/26 1352/1/26 1745/1/26
f 1742/1/26 1349/1/26 1352/1/26
f 1747/1/32 1357/1/32 1751/1/32
f 1747/1/32 1354/1/32 1357/1/32
f 1355/1/20 1350/1/20 1346/1/20
f 1355/1/20 1353/1/20 1350/1/20
f 1764/1/4 1359/1/4 1753/1/4
f 1764/1/4 1368/1/4 1359/1/4
f 1754/1/36 1363/1/36 1758/1/36
f 1754/1/36 1360/1/36 1363/1/36
f 1757/1/28 1365/1/28 1761/1/28
f 1757/1/28 1362/1/28 1365/1/28
f 1762/1/32 1369/1/32 1765/1/32
f 1762/1/32 1366/1/32 1369/1/32
f 1367/1/11 1361/1/11 1358/1/11
f 1367/1/11 1364/1/11 1361/1/11
f 1780/1/5 1371/1/5 1768/1/5
f 1780/1/5 1380/1/5 1371/1/5
f 1769/1/36 1375/1/36 1773/1/36
f 1769/1/36 1372/1/36 1375/1/36
f 1770/1/29 1376/1/29 1774/1/29
f 1770/1/29 1373/1/29 1376/1/29
f 1777/1/32 1381/1/32 1781/1/32
f 1777/1/32 1378/1/32 1381/1/32
f 1379/1/22 1374/1/22 1370/1/22
f 1379/1/22 1377/1/22 1374/1/22
f 1792/1/7 1383/1/7 1783/1/7
f 1792/1/7 1392/1/7 1383/1/7
f 1784/1/36 1387/1/36 1787/1/36
f 1784/1/36 1384/1/36 1387/1/36
f 1786/1/31 1389/1/31 1789/1/31
f 1786/1/31 1386/1/31 1389/1/31
f 1790/1/32 1393/1/32 1793/1/32
f 1790/1/32 1390/1/32 1393/1/32
f 1391/1/13 1385/1/13 1382/1/13
f 1391/1/13 1388/1/13 1385/1/13
f 1804/1/50 1395/1/50 1795/1/50
f 1804/1/50 1404/1/50 1395/1/50
f 1796/1/36 1399/1/36 1799/1/36
f 1796/1/36 1396/1/36 1399/1/36
f 1797/1/51 1400/1/51 1800/1/51
f 1797/1/51 1397/1/51 1400/1/51
f 1802/1/32 1405/1/32 1805/1/32
f 1802/1/32 1402/1/32 1405/1/32
f 1403/1/24 1398/1/24 1394/1/24
f 1403/1/24 1401/1/24 1398/1/24
f 1816/1/52 1407/1/52 1807/1/52
f 1816/1/52 1416/1/52 1407/1/52
f 1808/1/36 1411/1/36 1811/1/36
f 1808/1/36 1408/1/36 1411/1/36
f 1810/1/2 1413/1/2 1813/1/2
f 1810/1/2 1410/1/2 1413/1/2
f 1814/1/32 1417/1/32 1817/1/32
f 1814/1/32 1414/1/32 1417/1/32
f 1415/1/15 1409/1/15 1406/1/15
f 1415/1/15 1412/1/15 1409/1/15
f 1828/1/10 1419/1/10 1819/1/10
f 1828/1/10 1428/1/10 1419/1/10
f 1820/1/36 1423/1/36 1823/1/36
f 1820/1/36 1420/1/36 1423/1/36
f 1821/1/3 1424/1/3 1824/1/3
f 1821/1/3 1421/1/3 1424/1/3
f 1826/1/32 1429/1/32 1829/1/32
f 1826/1/32 1426/1/32 1429/1/32
f 1427/1/27 1422/1/27 1418/1/27
f 1427/1/27 1425/1/27 1422/1/27
f 1842/1/29 1431/1/29 1832/1/29
f 1842/1/29 1440/1/29 1431/1/29
f 1833/1/36 1435/1/36 1836/1/36
f 1833/1/36 1432/1/36 1435/1/36
f 1835/1/53 1437/1/53 1838/1/53
f 1835/1/53 1434/1/53 1437/1/53
f 1839/1/32 1441/1/32 1843/1/32
f 1839/1/32 1438/1/32 1441/1/32
f 1439/1/17 1433/1/17 1430/1/17
f 1439/1/17 1436/1/17 1433/1/17
f 1853/1/54 1442/1/54 1844/1/54
f 1853/1/54 1451/1/54 1442/1/54
f 1846/1/36 1447/1/36 1849/1/36
f 1846/1/36 1444/1/36 1447/1/36
f 1847/1/55 1448/1/55 1850/1/55
f 1847/1/55 1445/1/55 1448/1/55
f 1852/1/32 1453/1/32 1855/1/32
f 1852/1/32 1450/1/32 1453/1/32
f 1452/1/30 1446/1/30 1443/1/30
f 1452/1/30 1449/1/30 1446/1/30
f 1866/1/56 1455/1/45 1857/1/45
f 1866/1/56 1464/1/56 1455/1/45
f 1858/1/36 1459/1/36 1861/1/36
f 1858/1/36 1456/1/36 1459/1/36
f 1860/1/50 1461/1/8 1863/1/8
f 1860/1/50 1458/1/50 1461/1/8
f 1864/1/32 1465/1/32 1867/1/32
f 1864/1/32 1462/1/32 1465/1/32
f 1463/1/19 1457/1/19 1454/1/19
f 1463/1/19 1460/1/19 1457/1/19
f 1877/1/58 1466/1/58 1868/1/58
f 1877/1/58 1475/1/58 1466/1/58
f 1870/1/36 1471/1/36 1873/1/36
f 1870/1/36 1468/1/36 1471/1/36
f 1871/1/9 1472/1/9 1874/1/9
f 1871/1/9 1469/1/9 1472/1/9
f 1876/1/32 1477/1/32 1879/1/32
f 1876/1/32 1474/1/32 1477/1/32
f 1476/1/1 1470/1/1 1467/1/1
f 1476/1/1 1473/1/1 1470/1/1
f 1890/1/59 1478/1/15 1880/1/15
f 1890/1/59 1488/1/59 1478/1/15
f 1882/1/36 1483/1/36 1886/1/36
f 1882/1/36 1480/1/36 1483/1/36
f 1884/1/33 1485/1/33 1887/1/33
f 1883/1/33 1481/1/33 1484/1/33
f 1889/1/32 1490/1/32 1892/1/32
f 1889/1/32 1487/1/32 1490/1/32
f 1489/1/2 1482/1/2 1479/1/2
f 1489/1/2 1486/1/2 1482/1/2
f 1903/1/3 1492/1/3 1894/1/3
f 1903/1/3 1501/1/3 1492/1/3
f 1895/1/36 1496/1/36 1898/1/36
f 1895/1/36 1493/1/36 1496/1/36
f 1897/1/10 1498/1/101 1900/1/101
f 1897/1/10 1495/1/10 1498/1/101
f 1901/1/32 1502/1/32 1904/1/32
f 1901/1/32 1499/1/32 1502/1/32
f 1500/1/21 1494/1/21 1491/1/21
f 1500/1/21 1497/1/21 1494/1/21
f 1914/1/16 1503/1/16 1905/1/16
f 1914/1/16 1512/1/16 1503/1/16
f 1907/1/36 1508/1/36 1910/1/36
f 1907/1/36 1505/1/36 1508/1/36
f 1908/1/11 1509/1/11 1911/1/11
f 1908/1/11 1506/1/11 1509/1/11
f 1913/1/32 1514/1/32 1916/1/32
f 1913/1/32 1511/1/32 1514/1/32
f 1513/1/4 1507/1/4 1504/1/4
f 1513/1/4 1510/1/4 1507/1/4
f 1926/1/17 1515/1/17 1917/1/17
f 1926/1/17 1524/1/17 1515/1/17
f 1919/1/36 1520/1/36 1922/1/36
f 1919/1/36 1517/1/36 1520/1/36
f 1920/1/22 1521/1/22 1923/1/22
f 1920/1/22 1518/1/22 1521/1/22
f 1925/1/32 1526/1/32 1928/1/32
f 1925/1/32 1523/1/32 1526/1/32
f 1525/1/5 1519/1/5 1516/1/5
f 1525/1/5 1522/1/5 1519/1/5
f 1938/1/6 1527/1/6 1929/1/6
f 1938/1/6 1536/1/6 1527/1/6
f 1931/1/36 1532/1/36 1934/1/36
f 1931/1/36 1529/1/36 1532/1/36
f 1933/1/12 1534/1/12 1936/1/12
f 1933/1/12 1531/1/12 1534/1/12
f 1937/1/32 1538/1/32 1940/1/32
f 1937/1/32 1535/1/32 1538/1/32
f 1537/1/23 1530/1/23 1528/1/23
f 1537/1/23 1533/1/23 1530/1/23
f 1951/1/102 1540/1/102 1941/1/102
f 1950/1/102 1549/1/102 1539/1/102
f 1943/1/36 1545/1/36 1946/1/36
f 1943/1/36 1542/1/36 1545/1/36
f 1944/1/62 1546/1/13 1947/1/13
f 1944/1/62 1543/1/62 1546/1/13
f 1949/1/32 1551/1/32 1953/1/32
f 1949/1/32 1548/1/32 1551/1/32
f 1550/1/7 1544/1/7 1541/1/7
f 1550/1/7 1547/1/7 1544/1/7
f 1963/1/63 1552/1/63 1954/1/63
f 1963/1/63 1561/1/63 1552/1/63
f 1956/1/36 1557/1/36 1959/1/36
f 1956/1/36 1554/1/36 1557/1/36
f 1957/1/44 1558/1/24 1960/1/24
f 1957/1/44 1555/1/44 1558/1/24
f 1962/1/32 1563/1/32 1965/1/32
f 1962/1/32 1560/1/32 1563/1/32
f 1562/1/8 1556/1/8 1553/1/8
f 1562/1/8 1559/1/8 1556/1/8
f 1975/1/64 1564/1/64 1966/1/64
f 1975/1/64 1573/1/64 1564/1/64
f 1968/1/36 1569/1/36 1971/1/36
f 1968/1/36 1566/1/36 1569/1/36
f 1970/1/14 1571/1/14 1973/1/14
f 1970/1/14 1568/1/14 1571/1/14
f 1974/1/32 1575/1/32 1977/1/32
f 1974/1/32 1572/1/32 1575/1/32
f 1574/1/25 1567/1/25 1565/1/25
f 1574/1/25 1570/1/25 1567/1/25
f 2012/1/26 1586/1/26 1576/1/26
f 2012/1/26 2096/1/26 1586/1/26
f 2015/1/26 1576/1/26 1581/1/26
f 2015/1/26 2012/1/26 1576/1/26
f 2100/1/26 1581/1/26 1584/1/26
f 2100/1/26 2015/1/26 1581/1/26
f 2096/1/26 1584/1/26 1586/1/26
f 2096/1/26 2100/1/26 1584/1/26
f 1982/1/10 1599/1/10 1590/1/10
f 1982/1/10 2053/1/10 1599/1/10
f 1985/1/10 1590/1/10 1593/1/10
f 1985/1/10 1982/1/10 1590/1/10
f 2057/1/10 1593/1/10 1596/1/10
f 2057/1/10 1985/1/10 1593/1/10
f 2053/1/10 1596/1/10 1599/1/10
f 2053/1/10 2057/1/10 1596/1/10
f 2042/1/28 1611/1/28 1602/1/28
f 2042/1/28 2140/1/28 1611/1/28
f 2043/1/28 1602/1/28 1604/1/28
f 2043/1/28 2042/1/28 1602/1/28
f 2142/1/28 1604/1/28 1607/1/28
f 2142/1/28 2043/1/28 1604/1/28
f 2140/1/28 1607/1/28 1611/1/28
f 2140/1/28 2142/1/28 1607/1/28
f 2014/1/29 1622/1/29 1613/1/29
f 2014/1/29 2099/1/29 1622/1/29
f 2017/1/29 1613/1/29 1617/1/29
f 2017/1/29 2014/1/29 1613/1/29
f 2103/1/29 1617/1/29 1620/1/29
f 2103/1/29 2017/1/29 1617/1/29
f 2099/1/29 1620/1/29 1622/1/29
f 2099/1/29 2103/1/29 1620/1/29
f 1984/1/12 1635/1/12 1626/1/12
f 1984/1/12 2056/1/12 1635/1/12
f 1987/1/12 1626/1/12 1628/1/12
f 1987/1/12 1984/1/12 1626/1/12
f 2060/1/12 1628/1/12 1631/1/12
f 2060/1/12 1987/1/12 1628/1/12
f 2056/1/12 1631/1/12 1635/1/12
f 2056/1/12 2060/1/12 1631/1/12
f 2044/1/31 1648/1/31 1638/1/31
f 2044/1/31 2143/1/31 1648/1/31
f 2045/1/31 1638/1/31 1640/1/31
f 2045/1/31 2044/1/31 1638/1/31
f 2145/1/31 1640/1/31 1643/1/31
f 2145/1/31 2045/1/31 1640/1/31
f 2143/1/31 1643/1/31 1648/1/31
f 2143/1/31 2145/1/31 1643/1/31
f 2016/1/45 1659/1/45 1650/1/45
f 2016/1/45 2102/1/45 1659/1/45
f 2019/1/45 1650/1/45 1654/1/51
f 2019/1/45 2016/1/45 1650/1/45
f 2106/1/45 1654/1/51 1657/1/51
f 2106/1/45 2019/1/45 1654/1/51
f 2102/1/45 1657/1/51 1659/1/45
f 2102/1/45 2106/1/45 1657/1/51
f 1986/1/14 1672/1/14 1663/1/14
f 1986/1/14 2059/1/14 1672/1/14
f 1990/1/14 1663/1/14 1665/1/14
f 1990/1/14 1986/1/14 1663/1/14
f 2063/1/14 1665/1/14 1668/1/14
f 2063/1/14 1990/1/14 1665/1/14
f 2059/1/14 1668/1/14 1672/1/14
f 2059/1/14 2063/1/14 1668/1/14
f 2018/1/3 1683/1/3 1674/1/3
f 2018/1/3 2105/1/3 1683/1/3
f 2021/1/3 1674/1/3 1678/1/3
f 2021/1/3 2018/1/3 1674/1/3
f 2109/1/3 1678/1/3 1681/1/3
f 2109/1/3 2021/1/3 1678/1/3
f 2105/1/3 1681/1/3 1683/1/3
f 2105/1/3 2109/1/3 1681/1/3
f 1989/1/65 1700/1/65 1688/1/65
f 1988/1/65 2062/1/16 1699/1/60
f 1992/1/16 1687/1/16 1690/1/60
f 1992/1/16 1988/1/16 1687/1/16
f 2067/1/65 1691/1/65 1695/1/65
f 2066/1/65 1992/1/16 1690/1/60
f 2062/1/16 1694/1/16 1699/1/60
f 2062/1/16 2066/1/16 1694/1/16
f 2020/1/6 1711/1/6 1702/1/6
f 2020/1/6 2108/1/6 1711/1/6
f 2023/1/6 1702/1/6 1705/1/6
f 2023/1/6 2020/1/6 1702/1/6
f 2112/1/6 1705/1/6 1708/1/6
f 2112/1/6 2023/1/6 1705/1/6
f 2108/1/6 1708/1/6 1711/1/6
f 2108/1/6 2112/1/6 1708/1/6
f 1991/1/18 1725/1/18 1715/1/18
f 1991/1/18 2065/1/18 1725/1/18
f 1994/1/18 1715/1/18 1718/1/18
f 1994/1/18 1991/1/18 1715/1/18
f 2070/1/18 1718/1/18 1721/1/18
f 2069/1/42 1993/1/42 1717/1/42
f 2065/1/18 1721/1/18 1725/1/18
f 2065/1/18 2070/1/18 1721/1/18
f 2022/1/9 1736/1/9 1727/1/9
f 2022/1/9 2111/1/9 1736/1/9
f 2025/1/9 1727/1/9 1730/1/9
f 2025/1/9 2022/1/9 1727/1/9
f 2115/1/9 1730/1/9 1733/1/9
f 2115/1/9 2025/1/9 1730/1/9
f 2111/1/9 1733/1/9 1736/1/9
f 2111/1/9 2115/1/9 1733/1/9
f 1996/1/20 1749/1/20 1739/1/20
f 1995/1/33 2071/1/33 1748/1/33
f 1997/1/20 1739/1/20 1743/1/20
f 1997/1/20 1996/1/20 1739/1/20
f 2074/1/20 1743/1/20 1746/1/20
f 2074/1/20 1997/1/20 1743/1/20
f 2072/1/20 1746/1/20 1749/1/20
f 2072/1/20 2074/1/20 1746/1/20
f 2024/1/11 1763/1/103 1752/1/11
f 2024/1/11 2114/1/11 1763/1/103
f 2027/1/11 1752/1/11 1755/1/11
f 2027/1/11 2024/1/11 1752/1/11
f 2119/1/103 1756/1/103 1760/1/103
f 2118/1/11 2027/1/11 1755/1/11
f 2114/1/11 1759/1/11 1763/1/103
f 2114/1/11 2118/1/11 1759/1/11
f 1999/1/39 1779/1/39 1767/1/39
f 1998/1/39 2075/1/22 1778/1/66
f 2000/1/22 1766/1/22 1771/1/39
f 2000/1/22 1998/1/22 1766/1/22
f 2078/1/39 1772/1/39 1776/1/39
f 2077/1/39 2000/1/22 1771/1/39
f 2075/1/22 1775/1/22 1778/1/66
f 2075/1/22 2077/1/22 1775/1/22
f 2026/1/13 1791/1/13 1782/1/13
f 2026/1/13 2117/1/13 1791/1/13
f 2029/1/13 1782/1/13 1785/1/13
f 2029/1/13 2026/1/13 1782/1/13
f 2122/1/13 1785/1/13 1788/1/13
f 2122/1/13 2029/1/13 1785/1/13
f 2117/1/13 1788/1/13 1791/1/13
f 2117/1/13 2122/1/13 1788/1/13
f 2001/1/24 1803/1/24 1794/1/24
f 2001/1/24 2079/1/24 1803/1/24
f 2002/1/24 1794/1/24 1798/1/24
f 2002/1/24 2001/1/24 1794/1/24
f 2081/1/24 1798/1/24 1801/1/24
f 2081/1/24 2002/1/24 1798/1/24
f 2079/1/24 1801/1/24 1803/1/24
f 2079/1/24 2081/1/24 1801/1/24
f 2028/1/15 1815/1/15 1806/1/15
f 2028/1/15 2121/1/15 1815/1/15
f 2030/1/15 1806/1/15 1809/1/15
f 2030/1/15 2028/1/15 1806/1/15
f 2124/1/15 1809/1/15 1812/1/35
f 2124/1/15 2030/1/15 1809/1/15
f 2121/1/15 1812/1/35 1815/1/15
f 2121/1/15 2124/1/15 1812/1/35
f 2003/1/27 1827/1/27 1818/1/27
f 2003/1/27 2082/1/27 1827/1/27
f 2004/1/27 1818/1/27 1822/1/27
f 2004/1/27 2003/1/27 1818/1/27
f 2084/1/27 1822/1/27 1825/1/27
f 2084/1/27 2004/1/27 1822/1/27
f 2082/1/27 1825/1/27 1827/1/27
f 2082/1/27 2084/1/27 1825/1/27
f 2032/1/17 1841/1/17 1831/1/17
f 2031/1/104 2125/1/17 1840/1/104
f 2033/1/17 1830/1/17 1834/1/17
f 2033/1/17 2031/1/17 1830/1/17
f 2127/1/17 1834/1/17 1837/1/17
f 2127/1/17 2033/1/17 1834/1/17
f 2125/1/17 1837/1/17 1840/1/104
f 2125/1/17 2127/1/17 1837/1/17
f 2005/1/30 1854/1/30 1845/1/30
f 2005/1/30 2085/1/30 1854/1/30
f 2006/1/30 1845/1/30 1848/1/30
f 2006/1/30 2005/1/30 1845/1/30
f 2087/1/30 1848/1/30 1851/1/30
f 2087/1/30 2006/1/30 1848/1/30
f 2085/1/30 1851/1/30 1854/1/30
f 2085/1/30 2087/1/30 1851/1/30
f 2034/1/19 1865/1/19 1856/1/19
f 2034/1/19 2128/1/19 1865/1/19
f 2035/1/19 1856/1/19 1859/1/19
f 2035/1/19 2034/1/19 1856/1/19
f 2130/1/19 1859/1/19 1862/1/19
f 2130/1/19 2035/1/19 1859/1/19
f 2128/1/19 1862/1/19 1865/1/19
f 2128/1/19 2130/1/19 1862/1/19
f 2007/1/1 1878/1/1 1869/1/1
f 2007/1/1 2088/1/1 1878/1/1
f 2008/1/1 1869/1/1 1872/1/1
f 2008/1/1 2007/1/1 1869/1/1
f 2090/1/1 1872/1/1 1875/1/1
f 2090/1/1 2008/1/1 1872/1/1
f 2088/1/1 1875/1/1 1878/1/1
f 2088/1/1 2090/1/1 1875/1/1
f 2046/1/2 1891/1/2 1881/1/2
f 2046/1/2 2146/1/2 1891/1/2
f 1979/1/2 1881/1/2 1885/1/2
f 1979/1/2 2046/1/2 1881/1/2
f 2048/1/2 1885/1/2 1888/1/2
f 2048/1/2 1979/1/2 1885/1/2
f 2146/1/2 1888/1/2 1891/1/2
f 2146/1/2 2048/1/2 1888/1/2
f 2036/1/21 1902/1/21 1893/1/21
f 2036/1/21 2131/1/21 1902/1/21
f 2037/1/21 1893/1/21 1896/1/21
f 2037/1/21 2036/1/21 1893/1/21
f 2133/1/21 1896/1/21 1899/1/21
f 2133/1/21 2037/1/21 1896/1/21
f 2131/1/21 1899/1/21 1902/1/21
f 2131/1/21 2133/1/21 1899/1/21
f 2009/1/4 1915/1/4 1906/1/4
f 2009/1/4 2091/1/4 1915/1/4
f 2010/1/4 1906/1/4 1909/1/4
f 2010/1/4 2009/1/4 1906/1/4
f 2093/1/4 1909/1/4 1912/1/4
f 2093/1/4 2010/1/4 1909/1/4
f 2091/1/4 1912/1/4 1915/1/4
f 2091/1/4 2093/1/4 1912/1/4
f 1978/1/5 1927/1/5 1918/1/5
f 1978/1/5 2047/1/5 1927/1/5
f 1981/1/5 1918/1/5 1921/1/5
f 1981/1/5 1978/1/5 1918/1/5
f 2051/1/5 1921/1/5 1924/1/5
f 2051/1/5 1981/1/5 1921/1/5
f 2047/1/5 1924/1/5 1927/1/5
f 2047/1/5 2051/1/5 1924/1/5
f 2038/1/23 1939/1/23 1930/1/23
f 2038/1/23 2134/1/23 1939/1/23
f 2039/1/23 1930/1/23 1932/1/23
f 2039/1/23 2038/1/23 1930/1/23
f 2136/1/23 1932/1/23 1935/1/23
f 2136/1/23 2039/1/23 1932/1/23
f 2134/1/23 1935/1/23 1939/1/23
f 2134/1/23 2136/1/23 1935/1/23
f 2011/1/7 1952/1/7 1942/1/7
f 2011/1/7 2094/1/7 1952/1/7
f 2013/1/7 1942/1/7 1945/1/7
f 2013/1/7 2011/1/7 1942/1/7
f 2097/1/7 1945/1/7 1948/1/7
f 2097/1/7 2013/1/7 1945/1/7
f 2094/1/7 1948/1/7 1952/1/7
f 2094/1/7 2097/1/7 1948/1/7
f 1980/1/8 1964/1/8 1955/1/8
f 1980/1/8 2050/1/8 1964/1/8
f 1983/1/8 1955/1/8 1958/1/8
f 1983/1/8 1980/1/8 1955/1/8
f 2054/1/8 1958/1/8 1961/1/8
f 2054/1/8 1983/1/8 1958/1/8
f 2050/1/8 1961/1/8 1964/1/8
f 2050/1/8 2054/1/8 1961/1/8
f 2040/1/25 1976/1/25 1967/1/25
f 2040/1/25 2137/1/25 1976/1/25
f 2041/1/25 1967/1/25 1969/1/25
f 2041/1/25 2040/1/25 1967/1/25
f 2139/1/25 1969/1/25 1972/1/25
f 2139/1/25 2041/1/25 1969/1/25
f 2137/1/25 1972/1/25 1976/1/25
f 2137/1/25 2139/1/25 1972/1/25
f 2356/1/32 2135/1/32 2132/1/32
f 2356/1/32 2359/1/32 2135/1/32
f 2317/1/32 2095/1/32 2092/1/32
f 2317/1/32 2320/1/32 2095/1/32
f 2278/1/32 2052/1/32 2049/1/32
f 2278/1/32 2281/1/32 2052/1/32
f 2359/1/32 2138/1/32 2135/1/32
f 2359/1/32 2362/1/32 2138/1/32
f 2320/1/32 2098/1/32 2095/1/32
f 2320/1/32 2323/1/32 2098/1/32
f 2281/1/32 2055/1/32 2052/1/32
f 2281/1/32 2284/1/32 2055/1/32
f 2362/1/32 2141/1/32 2138/1/32
f 2362/1/32 2365/1/32 2141/1/32
f 2323/1/32 2101/1/32 2098/1/32
f 2323/1/32 2326/1/32 2101/1/32
f 2284/1/32 2058/1/32 2055/1/32
f 2284/1/32 2287/1/32 2058/1/32
f 2365/1/32 2144/1/32 2141/1/32
f 2365/1/32 2368/1/32 2144/1/32
f 2326/1/32 2104/1/32 2101/1/32
f 2326/1/32 2329/1/32 2104/1/32
f 2287/1/32 2061/1/32 2058/1/32
f 2287/1/32 2290/1/32 2061/1/32
f 2368/1/32 2147/1/32 2144/1/32
f 2368/1/32 2371/1/32 2147/1/32
f 2329/1/32 2107/1/32 2104/1/32
f 2329/1/32 2332/1/32 2107/1/32
f 2290/1/32 2064/1/32 2061/1/32
f 2290/1/32 2293/1/32 2064/1/32
f 2332/1/32 2110/1/32 2107/1/32
f 2332/1/32 2335/1/32 2110/1/32
f 2293/1/32 2068/1/32 2064/1/32
f 2293/1/32 2296/1/32 2068/1/32
f 2335/1/32 2113/1/32 2110/1/32
f 2335/1/32 2338/1/32 2113/1/32
f 2296/1/32 2073/1/32 2068/1/32
f 2296/1/32 2299/1/32 2073/1/32
f 2338/1/32 2116/1/32 2113/1/32
f 2338/1/32 2341/1/32 2116/1/32
f 2299/1/32 2076/1/32 2073/1/32
f 2299/1/32 2302/1/32 2076/1/32
f 2341/1/32 2120/1/32 2116/1/32
f 2341/1/32 2344/1/32 2120/1/32
f 2302/1/32 2080/1/32 2076/1/32
f 2302/1/32 2305/1/32 2080/1/32
f 2344/1/32 2123/1/32 2120/1/32
f 2344/1/32 2347/1/32 2123/1/32
f 2305/1/32 2083/1/32 2080/1/32
f 2305/1/32 2308/1/32 2083/1/32
f 2347/1/32 2126/1/32 2123/1/32
f 2347/1/32 2350/1/32 2126/1/32
f 2308/1/32 2086/1/32 2083/1/32
f 2308/1/32 2311/1/32 2086/1/32
f 2350/1/32 2129/1/32 2126/1/32
f 2350/1/32 2353/1/32 2129/1/32
f 2311/1/32 2089/1/32 2086/1/32
f 2311/1/32 2314/1/32 2089/1/32
f 2353/1/32 2132/1/32 2129/1/32
f 2353/1/32 2356/1/32 2132/1/32
f 2314/1/32 2092/1/32 2089/1/32
f 2314/1/32 2317/1/32 2092/1/32
f 2357/1/105 2255/1/105 2258/1/105
f 2357/1/105 2355/1/105 2255/1/105
f 2318/1/106 2203/1/106 2206/1/106
f 2318/1/106 2316/1/106 2203/1/106
f 2280/1/107 2150/1/107 2155/1/107
f 2280/1/107 2276/1/107 2150/1/107
f 2360/1/108 2259/1/108 2262/1/108
f 2360/1/108 2358/1/108 2259/1/108
f 2321/1/109 2207/1/109 2209/1/109
f 2321/1/109 2319/1/110 2207/1/109
f 2283/1/111 2154/1/111 2159/1/111
f 2283/1/111 2279/1/111 2154/1/111
f 2363/1/112 2263/1/112 2266/1/113
f 2363/1/112 2361/1/112 2263/1/112
f 2325/1/114 2211/1/114 2215/1/114
f 2325/1/114 2322/1/114 2211/1/114
f 2286/1/115 2158/1/115 2163/1/115
f 2286/1/115 2282/1/115 2158/1/115
f 2366/1/116 2267/1/116 2274/1/116
f 2366/1/116 2364/1/116 2267/1/116
f 2328/1/117 2214/1/117 2219/1/117
f 2328/1/117 2324/1/117 2214/1/117
f 2289/1/118 2162/1/118 2167/1/118
f 2289/1/118 2285/1/118 2162/1/118
f 2370/1/119 2275/1/119 2271/1/119
f 2370/1/119 2367/1/119 2275/1/119
f 2331/1/120 2218/1/120 2223/1/120
f 2331/1/120 2327/1/121 2218/1/120
f 2292/1/122 2166/1/122 2171/1/122
f 2292/1/122 2288/1/122 2166/1/122
f 2334/1/123 2222/1/123 2227/1/123
f 2334/1/123 2330/1/123 2222/1/123
f 2295/1/124 2170/1/124 2175/1/124
f 2295/1/124 2291/1/124 2170/1/124
f 2337/1/125 2226/1/125 2231/1/125
f 2337/1/125 2333/1/125 2226/1/125
f 2298/1/126 2174/1/126 2179/1/127
f 2298/1/126 2294/1/126 2174/1/126
f 2340/1/128 2230/1/128 2235/1/128
f 2340/1/128 2336/1/128 2230/1/128
f 2300/1/129 2178/1/130 2182/1/130
f 2300/1/129 2297/1/129 2178/1/130
f 2343/1/131 2234/1/131 2239/1/131
f 2343/1/131 2339/1/131 2234/1/131
f 2303/1/132 2183/1/132 2186/1/132
f 2303/1/132 2301/1/132 2183/1/132
f 2345/1/133 2238/1/133 2242/1/134
f 2345/1/133 2342/1/133 2238/1/133
f 2306/1/135 2187/1/136 2190/1/136
f 2306/1/135 2304/1/135 2187/1/136
f 2348/1/137 2243/1/137 2246/1/137
f 2348/1/137 2346/1/137 2243/1/137
f 2309/1/138 2191/1/138 2194/1/138
f 2309/1/138 2307/1/138 2191/1/138
f 2351/1/139 2247/1/139 2250/1/139
f 2351/1/139 2349/1/139 2247/1/139
f 2312/1/140 2195/1/140 2198/1/140
f 2312/1/140 2310/1/140 2195/1/140
f 2354/1/141 2251/1/141 2254/1/141
f 2354/1/141 2352/1/141 2251/1/141
f 2315/1/142 2199/1/142 2202/1/142
f 2315/1/142 2313/1/143 2199/1/142
f 2277/1/144 2269/1/144 2151/1/145
f 2277/1/144 2369/1/144 2269/1/144
f 2157/1/45 4/1/45 8/1/45
f 2157/1/45 2152/1/45 4/1/45
f 2371/1/32 2049/1/32 2147/1/32
f 2371/1/32 2278/1/32 2049/1/32
